subject,resolution_ms,model,eer
s002,1,Isolation Forest,0.245
s002,1,LSTM Autoencoder,0.2529411764705882
s002,1,Hybrid,0.24751592356687896
s002,20,Isolation Forest,0.245
s002,20,LSTM Autoencoder,0.2485082872928177
s002,20,Hybrid,0.24721311475409835
s002,30,Isolation Forest,0.24399999999999972
s002,30,LSTM Autoencoder,0.25935483870967746
s002,30,Hybrid,0.2550617283950617
s002,50,Isolation Forest,0.23500000000000026
s002,50,LSTM Autoencoder,0.24646464646464647
s002,50,Hybrid,0.24568421052631578
s002,55,Isolation Forest,0.23499999999999938
s002,55,LSTM Autoencoder,0.26193548387096777
s002,55,Hybrid,0.2673214285714286
s002,60,Isolation Forest,0.2319999999999997
s002,60,LSTM Autoencoder,0.24591836734693878
s002,60,Hybrid,0.25032258064516133
s002,65,Isolation Forest,0.28500000000000025
s002,65,LSTM Autoencoder,0.30666666666666664
s002,65,Hybrid,0.30645669291338584
s002,70,Isolation Forest,0.3
s002,70,LSTM Autoencoder,0.29834394904458594
s002,70,Hybrid,0.29623529411764704
s002,75,Isolation Forest,0.2871428571428578
s002,75,LSTM Autoencoder,0.3230344827586207
s002,75,Hybrid,0.3210958904109589
s002,80,Isolation Forest,0.2899999999999994
s002,80,LSTM Autoencoder,0.3334883720930233
s002,80,Hybrid,0.33343065693430657
s002,85,Isolation Forest,0.26499999999999974
s002,85,LSTM Autoencoder,0.34424242424242424
s002,85,Hybrid,0.32944444444444443
s002,90,Isolation Forest,0.28
s002,90,LSTM Autoencoder,0.3375342465753425
s002,90,Hybrid,0.33999999999999997
s002,95,Isolation Forest,0.2649999999999997
s002,95,LSTM Autoencoder,0.3211864406779661
s002,95,Hybrid,0.32
s002,100,Isolation Forest,0.23599999999999965
s002,100,LSTM Autoencoder,0.3226229508196722
s002,100,Hybrid,0.315
s002,150,Isolation Forest,0.34499999999999936
s002,150,LSTM Autoencoder,0.35504424778761057
s002,150,Hybrid,0.35214723926380365
s002,200,Isolation Forest,0.32500000000000034
s002,200,LSTM Autoencoder,0.42067796610169483
s002,200,Hybrid,0.42153846153846153
s002,300,Isolation Forest,0.2584615384615389
s002,300,LSTM Autoencoder,0.46956521739130436
s002,300,Hybrid,0.4695652173913043
s002,500,Isolation Forest,0.23857142857142857
s002,500,LSTM Autoencoder,0.4907692307692308
s002,500,Hybrid,0.49238095238095236
s003,1,Isolation Forest,0.17199999999999974
s003,1,LSTM Autoencoder,0.22695652173913045
s003,1,Hybrid,0.2216842105263158
s003,20,Isolation Forest,0.18800000000000025
s003,20,LSTM Autoencoder,0.22857142857142854
s003,20,Hybrid,0.22756756756756757
s003,30,Isolation Forest,0.1733333333333334
s003,30,LSTM Autoencoder,0.23304347826086957
s003,30,Hybrid,0.22926315789473684
s003,50,Isolation Forest,0.16799999999999948
s003,50,LSTM Autoencoder,0.2346666666666667
s003,50,Hybrid,0.22999999999999998
s003,55,Isolation Forest,0.19777777777777789
s003,55,LSTM Autoencoder,0.2534545454545455
s003,55,Hybrid,0.2524
s003,60,Isolation Forest,0.20799999999999944
s003,60,LSTM Autoencoder,0.2419277108433735
s003,60,Hybrid,0.2356521739130435
s003,65,Isolation Forest,0.2088888888888889
s003,65,LSTM Autoencoder,0.251304347826087
s003,65,Hybrid,0.2575903614457831
s003,70,Isolation Forest,0.248
s003,70,LSTM Autoencoder,0.27586206896551724
s003,70,Hybrid,0.26821917808219176
s003,75,Isolation Forest,0.19199999999999942
s003,75,LSTM Autoencoder,0.2665934065934066
s003,75,Hybrid,0.266046511627907
s003,80,Isolation Forest,0.24888888888888885
s003,80,LSTM Autoencoder,0.3013636363636364
s003,80,Hybrid,0.2957333333333333
s003,85,Isolation Forest,0.3160000000000006
s003,85,LSTM Autoencoder,0.33
s003,85,Hybrid,0.32677966101694916
s003,90,Isolation Forest,0.3177777777777776
s003,90,LSTM Autoencoder,0.35
s003,90,Hybrid,0.348030303030303
s003,95,Isolation Forest,0.291111111111111
s003,95,LSTM Autoencoder,0.36083333333333334
s003,95,Hybrid,0.3589189189189189
s003,100,Isolation Forest,0.3088888888888889
s003,100,LSTM Autoencoder,0.39505154639175255
s003,100,Hybrid,0.39
s003,150,Isolation Forest,0.2149999999999997
s003,150,LSTM Autoencoder,0.26315789473684215
s003,150,Hybrid,0.2632
s003,200,Isolation Forest,0.364
s003,200,LSTM Autoencoder,0.2850420168067227
s003,200,Hybrid,0.28428571428571425
s003,300,Isolation Forest,0.26
s003,300,LSTM Autoencoder,0.445625
s003,300,Hybrid,0.4452173913043478
s003,500,Isolation Forest,0.15789473684210342
s003,500,LSTM Autoencoder,0.5448275862068966
s003,500,Hybrid,0.5400000000000001
s004,1,Isolation Forest,0.1
s004,1,LSTM Autoencoder,0.12186046511627907
s004,1,Hybrid,0.11246376811594203
s004,20,Isolation Forest,0.092
s004,20,LSTM Autoencoder,0.11648351648351649
s004,20,Hybrid,0.10758620689655174
s004,30,Isolation Forest,0.08444444444444446
s004,30,LSTM Autoencoder,0.14115384615384613
s004,30,Hybrid,0.12903225806451613
s004,50,Isolation Forest,0.116
s004,50,LSTM Autoencoder,0.16634615384615384
s004,50,Hybrid,0.15439999999999998
s004,55,Isolation Forest,0.09599999999999986
s004,55,LSTM Autoencoder,0.1955
s004,55,Hybrid,0.18222222222222223
s004,60,Isolation Forest,0.11599999999999941
s004,60,LSTM Autoencoder,0.19633802816901408
s004,60,Hybrid,0.18352941176470589
s004,65,Isolation Forest,0.17857142857142833
s004,65,LSTM Autoencoder,0.216875
s004,65,Hybrid,0.2116
s004,70,Isolation Forest,0.18
s004,70,LSTM Autoencoder,0.21650793650793648
s004,70,Hybrid,0.20486956521739128
s004,75,Isolation Forest,0.184
s004,75,LSTM Autoencoder,0.27454545454545454
s004,75,Hybrid,0.2723711340206186
s004,80,Isolation Forest,0.17200000000000013
s004,80,LSTM Autoencoder,0.3211538461538461
s004,80,Hybrid,0.31672131147540983
s004,85,Isolation Forest,0.18
s004,85,LSTM Autoencoder,0.30526315789473685
s004,85,Hybrid,0.2929411764705882
s004,90,Isolation Forest,0.16799999999999987
s004,90,LSTM Autoencoder,0.29000000000000004
s004,90,Hybrid,0.281
s004,95,Isolation Forest,0.14799999999999985
s004,95,LSTM Autoencoder,0.2947826086956522
s004,95,Hybrid,0.2808450704225352
s004,100,Isolation Forest,0.15600000000000025
s004,100,LSTM Autoencoder,0.30562500000000004
s004,100,Hybrid,0.2923076923076923
s004,150,Isolation Forest,0.23000000000000062
s004,150,LSTM Autoencoder,0.2401574803149606
s004,150,Hybrid,0.23761194029850746
s004,200,Isolation Forest,0.23499999999999943
s004,200,LSTM Autoencoder,0.33529411764705885
s004,200,Hybrid,0.3336363636363636
s004,300,Isolation Forest,0.19333333333333333
s004,300,LSTM Autoencoder,0.44173913043478263
s004,300,Hybrid,0.4378947368421053
s004,500,Isolation Forest,0.16285714285714287
s004,500,LSTM Autoencoder,0.52
s004,500,Hybrid,0.52
s005,1,Isolation Forest,0.035
s005,1,LSTM Autoencoder,0.06727272727272728
s005,1,Hybrid,0.06190476190476191
s005,20,Isolation Forest,0.04400000000000026
s005,20,LSTM Autoencoder,0.07058823529411765
s005,20,Hybrid,0.06941176470588237
s005,30,Isolation Forest,0.04
s005,30,LSTM Autoencoder,0.07666666666666666
s005,30,Hybrid,0.07563636363636364
s005,50,Isolation Forest,0.08444444444444449
s005,50,LSTM Autoencoder,0.09880952380952382
s005,50,Hybrid,0.09551724137931035
s005,55,Isolation Forest,0.06
s005,55,LSTM Autoencoder,0.09195402298850575
s005,55,Hybrid,0.08097560975609755
s005,60,Isolation Forest,0.07499999999999943
s005,60,LSTM Autoencoder,0.14
s005,60,Hybrid,0.13777777777777778
s005,65,Isolation Forest,0.08222222222222217
s005,65,LSTM Autoencoder,0.15610169491525425
s005,65,Hybrid,0.15555555555555556
s005,70,Isolation Forest,0.11
s005,70,LSTM Autoencoder,0.20676056338028168
s005,70,Hybrid,0.19552631578947371
s005,75,Isolation Forest,0.11600000000000016
s005,75,LSTM Autoencoder,0.2097560975609756
s005,75,Hybrid,0.20252100840336132
s005,80,Isolation Forest,0.17500000000000027
s005,80,LSTM Autoencoder,0.28910891089108914
s005,80,Hybrid,0.2777777777777778
s005,85,Isolation Forest,0.2100000000000003
s005,85,LSTM Autoencoder,0.2702290076335878
s005,85,Hybrid,0.2617391304347826
s005,90,Isolation Forest,0.20400000000000013
s005,90,LSTM Autoencoder,0.25044776119402984
s005,90,Hybrid,0.2381651376146789
s005,95,Isolation Forest,0.1499999999999997
s005,95,LSTM Autoencoder,0.22423357664233576
s005,95,Hybrid,0.21567999999999998
s005,100,Isolation Forest,0.15857142857142859
s005,100,LSTM Autoencoder,0.2332051282051282
s005,100,Hybrid,0.22732394366197184
s005,150,Isolation Forest,0.2244444444444444
s005,150,LSTM Autoencoder,0.20694736842105266
s005,150,Hybrid,0.20298507462686566
s005,200,Isolation Forest,0.3614285714285709
s005,200,LSTM Autoencoder,0.4074418604651163
s005,200,Hybrid,0.40454545454545454
s005,300,Isolation Forest,0.25499999999999956
s005,300,LSTM Autoencoder,0.46307692307692305
s005,300,Hybrid,0.46153846153846156
s005,500,Isolation Forest,0.26
s005,500,LSTM Autoencoder,0.57
s005,500,Hybrid,0.5699999999999998
s007,1,Isolation Forest,0.10499999999999973
s007,1,LSTM Autoencoder,0.10342541436464085
s007,1,Hybrid,0.09583815028901735
s007,20,Isolation Forest,0.11199999999999946
s007,20,LSTM Autoencoder,0.09709677419354841
s007,20,Hybrid,0.09968586387434555
s007,30,Isolation Forest,0.11555555555555544
s007,30,LSTM Autoencoder,0.12193832599118942
s007,30,Hybrid,0.12016949152542372
s007,50,Isolation Forest,0.0960000000000006
s007,50,LSTM Autoencoder,0.11908794788273613
s007,50,Hybrid,0.11159159159159157
s007,55,Isolation Forest,0.1080000000000003
s007,55,LSTM Autoencoder,0.15815217391304348
s007,55,Hybrid,0.1573626373626374
s007,60,Isolation Forest,0.1079999999999994
s007,60,LSTM Autoencoder,0.16347222222222219
s007,60,Hybrid,0.15020408163265306
s007,65,Isolation Forest,0.13599999999999973
s007,65,LSTM Autoencoder,0.20473867595818815
s007,65,Hybrid,0.1931306990881459
s007,70,Isolation Forest,0.13
s007,70,LSTM Autoencoder,0.21621621621621623
s007,70,Hybrid,0.20020725388601035
s007,75,Isolation Forest,0.1559999999999997
s007,75,LSTM Autoencoder,0.2419753086419753
s007,75,Hybrid,0.23925925925925925
s007,80,Isolation Forest,0.1549999999999994
s007,80,LSTM Autoencoder,0.21749303621169913
s007,80,Hybrid,0.2052987012987013
s007,85,Isolation Forest,0.1349999999999994
s007,85,LSTM Autoencoder,0.2367213114754098
s007,85,Hybrid,0.23558823529411765
s007,90,Isolation Forest,0.11333333333333345
s007,90,LSTM Autoencoder,0.24428571428571427
s007,90,Hybrid,0.23663157894736842
s007,95,Isolation Forest,0.1
s007,95,LSTM Autoencoder,0.21476923076923077
s007,95,Hybrid,0.20845238095238094
s007,100,Isolation Forest,0.1040000000000003
s007,100,LSTM Autoencoder,0.23333333333333334
s007,100,Hybrid,0.22542372881355932
s007,150,Isolation Forest,0.14
s007,150,LSTM Autoencoder,0.17357798165137617
s007,150,Hybrid,0.16185714285714287
s007,200,Isolation Forest,0.16800000000000076
s007,200,LSTM Autoencoder,0.305
s007,200,Hybrid,0.3104347826086957
s007,300,Isolation Forest,0.06
s007,300,LSTM Autoencoder,0.38291262135922344
s007,300,Hybrid,0.38242990654205594
s007,500,Isolation Forest,0.1
s007,500,LSTM Autoencoder,0.42
s007,500,Hybrid,0.42
s008,1,Isolation Forest,0.064
s008,1,LSTM Autoencoder,0.09397260273972603
s008,1,Hybrid,0.0873103448275862
s008,20,Isolation Forest,0.07200000000000026
s008,20,LSTM Autoencoder,0.09941176470588237
s008,20,Hybrid,0.09393939393939393
s008,30,Isolation Forest,0.07200000000000001
s008,30,LSTM Autoencoder,0.10459016393442622
s008,30,Hybrid,0.09904109589041096
s008,50,Isolation Forest,0.084
s008,50,LSTM Autoencoder,0.10149253731343283
s008,50,Hybrid,0.10243902439024391
s008,55,Isolation Forest,0.08800000000000027
s008,55,LSTM Autoencoder,0.1216326530612245
s008,55,Hybrid,0.11419354838709678
s008,60,Isolation Forest,0.1039999999999988
s008,60,LSTM Autoencoder,0.13462897526501766
s008,60,Hybrid,0.13306451612903225
s008,65,Isolation Forest,0.104
s008,65,LSTM Autoencoder,0.1362162162162162
s008,65,Hybrid,0.12604651162790698
s008,70,Isolation Forest,0.124
s008,70,LSTM Autoencoder,0.16190114068441064
s008,70,Hybrid,0.15447761194029852
s008,75,Isolation Forest,0.13199999999999973
s008,75,LSTM Autoencoder,0.1896551724137931
s008,75,Hybrid,0.18571428571428572
s008,80,Isolation Forest,0.12
s008,80,LSTM Autoencoder,0.1970414201183432
s008,80,Hybrid,0.19584905660377358
s008,85,Isolation Forest,0.11499999999999988
s008,85,LSTM Autoencoder,0.20869565217391306
s008,85,Hybrid,0.2076923076923077
s008,90,Isolation Forest,0.12999999999999973
s008,90,LSTM Autoencoder,0.21902439024390244
s008,90,Hybrid,0.22056338028169015
s008,95,Isolation Forest,0.10399999999999987
s008,95,LSTM Autoencoder,0.20911999999999997
s008,95,Hybrid,0.20484472049689442
s008,100,Isolation Forest,0.10499999999999973
s008,100,LSTM Autoencoder,0.19714285714285715
s008,100,Hybrid,0.1869767441860465
s008,150,Isolation Forest,0.17199999999999968
s008,150,LSTM Autoencoder,0.196318407960199
s008,150,Hybrid,0.2024742268041237
s008,200,Isolation Forest,0.18
s008,200,LSTM Autoencoder,0.2911926605504587
s008,200,Hybrid,0.29
s008,300,Isolation Forest,0.1040000000000005
s008,300,LSTM Autoencoder,0.4
s008,300,Hybrid,0.4
s008,500,Isolation Forest,0.13368421052631302
s008,500,LSTM Autoencoder,0.4423529411764706
s008,500,Hybrid,0.44153846153846155
s010,1,Isolation Forest,0.011999999999999882
s010,1,LSTM Autoencoder,0.046
s010,1,Hybrid,0.04064516129032258
s010,20,Isolation Forest,0.028
s010,20,LSTM Autoencoder,0.051875
s010,20,Hybrid,0.04947368421052631
s010,30,Isolation Forest,0.04
s010,30,LSTM Autoencoder,0.05560000000000001
s010,30,Hybrid,0.04823529411764706
s010,50,Isolation Forest,0.04800000000000028
s010,50,LSTM Autoencoder,0.06444444444444444
s010,50,Hybrid,0.058709677419354844
s010,55,Isolation Forest,0.06
s010,55,LSTM Autoencoder,0.09571428571428572
s010,55,Hybrid,0.09191489361702126
s010,60,Isolation Forest,0.075
s010,60,LSTM Autoencoder,0.11823529411764705
s010,60,Hybrid,0.11555555555555555
s010,65,Isolation Forest,0.052000000000000005
s010,65,LSTM Autoencoder,0.098125
s010,65,Hybrid,0.09571428571428571
s010,70,Isolation Forest,0.07499999999999973
s010,70,LSTM Autoencoder,0.10842105263157895
s010,70,Hybrid,0.1
s010,75,Isolation Forest,0.06799999999999973
s010,75,LSTM Autoencoder,0.11818181818181818
s010,75,Hybrid,0.11600000000000002
s010,80,Isolation Forest,0.06
s010,80,LSTM Autoencoder,0.14333333333333334
s010,80,Hybrid,0.13857142857142857
s010,85,Isolation Forest,0.06
s010,85,LSTM Autoencoder,0.13833333333333334
s010,85,Hybrid,0.13130434782608696
s010,90,Isolation Forest,0.06499999999999968
s010,90,LSTM Autoencoder,0.12608695652173912
s010,90,Hybrid,0.12
s010,95,Isolation Forest,0.05199999999999936
s010,95,LSTM Autoencoder,0.09034482758620689
s010,95,Hybrid,0.08625
s010,100,Isolation Forest,0.06400000000000061
s010,100,LSTM Autoencoder,0.0982608695652174
s010,100,Hybrid,0.0975
s010,150,Isolation Forest,0.1150000000000003
s010,150,LSTM Autoencoder,0.17333333333333334
s010,150,Hybrid,0.1724137931034483
s010,200,Isolation Forest,0.1350000000000008
s010,200,LSTM Autoencoder,0.32500000000000007
s010,200,Hybrid,0.3230769230769231
s010,300,Isolation Forest,0.11
s010,300,LSTM Autoencoder,0.39200000000000024
s010,300,Hybrid,0.3919999999999998
s010,500,Isolation Forest,0.128
s010,500,LSTM Autoencoder,0.43199999999999966
s010,500,Hybrid,0.4320000000000007
s011,1,Isolation Forest,0.05599999999999987
s011,1,LSTM Autoencoder,0.12880000000000003
s011,1,Hybrid,0.12074074074074073
s011,20,Isolation Forest,0.06500000000000025
s011,20,LSTM Autoencoder,0.1253125
s011,20,Hybrid,0.12057971014492753
s011,30,Isolation Forest,0.06
s011,30,LSTM Autoencoder,0.13593220338983053
s011,30,Hybrid,0.13054545454545455
s011,50,Isolation Forest,0.06400000000000025
s011,50,LSTM Autoencoder,0.13084745762711864
s011,50,Hybrid,0.1235
s011,55,Isolation Forest,0.06400000000000028
s011,55,LSTM Autoencoder,0.13917808219178082
s011,55,Hybrid,0.1375
s011,60,Isolation Forest,0.07
s011,60,LSTM Autoencoder,0.13578947368421054
s011,60,Hybrid,0.12853932584269662
s011,65,Isolation Forest,0.07199999999999943
s011,65,LSTM Autoencoder,0.14037735849056604
s011,65,Hybrid,0.13111111111111112
s011,70,Isolation Forest,0.07
s011,70,LSTM Autoencoder,0.14938775510204083
s011,70,Hybrid,0.136
s011,75,Isolation Forest,0.08400000000000062
s011,75,LSTM Autoencoder,0.1709090909090909
s011,75,Hybrid,0.16702702702702701
s011,80,Isolation Forest,0.08444444444444457
s011,80,LSTM Autoencoder,0.16953846153846153
s011,80,Hybrid,0.16273972602739725
s011,85,Isolation Forest,0.12
s011,85,LSTM Autoencoder,0.20774193548387096
s011,85,Hybrid,0.19889908256880734
s011,90,Isolation Forest,0.14799999999999944
s011,90,LSTM Autoencoder,0.2108860759493671
s011,90,Hybrid,0.20794117647058824
s011,95,Isolation Forest,0.14
s011,95,LSTM Autoencoder,0.21384615384615385
s011,95,Hybrid,0.20695652173913043
s011,100,Isolation Forest,0.15
s011,100,LSTM Autoencoder,0.22203389830508474
s011,100,Hybrid,0.21348837209302324
s011,150,Isolation Forest,0.10800000000000032
s011,150,LSTM Autoencoder,0.17529411764705882
s011,150,Hybrid,0.171044776119403
s011,200,Isolation Forest,0.22
s011,200,LSTM Autoencoder,0.21906542056074763
s011,200,Hybrid,0.21435897435897436
s011,300,Isolation Forest,0.17000000000000084
s011,300,LSTM Autoencoder,0.29826086956521736
s011,300,Hybrid,0.29333333333333333
s011,500,Isolation Forest,0.08000000000000324
s011,500,LSTM Autoencoder,0.46
s011,500,Hybrid,0.46
s012,1,Isolation Forest,0.02799999999999974
s012,1,LSTM Autoencoder,0.11386666666666667
s012,1,Hybrid,0.09533333333333334
s012,20,Isolation Forest,0.02800000000000013
s012,20,LSTM Autoencoder,0.10765957446808512
s012,20,Hybrid,0.09777777777777778
s012,30,Isolation Forest,0.025000000000000255
s012,30,LSTM Autoencoder,0.12131578947368421
s012,30,Hybrid,0.09739130434782609
s012,50,Isolation Forest,0.05600000000000026
s012,50,LSTM Autoencoder,0.11875
s012,50,Hybrid,0.1084
s012,55,Isolation Forest,0.06
s012,55,LSTM Autoencoder,0.11675675675675676
s012,55,Hybrid,0.10823529411764705
s012,60,Isolation Forest,0.05111111111111108
s012,60,LSTM Autoencoder,0.13
s012,60,Hybrid,0.10812500000000001
s012,65,Isolation Forest,0.056000000000000265
s012,65,LSTM Autoencoder,0.15176470588235294
s012,65,Hybrid,0.12465116279069768
s012,70,Isolation Forest,0.04
s012,70,LSTM Autoencoder,0.16789473684210526
s012,70,Hybrid,0.14107142857142857
s012,75,Isolation Forest,0.03599999999999973
s012,75,LSTM Autoencoder,0.18912280701754386
s012,75,Hybrid,0.17333333333333334
s012,80,Isolation Forest,0.05199999999999971
s012,80,LSTM Autoencoder,0.23822580645161287
s012,80,Hybrid,0.21620689655172415
s012,85,Isolation Forest,0.0639999999999997
s012,85,LSTM Autoencoder,0.26054794520547947
s012,85,Hybrid,0.2366666666666667
s012,90,Isolation Forest,0.1
s012,90,LSTM Autoencoder,0.2948235294117647
s012,90,Hybrid,0.27827160493827163
s012,95,Isolation Forest,0.12
s012,95,LSTM Autoencoder,0.3132258064516129
s012,95,Hybrid,0.295049504950495
s012,100,Isolation Forest,0.18
s012,100,LSTM Autoencoder,0.35654676258992807
s012,100,Hybrid,0.3358139534883722
s012,150,Isolation Forest,0.10400000000000013
s012,150,LSTM Autoencoder,0.21963636363636363
s012,150,Hybrid,0.20964285714285713
s012,200,Isolation Forest,0.22736842105263158
s012,200,LSTM Autoencoder,0.23388235294117649
s012,200,Hybrid,0.22818181818181818
s012,300,Isolation Forest,0.27
s012,300,LSTM Autoencoder,0.5219047619047619
s012,300,Hybrid,0.5211764705882354
s012,500,Isolation Forest,0.1360000000000006
s012,500,LSTM Autoencoder,0.5799999999999998
s012,500,Hybrid,0.5800000000000001
s013,1,Isolation Forest,0.05000000000000049
s013,1,LSTM Autoencoder,0.11754385964912281
s013,1,Hybrid,0.11294117647058824
s013,20,Isolation Forest,0.055
s013,20,LSTM Autoencoder,0.12296875
s013,20,Hybrid,0.11395348837209303
s013,30,Isolation Forest,0.04888888888888889
s013,30,LSTM Autoencoder,0.12352000000000002
s013,30,Hybrid,0.1163963963963964
s013,50,Isolation Forest,0.06
s013,50,LSTM Autoencoder,0.14170542635658914
s013,50,Hybrid,0.131496062992126
s013,55,Isolation Forest,0.08
s013,55,LSTM Autoencoder,0.1593700787401575
s013,55,Hybrid,0.15
s013,60,Isolation Forest,0.0850000000000003
s013,60,LSTM Autoencoder,0.1643809523809524
s013,60,Hybrid,0.15607142857142858
s013,65,Isolation Forest,0.07599999999999942
s013,65,LSTM Autoencoder,0.16927999999999999
s013,65,Hybrid,0.16277227722772278
s013,70,Isolation Forest,0.08666666666666675
s013,70,LSTM Autoencoder,0.1884536082474227
s013,70,Hybrid,0.18
s013,75,Isolation Forest,0.1
s013,75,LSTM Autoencoder,0.19789473684210526
s013,75,Hybrid,0.1936
s013,80,Isolation Forest,0.07999999999999888
s013,80,LSTM Autoencoder,0.22444444444444445
s013,80,Hybrid,0.21333333333333332
s013,85,Isolation Forest,0.08
s013,85,LSTM Autoencoder,0.22328125
s013,85,Hybrid,0.21548387096774194
s013,90,Isolation Forest,0.08
s013,90,LSTM Autoencoder,0.21804878048780488
s013,90,Hybrid,0.21080459770114943
s013,95,Isolation Forest,0.08
s013,95,LSTM Autoencoder,0.19306666666666666
s013,95,Hybrid,0.1917241379310345
s013,100,Isolation Forest,0.08500000000000094
s013,100,LSTM Autoencoder,0.17868852459016393
s013,100,Hybrid,0.1792700729927007
s013,150,Isolation Forest,0.12666666666666657
s013,150,LSTM Autoencoder,0.23070422535211266
s013,150,Hybrid,0.23
s013,200,Isolation Forest,0.10571428571428537
s013,200,LSTM Autoencoder,0.2589473684210526
s013,200,Hybrid,0.25423076923076926
s013,300,Isolation Forest,0.068
s013,300,LSTM Autoencoder,0.36294117647058816
s013,300,Hybrid,0.3600000000000001
s013,500,Isolation Forest,0.1
s013,500,LSTM Autoencoder,0.43500000000000005
s013,500,Hybrid,0.43499999999999994
s015,1,Isolation Forest,0.112
s015,1,LSTM Autoencoder,0.14463157894736844
s015,1,Hybrid,0.13648351648351648
s015,20,Isolation Forest,0.12
s015,20,LSTM Autoencoder,0.1518421052631579
s015,20,Hybrid,0.14666666666666667
s015,30,Isolation Forest,0.132
s015,30,LSTM Autoencoder,0.13466666666666666
s015,30,Hybrid,0.13204545454545458
s015,50,Isolation Forest,0.16315789473684217
s015,50,LSTM Autoencoder,0.14591304347826087
s015,50,Hybrid,0.14392156862745098
s015,55,Isolation Forest,0.15333333333333338
s015,55,LSTM Autoencoder,0.1822680412371134
s015,55,Hybrid,0.17126050420168068
s015,60,Isolation Forest,0.18
s015,60,LSTM Autoencoder,0.18336283185840707
s015,60,Hybrid,0.18376470588235294
s015,65,Isolation Forest,0.13500000000000037
s015,65,LSTM Autoencoder,0.17801652892561984
s015,65,Hybrid,0.17137614678899082
s015,70,Isolation Forest,0.16
s015,70,LSTM Autoencoder,0.17833333333333334
s015,70,Hybrid,0.16627118644067795
s015,75,Isolation Forest,0.15500000000000014
s015,75,LSTM Autoencoder,0.1753846153846154
s015,75,Hybrid,0.16999999999999998
s015,80,Isolation Forest,0.132
s015,80,LSTM Autoencoder,0.17692307692307693
s015,80,Hybrid,0.16753246753246753
s015,85,Isolation Forest,0.14000000000000065
s015,85,LSTM Autoencoder,0.1976
s015,85,Hybrid,0.18509090909090908
s015,90,Isolation Forest,0.15999999999999936
s015,90,LSTM Autoencoder,0.18352941176470589
s015,90,Hybrid,0.18119402985074629
s015,95,Isolation Forest,0.15199999999999986
s015,95,LSTM Autoencoder,0.19373493975903613
s015,95,Hybrid,0.18444444444444447
s015,100,Isolation Forest,0.16
s015,100,LSTM Autoencoder,0.18000000000000002
s015,100,Hybrid,0.1723076923076923
s015,150,Isolation Forest,0.16888888888888898
s015,150,LSTM Autoencoder,0.21558139534883722
s015,150,Hybrid,0.21294117647058824
s015,200,Isolation Forest,0.1650000000000003
s015,200,LSTM Autoencoder,0.2958620689655172
s015,200,Hybrid,0.29130434782608694
s015,300,Isolation Forest,0.1533333333333332
s015,300,LSTM Autoencoder,0.3658064516129032
s015,300,Hybrid,0.36249999999999993
s015,500,Isolation Forest,0.1080000000000011
s015,500,LSTM Autoencoder,0.4516666666666665
s015,500,Hybrid,0.4516666666666668
s016,1,Isolation Forest,0.2099999999999997
s016,1,LSTM Autoencoder,0.2035294117647059
s016,1,Hybrid,0.18226415094339624
s016,20,Isolation Forest,0.2022222222222222
s016,20,LSTM Autoencoder,0.198
s016,20,Hybrid,0.18583333333333335
s016,30,Isolation Forest,0.2369230769230769
s016,30,LSTM Autoencoder,0.2189473684210526
s016,30,Hybrid,0.20763636363636365
s016,50,Isolation Forest,0.23000000000000048
s016,50,LSTM Autoencoder,0.26272727272727275
s016,50,Hybrid,0.25187499999999996
s016,55,Isolation Forest,0.26
s016,55,LSTM Autoencoder,0.26625
s016,55,Hybrid,0.26095238095238094
s016,60,Isolation Forest,0.264
s016,60,LSTM Autoencoder,0.28638297872340424
s016,60,Hybrid,0.281875
s016,65,Isolation Forest,0.29333333333333333
s016,65,LSTM Autoencoder,0.34888888888888886
s016,65,Hybrid,0.34153846153846157
s016,70,Isolation Forest,0.34
s016,70,LSTM Autoencoder,0.3353846153846154
s016,70,Hybrid,0.33555555555555555
s016,75,Isolation Forest,0.4149999999999997
s016,75,LSTM Autoencoder,0.35913043478260864
s016,75,Hybrid,0.35780821917808214
s016,80,Isolation Forest,0.4
s016,80,LSTM Autoencoder,0.3930769230769231
s016,80,Hybrid,0.38833333333333336
s016,85,Isolation Forest,0.38499999999999984
s016,85,LSTM Autoencoder,0.41674418604651164
s016,85,Hybrid,0.40792452830188675
s016,90,Isolation Forest,0.3666666666666666
s016,90,LSTM Autoencoder,0.41
s016,90,Hybrid,0.4066666666666667
s016,95,Isolation Forest,0.255
s016,95,LSTM Autoencoder,0.39827586206896554
s016,95,Hybrid,0.38875000000000004
s016,100,Isolation Forest,0.2699999999999997
s016,100,LSTM Autoencoder,0.40516129032258064
s016,100,Hybrid,0.39649999999999996
s016,150,Isolation Forest,0.3959999999999993
s016,150,LSTM Autoencoder,0.34153846153846157
s016,150,Hybrid,0.3426666666666667
s016,200,Isolation Forest,0.4100000000000008
s016,200,LSTM Autoencoder,0.49578947368421056
s016,200,Hybrid,0.49578947368421056
s016,300,Isolation Forest,0.34999999999999687
s016,300,LSTM Autoencoder,0.5050000000000001
s016,300,Hybrid,0.505
s016,500,Isolation Forest,0.35199999999999687
s016,500,LSTM Autoencoder,0.5533333333333333
s016,500,Hybrid,0.5550000000000002
s017,1,Isolation Forest,0.02500000000000075
s017,1,LSTM Autoencoder,0.03560975609756098
s017,1,Hybrid,0.036250000000000004
s017,20,Isolation Forest,0.04
s017,20,LSTM Autoencoder,0.036774193548387096
s017,20,Hybrid,0.03545454545454546
s017,30,Isolation Forest,0.05
s017,30,LSTM Autoencoder,0.04285714285714286
s017,30,Hybrid,0.04181818181818182
s017,50,Isolation Forest,0.044
s017,50,LSTM Autoencoder,0.047368421052631574
s017,50,Hybrid,0.04833333333333333
s017,55,Isolation Forest,0.05
s017,55,LSTM Autoencoder,0.07272727272727272
s017,55,Hybrid,0.07543859649122807
s017,60,Isolation Forest,0.054999999999999466
s017,60,LSTM Autoencoder,0.06484848484848484
s017,60,Hybrid,0.06083333333333332
s017,65,Isolation Forest,0.05499999999999946
s017,65,LSTM Autoencoder,0.07047619047619047
s017,65,Hybrid,0.06888888888888889
s017,70,Isolation Forest,0.06
s017,70,LSTM Autoencoder,0.05111111111111111
s017,70,Hybrid,0.050303030303030294
s017,75,Isolation Forest,0.07000000000000067
s017,75,LSTM Autoencoder,0.08666666666666667
s017,75,Hybrid,0.08461538461538462
s017,80,Isolation Forest,0.06499999999999967
s017,80,LSTM Autoencoder,0.06260869565217392
s017,80,Hybrid,0.06222222222222222
s017,85,Isolation Forest,0.055000000000000736
s017,85,LSTM Autoencoder,0.06918918918918919
s017,85,Hybrid,0.06746666666666666
s017,90,Isolation Forest,0.06500000000000034
s017,90,LSTM Autoencoder,0.08611111111111111
s017,90,Hybrid,0.08941176470588236
s017,95,Isolation Forest,0.06
s017,95,LSTM Autoencoder,0.09777777777777778
s017,95,Hybrid,0.09333333333333335
s017,100,Isolation Forest,0.06400000000000128
s017,100,LSTM Autoencoder,0.10421052631578948
s017,100,Hybrid,0.10558139534883723
s017,150,Isolation Forest,0.1319999999999985
s017,150,LSTM Autoencoder,0.15142857142857147
s017,150,Hybrid,0.15230769230769237
s017,200,Isolation Forest,0.1
s017,200,LSTM Autoencoder,0.25333333333333335
s017,200,Hybrid,0.252
s017,300,Isolation Forest,0.12
s017,300,LSTM Autoencoder,0.36
s017,300,Hybrid,0.36
s017,500,Isolation Forest,0.22
s017,500,LSTM Autoencoder,0.41
s017,500,Hybrid,0.4099999999999997
s018,1,Isolation Forest,0.12
s018,1,LSTM Autoencoder,0.14400000000000002
s018,1,Hybrid,0.13548387096774195
s018,20,Isolation Forest,0.11500000000000013
s018,20,LSTM Autoencoder,0.14243478260869566
s018,20,Hybrid,0.1423762376237624
s018,30,Isolation Forest,0.10999999999999974
s018,30,LSTM Autoencoder,0.1424561403508772
s018,30,Hybrid,0.13866666666666666
s018,50,Isolation Forest,0.116
s018,50,LSTM Autoencoder,0.17410714285714285
s018,50,Hybrid,0.1704424778761062
s018,55,Isolation Forest,0.12499999999999986
s018,55,LSTM Autoencoder,0.1991489361702128
s018,55,Hybrid,0.19041095890410958
s018,60,Isolation Forest,0.14
s018,60,LSTM Autoencoder,0.17803278688524588
s018,60,Hybrid,0.16455696202531647
s018,65,Isolation Forest,0.152
s018,65,LSTM Autoencoder,0.1963106796116505
s018,65,Hybrid,0.18982142857142859
s018,70,Isolation Forest,0.1707692307692307
s018,70,LSTM Autoencoder,0.19771929824561402
s018,70,Hybrid,0.1897196261682243
s018,75,Isolation Forest,0.18800000000000028
s018,75,LSTM Autoencoder,0.2138317757009346
s018,75,Hybrid,0.22063157894736843
s018,80,Isolation Forest,0.25
s018,80,LSTM Autoencoder,0.2740425531914894
s018,80,Hybrid,0.2739473684210526
s018,85,Isolation Forest,0.21499999999999986
s018,85,LSTM Autoencoder,0.26888888888888884
s018,85,Hybrid,0.26071428571428573
s018,90,Isolation Forest,0.21600000000000014
s018,90,LSTM Autoencoder,0.2922105263157895
s018,90,Hybrid,0.27759398496240606
s018,95,Isolation Forest,0.20461538461538448
s018,95,LSTM Autoencoder,0.26293333333333335
s018,95,Hybrid,0.26181818181818184
s018,100,Isolation Forest,0.20400000000000013
s018,100,LSTM Autoencoder,0.27384615384615385
s018,100,Hybrid,0.2688659793814433
s018,150,Isolation Forest,0.1959999999999994
s018,150,LSTM Autoencoder,0.19313432835820896
s018,150,Hybrid,0.18458333333333332
s018,200,Isolation Forest,0.3
s018,200,LSTM Autoencoder,0.31679999999999997
s018,200,Hybrid,0.320625
s018,300,Isolation Forest,0.232
s018,300,LSTM Autoencoder,0.42553191489361697
s018,300,Hybrid,0.4145762711864407
s018,500,Isolation Forest,0.1650000000000021
s018,500,LSTM Autoencoder,0.508
s018,500,Hybrid,0.5061538461538462
s019,1,Isolation Forest,0.04
s019,1,LSTM Autoencoder,0.06470588235294117
s019,1,Hybrid,0.060000000000000005
s019,20,Isolation Forest,0.04800000000000025
s019,20,LSTM Autoencoder,0.06972972972972974
s019,20,Hybrid,0.06615384615384615
s019,30,Isolation Forest,0.04500000000000025
s019,30,LSTM Autoencoder,0.07272727272727272
s019,30,Hybrid,0.07133333333333333
s019,50,Isolation Forest,0.056000000000000286
s019,50,LSTM Autoencoder,0.10666666666666667
s019,50,Hybrid,0.10260869565217391
s019,55,Isolation Forest,0.06
s019,55,LSTM Autoencoder,0.12162162162162161
s019,55,Hybrid,0.11515151515151514
s019,60,Isolation Forest,0.076
s019,60,LSTM Autoencoder,0.124
s019,60,Hybrid,0.11783783783783783
s019,65,Isolation Forest,0.08
s019,65,LSTM Autoencoder,0.15121951219512192
s019,65,Hybrid,0.14702702702702702
s019,70,Isolation Forest,0.08
s019,70,LSTM Autoencoder,0.1426086956521739
s019,70,Hybrid,0.1341176470588235
s019,75,Isolation Forest,0.10399999999999973
s019,75,LSTM Autoencoder,0.14769230769230768
s019,75,Hybrid,0.14352941176470588
s019,80,Isolation Forest,0.13000000000000028
s019,80,LSTM Autoencoder,0.19161290322580646
s019,80,Hybrid,0.19090909090909092
s019,85,Isolation Forest,0.108
s019,85,LSTM Autoencoder,0.15473684210526317
s019,85,Hybrid,0.1535
s019,90,Isolation Forest,0.11500000000000027
s019,90,LSTM Autoencoder,0.15573333333333336
s019,90,Hybrid,0.15191489361702126
s019,95,Isolation Forest,0.11333333333333334
s019,95,LSTM Autoencoder,0.17714285714285713
s019,95,Hybrid,0.17333333333333334
s019,100,Isolation Forest,0.12
s019,100,LSTM Autoencoder,0.20108108108108108
s019,100,Hybrid,0.2008695652173913
s019,150,Isolation Forest,0.13000000000000064
s019,150,LSTM Autoencoder,0.3180487804878049
s019,150,Hybrid,0.3154166666666667
s019,200,Isolation Forest,0.19285714285714395
s019,200,LSTM Autoencoder,0.34
s019,200,Hybrid,0.34
s019,300,Isolation Forest,0.19500000000000045
s019,300,LSTM Autoencoder,0.46
s019,300,Hybrid,0.46
s019,500,Isolation Forest,0.235
s019,500,LSTM Autoencoder,0.44
s019,500,Hybrid,0.44370370370370227
s020,1,Isolation Forest,0.1
s020,1,LSTM Autoencoder,0.14595744680851064
s020,1,Hybrid,0.13583333333333333
s020,20,Isolation Forest,0.104
s020,20,LSTM Autoencoder,0.14028985507246378
s020,20,Hybrid,0.1248
s020,30,Isolation Forest,0.1
s020,30,LSTM Autoencoder,0.15675675675675677
s020,30,Hybrid,0.155
s020,50,Isolation Forest,0.1266666666666667
s020,50,LSTM Autoencoder,0.19333333333333333
s020,50,Hybrid,0.17194805194805196
s020,55,Isolation Forest,0.14888888888888888
s020,55,LSTM Autoencoder,0.23506849315068493
s020,55,Hybrid,0.22181818181818183
s020,60,Isolation Forest,0.14
s020,60,LSTM Autoencoder,0.23512195121951218
s020,60,Hybrid,0.23333333333333334
s020,65,Isolation Forest,0.14
s020,65,LSTM Autoencoder,0.27714285714285714
s020,65,Hybrid,0.26064516129032256
s020,70,Isolation Forest,0.1542857142857139
s020,70,LSTM Autoencoder,0.28400000000000003
s020,70,Hybrid,0.26764705882352946
s020,75,Isolation Forest,0.22
s020,75,LSTM Autoencoder,0.3331764705882353
s020,75,Hybrid,0.318125
s020,80,Isolation Forest,0.2120000000000003
s020,80,LSTM Autoencoder,0.3234782608695652
s020,80,Hybrid,0.3141176470588235
s020,85,Isolation Forest,0.20857142857142869
s020,85,LSTM Autoencoder,0.35610389610389614
s020,85,Hybrid,0.34695652173913044
s020,90,Isolation Forest,0.22
s020,90,LSTM Autoencoder,0.3687272727272727
s020,90,Hybrid,0.3666666666666667
s020,95,Isolation Forest,0.21199999999999986
s020,95,LSTM Autoencoder,0.3359183673469388
s020,95,Hybrid,0.32163265306122446
s020,100,Isolation Forest,0.21199999999999958
s020,100,LSTM Autoencoder,0.34347826086956523
s020,100,Hybrid,0.32947368421052636
s020,150,Isolation Forest,0.22444444444444445
s020,150,LSTM Autoencoder,0.2405263157894737
s020,150,Hybrid,0.23789473684210527
s020,200,Isolation Forest,0.32
s020,200,LSTM Autoencoder,0.4231034482758621
s020,200,Hybrid,0.42186046511627906
s020,300,Isolation Forest,0.3239999999999996
s020,300,LSTM Autoencoder,0.5138461538461538
s020,300,Hybrid,0.5138461538461538
s020,500,Isolation Forest,0.22
s020,500,LSTM Autoencoder,0.5614285714285714
s020,500,Hybrid,0.56
s021,1,Isolation Forest,0.12
s021,1,LSTM Autoencoder,0.14
s021,1,Hybrid,0.13545454545454547
s021,20,Isolation Forest,0.12
s021,20,LSTM Autoencoder,0.13
s021,20,Hybrid,0.126
s021,30,Isolation Forest,0.12
s021,30,LSTM Autoencoder,0.14200000000000002
s021,30,Hybrid,0.1336
s021,50,Isolation Forest,0.12
s021,50,LSTM Autoencoder,0.14258064516129032
s021,50,Hybrid,0.13555555555555554
s021,55,Isolation Forest,0.14800000000000058
s021,55,LSTM Autoencoder,0.1758490566037736
s021,55,Hybrid,0.17767441860465114
s021,60,Isolation Forest,0.16222222222222224
s021,60,LSTM Autoencoder,0.16
s021,60,Hybrid,0.16090909090909092
s021,65,Isolation Forest,0.16
s021,65,LSTM Autoencoder,0.19033333333333335
s021,65,Hybrid,0.18406779661016948
s021,70,Isolation Forest,0.16
s021,70,LSTM Autoencoder,0.20882352941176469
s021,70,Hybrid,0.20595744680851064
s021,75,Isolation Forest,0.16
s021,75,LSTM Autoencoder,0.2298181818181818
s021,75,Hybrid,0.22516129032258064
s021,80,Isolation Forest,0.156
s021,80,LSTM Autoencoder,0.25148936170212766
s021,80,Hybrid,0.24390243902439024
s021,85,Isolation Forest,0.14000000000000068
s021,85,LSTM Autoencoder,0.24869565217391304
s021,85,Hybrid,0.23538461538461536
s021,90,Isolation Forest,0.14888888888888885
s021,90,LSTM Autoencoder,0.23297297297297298
s021,90,Hybrid,0.22526315789473683
s021,95,Isolation Forest,0.14
s021,95,LSTM Autoencoder,0.21485714285714286
s021,95,Hybrid,0.20666666666666667
s021,100,Isolation Forest,0.14
s021,100,LSTM Autoencoder,0.19866666666666669
s021,100,Hybrid,0.18615384615384614
s021,150,Isolation Forest,0.22526315789473733
s021,150,LSTM Autoencoder,0.25375000000000003
s021,150,Hybrid,0.24254545454545456
s021,200,Isolation Forest,0.21111111111111114
s021,200,LSTM Autoencoder,0.3568
s021,200,Hybrid,0.3524528301886791
s021,300,Isolation Forest,0.165
s021,300,LSTM Autoencoder,0.4244444444444444
s021,300,Hybrid,0.425
s021,500,Isolation Forest,0.26
s021,500,LSTM Autoencoder,0.46799999999999975
s021,500,Hybrid,0.4680000000000006
s022,1,Isolation Forest,0.05
s022,1,LSTM Autoencoder,0.045
s022,1,Hybrid,0.045
s022,20,Isolation Forest,0.07000000000000031
s022,20,LSTM Autoencoder,0.042608695652173914
s022,20,Hybrid,0.04
s022,30,Isolation Forest,0.08
s022,30,LSTM Autoencoder,0.05600000000000002
s022,30,Hybrid,0.05500000000000001
s022,50,Isolation Forest,0.06499999999999972
s022,50,LSTM Autoencoder,0.08666666666666667
s022,50,Hybrid,0.08285714285714287
s022,55,Isolation Forest,0.07
s022,55,LSTM Autoencoder,0.09555555555555556
s022,55,Hybrid,0.09
s022,60,Isolation Forest,0.09000000000000033
s022,60,LSTM Autoencoder,0.08923076923076922
s022,60,Hybrid,0.085
s022,65,Isolation Forest,0.14
s022,65,LSTM Autoencoder,0.08
s022,65,Hybrid,0.08
s022,70,Isolation Forest,0.18400000000000072
s022,70,LSTM Autoencoder,0.09777777777777778
s022,70,Hybrid,0.09714285714285714
s022,75,Isolation Forest,0.17500000000000038
s022,75,LSTM Autoencoder,0.09578947368421056
s022,75,Hybrid,0.09739130434782609
s022,80,Isolation Forest,0.16499999999999926
s022,80,LSTM Autoencoder,0.14210526315789473
s022,80,Hybrid,0.14
s022,85,Isolation Forest,0.145
s022,85,LSTM Autoencoder,0.15
s022,85,Hybrid,0.15096774193548387
s022,90,Isolation Forest,0.14
s022,90,LSTM Autoencoder,0.1478787878787879
s022,90,Hybrid,0.14000000000000007
s022,95,Isolation Forest,0.1549999999999997
s022,95,LSTM Autoencoder,0.17555555555555558
s022,95,Hybrid,0.1688888888888889
s022,100,Isolation Forest,0.14
s022,100,LSTM Autoencoder,0.2094117647058824
s022,100,Hybrid,0.20615384615384616
s022,150,Isolation Forest,0.29142857142857215
s022,150,LSTM Autoencoder,0.308
s022,150,Hybrid,0.30500000000000005
s022,200,Isolation Forest,0.3920000000000011
s022,200,LSTM Autoencoder,0.3760000000000001
s022,200,Hybrid,0.3760000000000001
s022,300,Isolation Forest,0.2942857142857097
s022,300,LSTM Autoencoder,0.37599999999999983
s022,300,Hybrid,0.3759999999999999
s022,500,Isolation Forest,0.39687500000000164
s022,500,LSTM Autoencoder,0.40714285714285736
s022,500,Hybrid,0.407142857142857
s024,1,Isolation Forest,0.03199999999999988
s024,1,LSTM Autoencoder,0.047692307692307694
s024,1,Hybrid,0.04470588235294118
s024,20,Isolation Forest,0.06
s024,20,LSTM Autoencoder,0.054285714285714284
s024,20,Hybrid,0.052307692307692305
s024,30,Isolation Forest,0.08499999999999987
s024,30,LSTM Autoencoder,0.051666666666666666
s024,30,Hybrid,0.052000000000000005
s024,50,Isolation Forest,0.10444444444444441
s024,50,LSTM Autoencoder,0.08947368421052632
s024,50,Hybrid,0.08909090909090908
s024,55,Isolation Forest,0.10000000000000053
s024,55,LSTM Autoencoder,0.08666666666666667
s024,55,Hybrid,0.08615384615384615
s024,60,Isolation Forest,0.14500000000000024
s024,60,LSTM Autoencoder,0.08714285714285713
s024,60,Hybrid,0.088
s024,65,Isolation Forest,0.14
s024,65,LSTM Autoencoder,0.09555555555555556
s024,65,Hybrid,0.09333333333333334
s024,70,Isolation Forest,0.1479999999999988
s024,70,LSTM Autoencoder,0.10736842105263159
s024,70,Hybrid,0.10714285714285714
s024,75,Isolation Forest,0.14799999999999972
s024,75,LSTM Autoencoder,0.13185185185185194
s024,75,Hybrid,0.13285714285714284
s024,80,Isolation Forest,0.15777777777777774
s024,80,LSTM Autoencoder,0.13846153846153847
s024,80,Hybrid,0.13555555555555557
s024,85,Isolation Forest,0.15428571428571453
s024,85,LSTM Autoencoder,0.13395348837209303
s024,85,Hybrid,0.12972972972972974
s024,90,Isolation Forest,0.16500000000000084
s024,90,LSTM Autoencoder,0.15857142857142859
s024,90,Hybrid,0.1568421052631579
s024,95,Isolation Forest,0.13499999999999973
s024,95,LSTM Autoencoder,0.14857142857142858
s024,95,Hybrid,0.14526315789473682
s024,100,Isolation Forest,0.1559999999999997
s024,100,LSTM Autoencoder,0.16444444444444445
s024,100,Hybrid,0.1618181818181818
s024,150,Isolation Forest,0.2533333333333334
s024,150,LSTM Autoencoder,0.27
s024,150,Hybrid,0.27
s024,200,Isolation Forest,0.26666666666666683
s024,200,LSTM Autoencoder,0.30999999999999983
s024,200,Hybrid,0.3022222222222223
s024,300,Isolation Forest,0.264
s024,300,LSTM Autoencoder,0.3560000000000001
s024,300,Hybrid,0.35600000000000004
s024,500,Isolation Forest,0.31200000000000405
s024,500,LSTM Autoencoder,0.415
s024,500,Hybrid,0.4149999999999999
s025,1,Isolation Forest,0.09200000000000012
s025,1,LSTM Autoencoder,0.10727272727272727
s025,1,Hybrid,0.10285714285714284
s025,20,Isolation Forest,0.11
s025,20,LSTM Autoencoder,0.11076923076923076
s025,20,Hybrid,0.10444444444444445
s025,30,Isolation Forest,0.116
s025,30,LSTM Autoencoder,0.125
s025,30,Hybrid,0.12470588235294118
s025,50,Isolation Forest,0.1300000000000006
s025,50,LSTM Autoencoder,0.15384615384615385
s025,50,Hybrid,0.14999999999999997
s025,55,Isolation Forest,0.156
s025,55,LSTM Autoencoder,0.20780487804878048
s025,55,Hybrid,0.20444444444444443
s025,60,Isolation Forest,0.17555555555555546
s025,60,LSTM Autoencoder,0.2172972972972973
s025,60,Hybrid,0.215
s025,65,Isolation Forest,0.18222222222222217
s025,65,LSTM Autoencoder,0.23473684210526313
s025,65,Hybrid,0.23176470588235293
s025,70,Isolation Forest,0.16999999999999998
s025,70,LSTM Autoencoder,0.2395121951219512
s025,70,Hybrid,0.2358333333333333
s025,75,Isolation Forest,0.16
s025,75,LSTM Autoencoder,0.2533333333333333
s025,75,Hybrid,0.24916666666666668
s025,80,Isolation Forest,0.14999999999999972
s025,80,LSTM Autoencoder,0.22444444444444445
s025,80,Hybrid,0.216
s025,85,Isolation Forest,0.1749999999999997
s025,85,LSTM Autoencoder,0.2528571428571429
s025,85,Hybrid,0.24666666666666665
s025,90,Isolation Forest,0.16
s025,90,LSTM Autoencoder,0.20484848484848484
s025,90,Hybrid,0.2024
s025,95,Isolation Forest,0.16999999999999937
s025,95,LSTM Autoencoder,0.1923076923076923
s025,95,Hybrid,0.18829268292682927
s025,100,Isolation Forest,0.18799999999999936
s025,100,LSTM Autoencoder,0.21454545454545454
s025,100,Hybrid,0.2062857142857143
s025,150,Isolation Forest,0.26999999999999946
s025,150,LSTM Autoencoder,0.3153846153846154
s025,150,Hybrid,0.30800000000000005
s025,200,Isolation Forest,0.27
s025,200,LSTM Autoencoder,0.4079999999999999
s025,200,Hybrid,0.405
s025,300,Isolation Forest,0.24
s025,300,LSTM Autoencoder,0.44
s025,300,Hybrid,0.44
s025,500,Isolation Forest,0.26888888888888923
s025,500,LSTM Autoencoder,0.48
s025,500,Hybrid,0.48
s026,1,Isolation Forest,0.045
s026,1,LSTM Autoencoder,0.05818181818181818
s026,1,Hybrid,0.05764705882352941
s026,20,Isolation Forest,0.06
s026,20,LSTM Autoencoder,0.05647058823529411
s026,20,Hybrid,0.055999999999999994
s026,30,Isolation Forest,0.06
s026,30,LSTM Autoencoder,0.06923076923076923
s026,30,Hybrid,0.06727272727272728
s026,50,Isolation Forest,0.0949999999999997
s026,50,LSTM Autoencoder,0.1123076923076923
s026,50,Hybrid,0.10923076923076923
s026,55,Isolation Forest,0.13
s026,55,LSTM Autoencoder,0.17882352941176471
s026,55,Hybrid,0.15842105263157896
s026,60,Isolation Forest,0.12888888888888897
s026,60,LSTM Autoencoder,0.18666666666666665
s026,60,Hybrid,0.18461538461538463
s026,65,Isolation Forest,0.14
s026,65,LSTM Autoencoder,0.22956521739130437
s026,65,Hybrid,0.2257142857142857
s026,70,Isolation Forest,0.12
s026,70,LSTM Autoencoder,0.21777777777777776
s026,70,Hybrid,0.215
s026,75,Isolation Forest,0.13499999999999945
s026,75,LSTM Autoencoder,0.24319999999999997
s026,75,Hybrid,0.2346938775510204
s026,80,Isolation Forest,0.10500000000000013
s026,80,LSTM Autoencoder,0.23885714285714285
s026,80,Hybrid,0.23142857142857146
s026,85,Isolation Forest,0.112
s026,85,LSTM Autoencoder,0.22628571428571428
s026,85,Hybrid,0.22411764705882356
s026,90,Isolation Forest,0.10799999999999971
s026,90,LSTM Autoencoder,0.19176470588235295
s026,90,Hybrid,0.19058823529411764
s026,95,Isolation Forest,0.10888888888888892
s026,95,LSTM Autoencoder,0.13945945945945948
s026,95,Hybrid,0.14
s026,100,Isolation Forest,0.13599999999999968
s026,100,LSTM Autoencoder,0.19581395348837208
s026,100,Hybrid,0.19142857142857145
s026,150,Isolation Forest,0.21500000000000058
s026,150,LSTM Autoencoder,0.2784615384615384
s026,150,Hybrid,0.27428571428571435
s026,200,Isolation Forest,0.19111111111111106
s026,200,LSTM Autoencoder,0.3888888888888889
s026,200,Hybrid,0.3873170731707317
s026,300,Isolation Forest,0.15200000000000222
s026,300,LSTM Autoencoder,0.405
s026,300,Hybrid,0.405
s026,500,Isolation Forest,0.2
s026,500,LSTM Autoencoder,0.4949999999999999
s026,500,Hybrid,0.4950000000000002
s027,1,Isolation Forest,0.06
s027,1,LSTM Autoencoder,0.10928571428571429
s027,1,Hybrid,0.1
s027,20,Isolation Forest,0.08399999999999974
s027,20,LSTM Autoencoder,0.10720000000000002
s027,20,Hybrid,0.1021276595744681
s027,30,Isolation Forest,0.07499999999999987
s027,30,LSTM Autoencoder,0.10246575342465752
s027,30,Hybrid,0.09333333333333334
s027,50,Isolation Forest,0.135
s027,50,LSTM Autoencoder,0.105
s027,50,Hybrid,0.10499999999999998
s027,55,Isolation Forest,0.1
s027,55,LSTM Autoencoder,0.1265
s027,55,Hybrid,0.118
s027,60,Isolation Forest,0.10399999999999972
s027,60,LSTM Autoencoder,0.15870967741935482
s027,60,Hybrid,0.1525
s027,65,Isolation Forest,0.12
s027,65,LSTM Autoencoder,0.17499999999999996
s027,65,Hybrid,0.16875
s027,70,Isolation Forest,0.15777777777777768
s027,70,LSTM Autoencoder,0.17149999999999999
s027,70,Hybrid,0.17333333333333334
s027,75,Isolation Forest,0.2
s027,75,LSTM Autoencoder,0.19692307692307692
s027,75,Hybrid,0.19142857142857145
s027,80,Isolation Forest,0.19
s027,80,LSTM Autoencoder,0.2281632653061224
s027,80,Hybrid,0.2225531914893617
s027,85,Isolation Forest,0.2560000000000003
s027,85,LSTM Autoencoder,0.26
s027,85,Hybrid,0.2565217391304348
s027,90,Isolation Forest,0.2244444444444445
s027,90,LSTM Autoencoder,0.26941176470588235
s027,90,Hybrid,0.2672340425531915
s027,95,Isolation Forest,0.18
s027,95,LSTM Autoencoder,0.2293877551020408
s027,95,Hybrid,0.22862745098039217
s027,100,Isolation Forest,0.18400000000000027
s027,100,LSTM Autoencoder,0.2642424242424243
s027,100,Hybrid,0.2535483870967742
s027,150,Isolation Forest,0.23789473684210358
s027,150,LSTM Autoencoder,0.2420689655172413
s027,150,Hybrid,0.23677419354838705
s027,200,Isolation Forest,0.33
s027,200,LSTM Autoencoder,0.3550000000000001
s027,200,Hybrid,0.36
s027,300,Isolation Forest,0.24800000000000083
s027,300,LSTM Autoencoder,0.445
s027,300,Hybrid,0.44499999999999995
s027,500,Isolation Forest,0.16
s027,500,LSTM Autoencoder,0.4849999999999999
s027,500,Hybrid,0.48444444444444446
s028,1,Isolation Forest,0.04399999999999949
s028,1,LSTM Autoencoder,0.06428571428571428
s028,1,Hybrid,0.061212121212121204
s028,20,Isolation Forest,0.068
s028,20,LSTM Autoencoder,0.06823529411764705
s028,20,Hybrid,0.06689655172413793
s028,30,Isolation Forest,0.07199999999999973
s028,30,LSTM Autoencoder,0.06888888888888889
s028,30,Hybrid,0.06702702702702704
s028,50,Isolation Forest,0.08500000000000058
s028,50,LSTM Autoencoder,0.10173913043478261
s028,50,Hybrid,0.09777777777777778
s028,55,Isolation Forest,0.08500000000000052
s028,55,LSTM Autoencoder,0.1
s028,55,Hybrid,0.09692307692307692
s028,60,Isolation Forest,0.08800000000000052
s028,60,LSTM Autoencoder,0.12
s028,60,Hybrid,0.11624999999999999
s028,65,Isolation Forest,0.08
s028,65,LSTM Autoencoder,0.096
s028,65,Hybrid,0.09555555555555556
s028,70,Isolation Forest,0.11600000000000031
s028,70,LSTM Autoencoder,0.08272727272727273
s028,70,Hybrid,0.08
s028,75,Isolation Forest,0.128
s028,75,LSTM Autoencoder,0.09909090909090909
s028,75,Hybrid,0.09571428571428572
s028,80,Isolation Forest,0.11599999999999965
s028,80,LSTM Autoencoder,0.1303030303030303
s028,80,Hybrid,0.12418604651162793
s028,85,Isolation Forest,0.11199999999999924
s028,85,LSTM Autoencoder,0.11937500000000001
s028,85,Hybrid,0.115625
s028,90,Isolation Forest,0.11199999999999925
s028,90,LSTM Autoencoder,0.12416666666666668
s028,90,Hybrid,0.12142857142857143
s028,95,Isolation Forest,0.12500000000000067
s028,95,LSTM Autoencoder,0.122
s028,95,Hybrid,0.1192982456140351
s028,100,Isolation Forest,0.12
s028,100,LSTM Autoencoder,0.14634146341463417
s028,100,Hybrid,0.14769230769230768
s028,150,Isolation Forest,0.16
s028,150,LSTM Autoencoder,0.25297297297297305
s028,150,Hybrid,0.2511111111111111
s028,200,Isolation Forest,0.1719999999999995
s028,200,LSTM Autoencoder,0.3200000000000001
s028,200,Hybrid,0.32153846153846155
s028,300,Isolation Forest,0.17200000000000243
s028,300,LSTM Autoencoder,0.36000000000000026
s028,300,Hybrid,0.35894736842105235
s028,500,Isolation Forest,0.175
s028,500,LSTM Autoencoder,0.42
s028,500,Hybrid,0.42
s029,1,Isolation Forest,0.06
s029,1,LSTM Autoencoder,0.08328358208955225
s029,1,Hybrid,0.08476190476190476
s029,20,Isolation Forest,0.075
s029,20,LSTM Autoencoder,0.0876923076923077
s029,20,Hybrid,0.08893617021276595
s029,30,Isolation Forest,0.05500000000000025
s029,30,LSTM Autoencoder,0.08263157894736842
s029,30,Hybrid,0.08307692307692308
s029,50,Isolation Forest,0.076
s029,50,LSTM Autoencoder,0.11013333333333333
s029,50,Hybrid,0.10375000000000001
s029,55,Isolation Forest,0.076
s029,55,LSTM Autoencoder,0.10896551724137932
s029,55,Hybrid,0.10695652173913045
s029,60,Isolation Forest,0.08
s029,60,LSTM Autoencoder,0.12764705882352942
s029,60,Hybrid,0.13111111111111112
s029,65,Isolation Forest,0.09600000000000028
s029,65,LSTM Autoencoder,0.13906976744186045
s029,65,Hybrid,0.13714285714285712
s029,70,Isolation Forest,0.09499999999999974
s029,70,LSTM Autoencoder,0.1346938775510204
s029,70,Hybrid,0.1302127659574468
s029,75,Isolation Forest,0.12222222222222213
s029,75,LSTM Autoencoder,0.16
s029,75,Hybrid,0.1511111111111111
s029,80,Isolation Forest,0.09500000000000053
s029,80,LSTM Autoencoder,0.14600000000000002
s029,80,Hybrid,0.14
s029,85,Isolation Forest,0.09199999999999972
s029,85,LSTM Autoencoder,0.14711864406779662
s029,85,Hybrid,0.14421052631578948
s029,90,Isolation Forest,0.092
s029,90,LSTM Autoencoder,0.1495774647887324
s029,90,Hybrid,0.13940298507462687
s029,95,Isolation Forest,0.1
s029,95,LSTM Autoencoder,0.15397590361445784
s029,95,Hybrid,0.14274509803921565
s029,100,Isolation Forest,0.10888888888888888
s029,100,LSTM Autoencoder,0.1709090909090909
s029,100,Hybrid,0.16666666666666669
s029,150,Isolation Forest,0.128
s029,150,LSTM Autoencoder,0.25058823529411767
s029,150,Hybrid,0.24366666666666664
s029,200,Isolation Forest,0.18
s029,200,LSTM Autoencoder,0.3094117647058824
s029,200,Hybrid,0.3111111111111111
s029,300,Isolation Forest,0.11599999999999837
s029,300,LSTM Autoencoder,0.36363636363636365
s029,300,Hybrid,0.3622222222222222
s029,500,Isolation Forest,0.1359999999999984
s029,500,LSTM Autoencoder,0.45499999999999996
s029,500,Hybrid,0.455
s030,1,Isolation Forest,0.11000000000000028
s030,1,LSTM Autoencoder,0.17384615384615382
s030,1,Hybrid,0.1523076923076923
s030,20,Isolation Forest,0.11777777777777773
s030,20,LSTM Autoencoder,0.185
s030,20,Hybrid,0.17777777777777776
s030,30,Isolation Forest,0.12499999999999958
s030,30,LSTM Autoencoder,0.19142857142857142
s030,30,Hybrid,0.17777777777777776
s030,50,Isolation Forest,0.1439999999999997
s030,50,LSTM Autoencoder,0.24352941176470588
s030,50,Hybrid,0.22307692307692306
s030,55,Isolation Forest,0.16
s030,55,LSTM Autoencoder,0.255
s030,55,Hybrid,0.23333333333333334
s030,60,Isolation Forest,0.1720000000000003
s030,60,LSTM Autoencoder,0.27999999999999997
s030,60,Hybrid,0.24222222222222223
s030,65,Isolation Forest,0.24
s030,65,LSTM Autoencoder,0.32
s030,65,Hybrid,0.3142857142857143
s030,70,Isolation Forest,0.268
s030,70,LSTM Autoencoder,0.37
s030,70,Hybrid,0.3538461538461538
s030,75,Isolation Forest,0.29500000000000026
s030,75,LSTM Autoencoder,0.38181818181818183
s030,75,Hybrid,0.37199999999999994
s030,80,Isolation Forest,0.31499999999999984
s030,80,LSTM Autoencoder,0.3977777777777778
s030,80,Hybrid,0.392
s030,85,Isolation Forest,0.3119999999999994
s030,85,LSTM Autoencoder,0.38
s030,85,Hybrid,0.37
s030,90,Isolation Forest,0.32
s030,90,LSTM Autoencoder,0.3971428571428572
s030,90,Hybrid,0.38
s030,95,Isolation Forest,0.329230769230769
s030,95,LSTM Autoencoder,0.3968421052631579
s030,95,Hybrid,0.392
s030,100,Isolation Forest,0.2499999999999997
s030,100,LSTM Autoencoder,0.3555555555555555
s030,100,Hybrid,0.344
s030,150,Isolation Forest,0.3120000000000003
s030,150,LSTM Autoencoder,0.3488888888888889
s030,150,Hybrid,0.3453333333333333
s030,200,Isolation Forest,0.4276923076923075
s030,200,LSTM Autoencoder,0.4866666666666667
s030,200,Hybrid,0.48400000000000004
s030,300,Isolation Forest,0.3450000000000004
s030,300,LSTM Autoencoder,0.484
s030,300,Hybrid,0.484
s030,500,Isolation Forest,0.33
s030,500,LSTM Autoencoder,0.5228571428571429
s030,500,Hybrid,0.524
s031,1,Isolation Forest,0.24500000000000038
s031,1,LSTM Autoencoder,0.24
s031,1,Hybrid,0.2426086956521739
s031,20,Isolation Forest,0.2650000000000001
s031,20,LSTM Autoencoder,0.24210526315789477
s031,20,Hybrid,0.24571428571428572
s031,30,Isolation Forest,0.2549999999999998
s031,30,LSTM Autoencoder,0.25083333333333335
s031,30,Hybrid,0.26
s031,50,Isolation Forest,0.2666666666666666
s031,50,LSTM Autoencoder,0.28222222222222226
s031,50,Hybrid,0.28086956521739126
s031,55,Isolation Forest,0.26
s031,55,LSTM Autoencoder,0.2979487179487179
s031,55,Hybrid,0.29463414634146345
s031,60,Isolation Forest,0.3
s031,60,LSTM Autoencoder,0.28
s031,60,Hybrid,0.28
s031,65,Isolation Forest,0.2960000000000005
s031,65,LSTM Autoencoder,0.3088888888888889
s031,65,Hybrid,0.30260869565217385
s031,70,Isolation Forest,0.31
s031,70,LSTM Autoencoder,0.29333333333333333
s031,70,Hybrid,0.2886956521739131
s031,75,Isolation Forest,0.3300000000000004
s031,75,LSTM Autoencoder,0.29678571428571426
s031,75,Hybrid,0.29478260869565215
s031,80,Isolation Forest,0.327500000000001
s031,80,LSTM Autoencoder,0.3356521739130435
s031,80,Hybrid,0.3371428571428572
s031,85,Isolation Forest,0.312
s031,85,LSTM Autoencoder,0.3488888888888889
s031,85,Hybrid,0.33999999999999997
s031,90,Isolation Forest,0.2977777777777777
s031,90,LSTM Autoencoder,0.33612903225806456
s031,90,Hybrid,0.3357894736842105
s031,95,Isolation Forest,0.3049999999999997
s031,95,LSTM Autoencoder,0.3157142857142857
s031,95,Hybrid,0.3175
s031,100,Isolation Forest,0.28
s031,100,LSTM Autoencoder,0.349
s031,100,Hybrid,0.35
s031,150,Isolation Forest,0.3649999999999989
s031,150,LSTM Autoencoder,0.31
s031,150,Hybrid,0.3090322580645162
s031,200,Isolation Forest,0.34666666666666657
s031,200,LSTM Autoencoder,0.3935483870967742
s031,200,Hybrid,0.38636363636363635
s031,300,Isolation Forest,0.315
s031,300,LSTM Autoencoder,0.46799999999999997
s031,300,Hybrid,0.46857142857142864
s031,500,Isolation Forest,0.3266666666666669
s031,500,LSTM Autoencoder,0.4850000000000001
s031,500,Hybrid,0.48499999999999976
s032,1,Isolation Forest,0.2719999999999999
s032,1,LSTM Autoencoder,0.26832
s032,1,Hybrid,0.2644444444444445
s032,20,Isolation Forest,0.2549999999999999
s032,20,LSTM Autoencoder,0.2717293233082707
s032,20,Hybrid,0.26125
s032,30,Isolation Forest,0.27111111111111114
s032,30,LSTM Autoencoder,0.2642424242424243
s032,30,Hybrid,0.27008
s032,50,Isolation Forest,0.22399999999999987
s032,50,LSTM Autoencoder,0.26275862068965516
s032,50,Hybrid,0.2522580645161291
s032,55,Isolation Forest,0.22999999999999973
s032,55,LSTM Autoencoder,0.3056603773584906
s032,55,Hybrid,0.28980392156862744
s032,60,Isolation Forest,0.27599999999999947
s032,60,LSTM Autoencoder,0.276
s032,60,Hybrid,0.2777777777777778
s032,65,Isolation Forest,0.35
s032,65,LSTM Autoencoder,0.3386666666666666
s032,65,Hybrid,0.3382978723404255
s032,70,Isolation Forest,0.355
s032,70,LSTM Autoencoder,0.38872727272727275
s032,70,Hybrid,0.385
s032,75,Isolation Forest,0.3300000000000003
s032,75,LSTM Autoencoder,0.37770491803278683
s032,75,Hybrid,0.37575757575757573
s032,80,Isolation Forest,0.29000000000000026
s032,80,LSTM Autoencoder,0.43386138613861386
s032,80,Hybrid,0.42106666666666664
s032,85,Isolation Forest,0.2750000000000008
s032,85,LSTM Autoencoder,0.4475
s032,85,Hybrid,0.4337662337662338
s032,90,Isolation Forest,0.24399999999999988
s032,90,LSTM Autoencoder,0.42175438596491227
s032,90,Hybrid,0.4036
s032,95,Isolation Forest,0.23599999999999988
s032,95,LSTM Autoencoder,0.4053658536585366
s032,95,Hybrid,0.39180952380952383
s032,100,Isolation Forest,0.23599999999999988
s032,100,LSTM Autoencoder,0.3895238095238095
s032,100,Hybrid,0.375072463768116
s032,150,Isolation Forest,0.36400000000000055
s032,150,LSTM Autoencoder,0.3527007299270073
s032,150,Hybrid,0.34532544378698227
s032,200,Isolation Forest,0.324
s032,200,LSTM Autoencoder,0.4108333333333334
s032,200,Hybrid,0.40499999999999997
s032,300,Isolation Forest,0.21600000000000047
s032,300,LSTM Autoencoder,0.5086956521739131
s032,300,Hybrid,0.5084210526315789
s032,500,Isolation Forest,0.1760000000000013
s032,500,LSTM Autoencoder,0.5160000000000003
s032,500,Hybrid,0.5141666666666664
s033,1,Isolation Forest,0.168
s033,1,LSTM Autoencoder,0.2181818181818182
s033,1,Hybrid,0.20609756097560974
s033,20,Isolation Forest,0.18
s033,20,LSTM Autoencoder,0.214
s033,20,Hybrid,0.20444444444444446
s033,30,Isolation Forest,0.18
s033,30,LSTM Autoencoder,0.2
s033,30,Hybrid,0.18472727272727274
s033,50,Isolation Forest,0.21600000000000058
s033,50,LSTM Autoencoder,0.2102325581395349
s033,50,Hybrid,0.2081818181818182
s033,55,Isolation Forest,0.1960000000000003
s033,55,LSTM Autoencoder,0.22867924528301886
s033,55,Hybrid,0.2302439024390244
s033,60,Isolation Forest,0.225
s033,60,LSTM Autoencoder,0.2555223880597015
s033,60,Hybrid,0.24923076923076923
s033,65,Isolation Forest,0.23692307692307676
s033,65,LSTM Autoencoder,0.255
s033,65,Hybrid,0.25176470588235295
s033,70,Isolation Forest,0.28
s033,70,LSTM Autoencoder,0.2979591836734694
s033,70,Hybrid,0.28583333333333333
s033,75,Isolation Forest,0.3
s033,75,LSTM Autoencoder,0.35931034482758617
s033,75,Hybrid,0.3570212765957447
s033,80,Isolation Forest,0.28
s033,80,LSTM Autoencoder,0.37714285714285717
s033,80,Hybrid,0.364
s033,85,Isolation Forest,0.3222222222222223
s033,85,LSTM Autoencoder,0.39463414634146343
s033,85,Hybrid,0.38677966101694916
s033,90,Isolation Forest,0.36799999999999966
s033,90,LSTM Autoencoder,0.4036363636363636
s033,90,Hybrid,0.39694915254237284
s033,95,Isolation Forest,0.3850000000000002
s033,95,LSTM Autoencoder,0.3965
s033,95,Hybrid,0.39217391304347826
s033,100,Isolation Forest,0.4249999999999998
s033,100,LSTM Autoencoder,0.46545454545454545
s033,100,Hybrid,0.4739393939393939
s033,150,Isolation Forest,0.3299999999999997
s033,150,LSTM Autoencoder,0.34307692307692306
s033,150,Hybrid,0.3403448275862069
s033,200,Isolation Forest,0.48499999999999965
s033,200,LSTM Autoencoder,0.3805063291139241
s033,200,Hybrid,0.3810526315789473
s033,300,Isolation Forest,0.55
s033,300,LSTM Autoencoder,0.48
s033,300,Hybrid,0.48
s033,500,Isolation Forest,0.43200000000000127
s033,500,LSTM Autoencoder,0.5480000000000003
s033,500,Hybrid,0.5475000000000001
s034,1,Isolation Forest,0.14999999999999947
s034,1,LSTM Autoencoder,0.19636363636363635
s034,1,Hybrid,0.18823529411764706
s034,20,Isolation Forest,0.16
s034,20,LSTM Autoencoder,0.2
s034,20,Hybrid,0.19696969696969696
s034,30,Isolation Forest,0.15999999999999934
s034,30,LSTM Autoencoder,0.20266666666666666
s034,30,Hybrid,0.19652173913043477
s034,50,Isolation Forest,0.15000000000000052
s034,50,LSTM Autoencoder,0.21275862068965518
s034,50,Hybrid,0.2042857142857143
s034,55,Isolation Forest,0.15499999999999986
s034,55,LSTM Autoencoder,0.2476056338028169
s034,55,Hybrid,0.2363934426229508
s034,60,Isolation Forest,0.17599999999999968
s034,60,LSTM Autoencoder,0.25
s034,60,Hybrid,0.24285714285714285
s034,65,Isolation Forest,0.21599999999999972
s034,65,LSTM Autoencoder,0.2702439024390244
s034,65,Hybrid,0.2666666666666667
s034,70,Isolation Forest,0.21199999999999986
s034,70,LSTM Autoencoder,0.2648648648648649
s034,70,Hybrid,0.25828571428571434
s034,75,Isolation Forest,0.2
s034,75,LSTM Autoencoder,0.2730232558139535
s034,75,Hybrid,0.26857142857142857
s034,80,Isolation Forest,0.20499999999999985
s034,80,LSTM Autoencoder,0.29581395348837214
s034,80,Hybrid,0.29052631578947363
s034,85,Isolation Forest,0.21777777777777785
s034,85,LSTM Autoencoder,0.30157894736842106
s034,85,Hybrid,0.2984905660377358
s034,90,Isolation Forest,0.21200000000000027
s034,90,LSTM Autoencoder,0.3175
s034,90,Hybrid,0.31304347826086953
s034,95,Isolation Forest,0.19200000000000014
s034,95,LSTM Autoencoder,0.30027027027027026
s034,95,Hybrid,0.28285714285714286
s034,100,Isolation Forest,0.205
s034,100,LSTM Autoencoder,0.29130434782608694
s034,100,Hybrid,0.2882051282051282
s034,150,Isolation Forest,0.24499999999999966
s034,150,LSTM Autoencoder,0.2504761904761905
s034,150,Hybrid,0.2544
s034,200,Isolation Forest,0.2760000000000007
s034,200,LSTM Autoencoder,0.3496774193548387
s034,200,Hybrid,0.3422222222222222
s034,300,Isolation Forest,0.2349999999999995
s034,300,LSTM Autoencoder,0.415
s034,300,Hybrid,0.41500000000000004
s034,500,Isolation Forest,0.13333333333333314
s034,500,LSTM Autoencoder,0.5044444444444445
s034,500,Hybrid,0.504
s035,1,Isolation Forest,0.17200000000000013
s035,1,LSTM Autoencoder,0.11245283018867924
s035,1,Hybrid,0.10923076923076924
s035,20,Isolation Forest,0.18400000000000027
s035,20,LSTM Autoencoder,0.12226415094339624
s035,20,Hybrid,0.11428571428571428
s035,30,Isolation Forest,0.17200000000000013
s035,30,LSTM Autoencoder,0.13777777777777778
s035,30,Hybrid,0.1355
s035,50,Isolation Forest,0.1700000000000006
s035,50,LSTM Autoencoder,0.1591304347826087
s035,50,Hybrid,0.1624
s035,55,Isolation Forest,0.2
s035,55,LSTM Autoencoder,0.15371428571428572
s035,55,Hybrid,0.15421052631578946
s035,60,Isolation Forest,0.20799999999999946
s035,60,LSTM Autoencoder,0.18083333333333335
s035,60,Hybrid,0.18
s035,65,Isolation Forest,0.24499999999999972
s035,65,LSTM Autoencoder,0.22181818181818183
s035,65,Hybrid,0.2212121212121212
s035,70,Isolation Forest,0.26399999999999946
s035,70,LSTM Autoencoder,0.24833333333333335
s035,70,Hybrid,0.24142857142857144
s035,75,Isolation Forest,0.2300000000000006
s035,75,LSTM Autoencoder,0.24
s035,75,Hybrid,0.23433962264150943
s035,80,Isolation Forest,0.2511111111111111
s035,80,LSTM Autoencoder,0.24066666666666664
s035,80,Hybrid,0.24346153846153848
s035,85,Isolation Forest,0.24615384615384636
s035,85,LSTM Autoencoder,0.24829268292682927
s035,85,Hybrid,0.2409090909090909
s035,90,Isolation Forest,0.24000000000000146
s035,90,LSTM Autoencoder,0.251578947368421
s035,90,Hybrid,0.24428571428571427
s035,95,Isolation Forest,0.23199999999999943
s035,95,LSTM Autoencoder,0.24315789473684207
s035,95,Hybrid,0.24056338028169014
s035,100,Isolation Forest,0.24400000000000033
s035,100,LSTM Autoencoder,0.2584
s035,100,Hybrid,0.2583783783783784
s035,150,Isolation Forest,0.2960000000000003
s035,150,LSTM Autoencoder,0.29142857142857137
s035,150,Hybrid,0.29230769230769227
s035,200,Isolation Forest,0.2933333333333332
s035,200,LSTM Autoencoder,0.32
s035,200,Hybrid,0.32
s035,300,Isolation Forest,0.19600000000000126
s035,300,LSTM Autoencoder,0.39
s035,300,Hybrid,0.39
s035,500,Isolation Forest,0.26400000000000334
s035,500,LSTM Autoencoder,0.4738461538461538
s035,500,Hybrid,0.4733333333333333
s036,1,Isolation Forest,0.01
s036,1,LSTM Autoencoder,0.015
s036,1,Hybrid,0.011999999999999995
s036,20,Isolation Forest,0.01
s036,20,LSTM Autoencoder,0.02
s036,20,Hybrid,0.015555555555555555
s036,30,Isolation Forest,0.010000000000000751
s036,30,LSTM Autoencoder,0.024000000000000007
s036,30,Hybrid,0.024000000000000004
s036,50,Isolation Forest,0.025000000000000175
s036,50,LSTM Autoencoder,0.04285714285714285
s036,50,Hybrid,0.04
s036,55,Isolation Forest,0.028
s036,55,LSTM Autoencoder,0.032
s036,55,Hybrid,0.031999999999999966
s036,60,Isolation Forest,0.034999999999999615
s036,60,LSTM Autoencoder,0.07111111111111111
s036,60,Hybrid,0.068
s036,65,Isolation Forest,0.036000000000000865
s036,65,LSTM Autoencoder,0.064
s036,65,Hybrid,0.06399999999999999
s036,70,Isolation Forest,0.04
s036,70,LSTM Autoencoder,0.06999999999999998
s036,70,Hybrid,0.06444444444444444
s036,75,Isolation Forest,0.05
s036,75,LSTM Autoencoder,0.03285714285714285
s036,75,Hybrid,0.03199999999999999
s036,80,Isolation Forest,0.04499999999999964
s036,80,LSTM Autoencoder,0.05565217391304348
s036,80,Hybrid,0.05111111111111111
s036,85,Isolation Forest,0.054999999999999674
s036,85,LSTM Autoencoder,0.08888888888888889
s036,85,Hybrid,0.08363636363636365
s036,90,Isolation Forest,0.05
s036,90,LSTM Autoencoder,0.08888888888888888
s036,90,Hybrid,0.08666666666666666
s036,95,Isolation Forest,0.04
s036,95,LSTM Autoencoder,0.11599999999999996
s036,95,Hybrid,0.11545454545454545
s036,100,Isolation Forest,0.04714285714285809
s036,100,LSTM Autoencoder,0.12
s036,100,Hybrid,0.11846153846153845
s036,150,Isolation Forest,0.07600000000000065
s036,150,LSTM Autoencoder,0.2
s036,150,Hybrid,0.2
s036,200,Isolation Forest,0.08799999999999855
s036,200,LSTM Autoencoder,0.32
s036,200,Hybrid,0.32
s036,300,Isolation Forest,0.17599999999999855
s036,300,LSTM Autoencoder,0.30800000000000005
s036,300,Hybrid,0.30714285714285716
s036,500,Isolation Forest,0.328
s036,500,LSTM Autoencoder,0.34838709677419355
s036,500,Hybrid,0.34838709677419355
s037,1,Isolation Forest,0.11199999999999964
s037,1,LSTM Autoencoder,0.140625
s037,1,Hybrid,0.13517241379310346
s037,20,Isolation Forest,0.1
s037,20,LSTM Autoencoder,0.14923076923076922
s037,20,Hybrid,0.14
s037,30,Isolation Forest,0.09499999999999964
s037,30,LSTM Autoencoder,0.1526530612244898
s037,30,Hybrid,0.14285714285714285
s037,50,Isolation Forest,0.12400000000000053
s037,50,LSTM Autoencoder,0.17161290322580647
s037,50,Hybrid,0.1646153846153846
s037,55,Isolation Forest,0.12800000000000028
s037,55,LSTM Autoencoder,0.17727272727272728
s037,55,Hybrid,0.16636363636363638
s037,60,Isolation Forest,0.12
s037,60,LSTM Autoencoder,0.18352941176470589
s037,60,Hybrid,0.1767741935483871
s037,65,Isolation Forest,0.14888888888888885
s037,65,LSTM Autoencoder,0.21575757575757576
s037,65,Hybrid,0.21243243243243243
s037,70,Isolation Forest,0.16
s037,70,LSTM Autoencoder,0.20233333333333337
s037,70,Hybrid,0.1917948717948718
s037,75,Isolation Forest,0.20800000000000013
s037,75,LSTM Autoencoder,0.23161290322580644
s037,75,Hybrid,0.22048780487804878
s037,80,Isolation Forest,0.1644444444444444
s037,80,LSTM Autoencoder,0.25230769230769234
s037,80,Hybrid,0.24666666666666667
s037,85,Isolation Forest,0.1866666666666667
s037,85,LSTM Autoencoder,0.24888888888888888
s037,85,Hybrid,0.244
s037,90,Isolation Forest,0.14800000000000027
s037,90,LSTM Autoencoder,0.24285714285714283
s037,90,Hybrid,0.23020408163265305
s037,95,Isolation Forest,0.14999999999999947
s037,95,LSTM Autoencoder,0.22588235294117648
s037,95,Hybrid,0.21999999999999997
s037,100,Isolation Forest,0.13499999999999973
s037,100,LSTM Autoencoder,0.20888888888888887
s037,100,Hybrid,0.20363636363636362
s037,150,Isolation Forest,0.24
s037,150,LSTM Autoencoder,0.2606060606060606
s037,150,Hybrid,0.25148936170212766
s037,200,Isolation Forest,0.27555555555555555
s037,200,LSTM Autoencoder,0.31285714285714283
s037,200,Hybrid,0.31117647058823517
s037,300,Isolation Forest,0.20499999999999896
s037,300,LSTM Autoencoder,0.425
s037,300,Hybrid,0.42105263157894723
s037,500,Isolation Forest,0.18
s037,500,LSTM Autoencoder,0.5149999999999999
s037,500,Hybrid,0.5149999999999999
s038,1,Isolation Forest,0.068
s038,1,LSTM Autoencoder,0.12281786941580758
s038,1,Hybrid,0.10800000000000001
s038,20,Isolation Forest,0.08400000000000013
s038,20,LSTM Autoencoder,0.13508670520231214
s038,20,Hybrid,0.11155963302752295
s038,30,Isolation Forest,0.08
s038,30,LSTM Autoencoder,0.12736842105263158
s038,30,Hybrid,0.11720930232558141
s038,50,Isolation Forest,0.11142857142857132
s038,50,LSTM Autoencoder,0.18621700879765396
s038,50,Hybrid,0.17864768683274024
s038,55,Isolation Forest,0.10400000000000013
s038,55,LSTM Autoencoder,0.2009252669039146
s038,55,Hybrid,0.1903448275862069
s038,60,Isolation Forest,0.14499999999999974
s038,60,LSTM Autoencoder,0.19818181818181818
s038,60,Hybrid,0.20205714285714285
s038,65,Isolation Forest,0.14999999999999974
s038,65,LSTM Autoencoder,0.21905882352941175
s038,65,Hybrid,0.22095808383233534
s038,70,Isolation Forest,0.14
s038,70,LSTM Autoencoder,0.21111111111111108
s038,70,Hybrid,0.20866952789699572
s038,75,Isolation Forest,0.14999999999999974
s038,75,LSTM Autoencoder,0.23580786026200873
s038,75,Hybrid,0.2333644859813084
s038,80,Isolation Forest,0.12799999999999973
s038,80,LSTM Autoencoder,0.2721594684385382
s038,80,Hybrid,0.2644728434504793
s038,85,Isolation Forest,0.155
s038,85,LSTM Autoencoder,0.28
s038,85,Hybrid,0.27364806866952784
s038,90,Isolation Forest,0.136
s038,90,LSTM Autoencoder,0.26452830188679244
s038,90,Hybrid,0.24832432432432433
s038,95,Isolation Forest,0.14499999999999985
s038,95,LSTM Autoencoder,0.22094240837696333
s038,95,Hybrid,0.21741935483870967
s038,100,Isolation Forest,0.1480000000000003
s038,100,LSTM Autoencoder,0.2316778523489933
s038,100,Hybrid,0.2256470588235294
s038,150,Isolation Forest,0.22800000000000029
s038,150,LSTM Autoencoder,0.2985714285714286
s038,150,Hybrid,0.29477707006369425
s038,200,Isolation Forest,0.22
s038,200,LSTM Autoencoder,0.3695652173913043
s038,200,Hybrid,0.36256410256410254
s038,300,Isolation Forest,0.17600000000000188
s038,300,LSTM Autoencoder,0.3948387096774194
s038,300,Hybrid,0.3948387096774194
s038,500,Isolation Forest,0.2477551020408178
s038,500,LSTM Autoencoder,0.4422222222222222
s038,500,Hybrid,0.44129032258064516
s039,1,Isolation Forest,0.044
s039,1,LSTM Autoencoder,0.1
s039,1,Hybrid,0.09241379310344829
s039,20,Isolation Forest,0.06
s039,20,LSTM Autoencoder,0.09359999999999999
s039,20,Hybrid,0.08823529411764706
s039,30,Isolation Forest,0.06500000000000025
s039,30,LSTM Autoencoder,0.09692307692307692
s039,30,Hybrid,0.09555555555555556
s039,50,Isolation Forest,0.07000000000000056
s039,50,LSTM Autoencoder,0.1230434782608696
s039,50,Hybrid,0.11764705882352944
s039,55,Isolation Forest,0.12
s039,55,LSTM Autoencoder,0.1646153846153846
s039,55,Hybrid,0.16000000000000003
s039,60,Isolation Forest,0.175
s039,60,LSTM Autoencoder,0.1923809523809524
s039,60,Hybrid,0.1923809523809524
s039,65,Isolation Forest,0.17500000000000032
s039,65,LSTM Autoencoder,0.241875
s039,65,Hybrid,0.236875
s039,70,Isolation Forest,0.14
s039,70,LSTM Autoencoder,0.24222222222222223
s039,70,Hybrid,0.24
s039,75,Isolation Forest,0.14
s039,75,LSTM Autoencoder,0.29857142857142854
s039,75,Hybrid,0.29478260869565215
s039,80,Isolation Forest,0.12399999999999974
s039,80,LSTM Autoencoder,0.2808695652173913
s039,80,Hybrid,0.2695238095238095
s039,85,Isolation Forest,0.12499999999999972
s039,85,LSTM Autoencoder,0.25047619047619046
s039,85,Hybrid,0.24
s039,90,Isolation Forest,0.12888888888888894
s039,90,LSTM Autoencoder,0.23142857142857143
s039,90,Hybrid,0.22999999999999998
s039,95,Isolation Forest,0.14400000000000016
s039,95,LSTM Autoencoder,0.2123809523809524
s039,95,Hybrid,0.20588235294117646
s039,100,Isolation Forest,0.14444444444444454
s039,100,LSTM Autoencoder,0.18666666666666668
s039,100,Hybrid,0.18444444444444444
s039,150,Isolation Forest,0.24799999999999972
s039,150,LSTM Autoencoder,0.3357894736842105
s039,150,Hybrid,0.331304347826087
s039,200,Isolation Forest,0.23499999999999965
s039,200,LSTM Autoencoder,0.4334883720930234
s039,200,Hybrid,0.43265306122448977
s039,300,Isolation Forest,0.23600000000000043
s039,300,LSTM Autoencoder,0.5050000000000001
s039,300,Hybrid,0.505
s039,500,Isolation Forest,0.23599999999999938
s039,500,LSTM Autoencoder,0.5577777777777778
s039,500,Hybrid,0.5559999999999999
s040,1,Isolation Forest,0.16800000000000015
s040,1,LSTM Autoencoder,0.2624691358024691
s040,1,Hybrid,0.2518918918918919
s040,20,Isolation Forest,0.19
s040,20,LSTM Autoencoder,0.25627906976744186
s040,20,Hybrid,0.24857142857142855
s040,30,Isolation Forest,0.19599999999999973
s040,30,LSTM Autoencoder,0.25384615384615383
s040,30,Hybrid,0.24458333333333332
s040,50,Isolation Forest,0.25
s040,50,LSTM Autoencoder,0.2765714285714286
s040,50,Hybrid,0.2686792452830189
s040,55,Isolation Forest,0.2485714285714287
s040,55,LSTM Autoencoder,0.29506849315068495
s040,55,Hybrid,0.2852631578947369
s040,60,Isolation Forest,0.24400000000000027
s040,60,LSTM Autoencoder,0.303728813559322
s040,60,Hybrid,0.30153846153846153
s040,65,Isolation Forest,0.24
s040,65,LSTM Autoencoder,0.3716216216216216
s040,65,Hybrid,0.3594117647058823
s040,70,Isolation Forest,0.26
s040,70,LSTM Autoencoder,0.37466666666666665
s040,70,Hybrid,0.36468085106382975
s040,75,Isolation Forest,0.32
s040,75,LSTM Autoencoder,0.40444444444444444
s040,75,Hybrid,0.3940845070422535
s040,80,Isolation Forest,0.3815384615384615
s040,80,LSTM Autoencoder,0.4786046511627907
s040,80,Hybrid,0.47139534883720935
s040,85,Isolation Forest,0.42285714285714243
s040,85,LSTM Autoencoder,0.4479120879120879
s040,85,Hybrid,0.44166666666666665
s040,90,Isolation Forest,0.43500000000000016
s040,90,LSTM Autoencoder,0.44153846153846155
s040,90,Hybrid,0.44125000000000003
s040,95,Isolation Forest,0.41
s040,95,LSTM Autoencoder,0.46037735849056605
s040,95,Hybrid,0.45499999999999996
s040,100,Isolation Forest,0.3840000000000001
s040,100,LSTM Autoencoder,0.50125
s040,100,Hybrid,0.49257142857142855
s040,150,Isolation Forest,0.382857142857143
s040,150,LSTM Autoencoder,0.3145263157894737
s040,150,Hybrid,0.3204081632653061
s040,200,Isolation Forest,0.47
s040,200,LSTM Autoencoder,0.42066666666666663
s040,200,Hybrid,0.4176470588235294
s040,300,Isolation Forest,0.512857142857144
s040,300,LSTM Autoencoder,0.56
s040,300,Hybrid,0.56
s040,500,Isolation Forest,0.38
s040,500,LSTM Autoencoder,0.6
s040,500,Hybrid,0.5977777777777777
s041,1,Isolation Forest,0.09200000000000014
s041,1,LSTM Autoencoder,0.1648
s041,1,Hybrid,0.1541573033707865
s041,20,Isolation Forest,0.09230769230769231
s041,20,LSTM Autoencoder,0.17032258064516126
s041,20,Hybrid,0.1546236559139785
s041,30,Isolation Forest,0.08799999999999986
s041,30,LSTM Autoencoder,0.17733333333333334
s041,30,Hybrid,0.15707865168539326
s041,50,Isolation Forest,0.10400000000000026
s041,50,LSTM Autoencoder,0.16952380952380952
s041,50,Hybrid,0.15428571428571428
s041,55,Isolation Forest,0.1
s041,55,LSTM Autoencoder,0.19333333333333333
s041,55,Hybrid,0.17076923076923078
s041,60,Isolation Forest,0.1
s041,60,LSTM Autoencoder,0.18761904761904763
s041,60,Hybrid,0.16919540229885058
s041,65,Isolation Forest,0.12999999999999973
s041,65,LSTM Autoencoder,0.21893129770992364
s041,65,Hybrid,0.1966101694915254
s041,70,Isolation Forest,0.14888888888888896
s041,70,LSTM Autoencoder,0.22508474576271187
s041,70,Hybrid,0.21384615384615385
s041,75,Isolation Forest,0.16
s041,75,LSTM Autoencoder,0.2288888888888889
s041,75,Hybrid,0.21767441860465117
s041,80,Isolation Forest,0.16399999999999942
s041,80,LSTM Autoencoder,0.2679245283018868
s041,80,Hybrid,0.2497560975609756
s041,85,Isolation Forest,0.16857142857142843
s041,85,LSTM Autoencoder,0.2625742574257426
s041,85,Hybrid,0.25235955056179776
s041,90,Isolation Forest,0.18
s041,90,LSTM Autoencoder,0.3030769230769231
s041,90,Hybrid,0.28
s041,95,Isolation Forest,0.1933333333333334
s041,95,LSTM Autoencoder,0.31038461538461537
s041,95,Hybrid,0.29046153846153844
s041,100,Isolation Forest,0.2
s041,100,LSTM Autoencoder,0.3259047619047619
s041,100,Hybrid,0.3145454545454546
s041,150,Isolation Forest,0.2400000000000006
s041,150,LSTM Autoencoder,0.2975206611570248
s041,150,Hybrid,0.28359550561797753
s041,200,Isolation Forest,0.2711111111111112
s041,200,LSTM Autoencoder,0.2922666666666667
s041,200,Hybrid,0.2844444444444445
s041,300,Isolation Forest,0.42
s041,300,LSTM Autoencoder,0.43333333333333335
s041,300,Hybrid,0.4355555555555556
s041,500,Isolation Forest,0.3149999999999994
s041,500,LSTM Autoencoder,0.5666666666666667
s041,500,Hybrid,0.5657142857142856
s042,1,Isolation Forest,0.03499999999999988
s042,1,LSTM Autoencoder,0.07047619047619047
s042,1,Hybrid,0.0664
s042,20,Isolation Forest,0.048000000000000244
s042,20,LSTM Autoencoder,0.07499999999999998
s042,20,Hybrid,0.07294117647058823
s042,30,Isolation Forest,0.039999999999999994
s042,30,LSTM Autoencoder,0.08
s042,30,Hybrid,0.08054054054054055
s042,50,Isolation Forest,0.08
s042,50,LSTM Autoencoder,0.09542857142857143
s042,50,Hybrid,0.08551724137931035
s042,55,Isolation Forest,0.075
s042,55,LSTM Autoencoder,0.0988235294117647
s042,55,Hybrid,0.09804878048780488
s042,60,Isolation Forest,0.06800000000000025
s042,60,LSTM Autoencoder,0.1072
s042,60,Hybrid,0.0996078431372549
s042,65,Isolation Forest,0.09000000000000025
s042,65,LSTM Autoencoder,0.13130434782608696
s042,65,Hybrid,0.12444444444444444
s042,70,Isolation Forest,0.09500000000000014
s042,70,LSTM Autoencoder,0.14097560975609758
s042,70,Hybrid,0.12967741935483873
s042,75,Isolation Forest,0.09111111111111113
s042,75,LSTM Autoencoder,0.14
s042,75,Hybrid,0.13241379310344825
s042,80,Isolation Forest,0.08500000000000058
s042,80,LSTM Autoencoder,0.13612903225806453
s042,80,Hybrid,0.12941176470588234
s042,85,Isolation Forest,0.10800000000000062
s042,85,LSTM Autoencoder,0.1293103448275862
s042,85,Hybrid,0.1180327868852459
s042,90,Isolation Forest,0.14
s042,90,LSTM Autoencoder,0.14237288135593218
s042,90,Hybrid,0.14
s042,95,Isolation Forest,0.15600000000000033
s042,95,LSTM Autoencoder,0.13872340425531915
s042,95,Hybrid,0.1332530120481928
s042,100,Isolation Forest,0.14222222222222233
s042,100,LSTM Autoencoder,0.13454545454545455
s042,100,Hybrid,0.1377049180327869
s042,150,Isolation Forest,0.13199999999999945
s042,150,LSTM Autoencoder,0.22097560975609754
s042,150,Hybrid,0.21555555555555556
s042,200,Isolation Forest,0.1959999999999985
s042,200,LSTM Autoencoder,0.3155555555555556
s042,200,Hybrid,0.3138461538461539
s042,300,Isolation Forest,0.17599999999999755
s042,300,LSTM Autoencoder,0.36500000000000005
s042,300,Hybrid,0.36499999999999994
s042,500,Isolation Forest,0.24
s042,500,LSTM Autoencoder,0.48083333333333345
s042,500,Hybrid,0.47999999999999954
s043,1,Isolation Forest,0.015999999999999744
s043,1,LSTM Autoencoder,0.02
s043,1,Hybrid,0.02
s043,20,Isolation Forest,0.029999999999999732
s043,20,LSTM Autoencoder,0.02500000000000001
s043,20,Hybrid,0.02
s043,30,Isolation Forest,0.03200000000000027
s043,30,LSTM Autoencoder,0.04
s043,30,Hybrid,0.035
s043,50,Isolation Forest,0.06461538461538424
s043,50,LSTM Autoencoder,0.05200000000000002
s043,50,Hybrid,0.048571428571428585
s043,55,Isolation Forest,0.07000000000000027
s043,55,LSTM Autoencoder,0.07333333333333333
s043,55,Hybrid,0.07200000000000001
s043,60,Isolation Forest,0.08500000000000014
s043,60,LSTM Autoencoder,0.07333333333333333
s043,60,Hybrid,0.07538461538461538
s043,65,Isolation Forest,0.10222222222222224
s043,65,LSTM Autoencoder,0.07499999999999998
s043,65,Hybrid,0.07333333333333333
s043,70,Isolation Forest,0.10800000000000097
s043,70,LSTM Autoencoder,0.084
s043,70,Hybrid,0.084
s043,75,Isolation Forest,0.10799999999999871
s043,75,LSTM Autoencoder,0.14
s043,75,Hybrid,0.13200000000000006
s043,80,Isolation Forest,0.124285714285715
s043,80,LSTM Autoencoder,0.16153846153846152
s043,80,Hybrid,0.1562162162162162
s043,85,Isolation Forest,0.08500000000000066
s043,85,LSTM Autoencoder,0.12272727272727273
s043,85,Hybrid,0.11727272727272728
s043,90,Isolation Forest,0.10857142857142778
s043,90,LSTM Autoencoder,0.10413793103448273
s043,90,Hybrid,0.11142857142857143
s043,95,Isolation Forest,0.11600000000000033
s043,95,LSTM Autoencoder,0.11571428571428576
s043,95,Hybrid,0.11478260869565216
s043,100,Isolation Forest,0.13
s043,100,LSTM Autoencoder,0.11764705882352942
s043,100,Hybrid,0.11419354838709678
s043,150,Isolation Forest,0.20285714285714182
s043,150,LSTM Autoencoder,0.27
s043,150,Hybrid,0.26999999999999996
s043,200,Isolation Forest,0.2873684210526335
s043,200,LSTM Autoencoder,0.3288888888888889
s043,200,Hybrid,0.3288888888888889
s043,300,Isolation Forest,0.2871428571428556
s043,300,LSTM Autoencoder,0.36500000000000016
s043,300,Hybrid,0.365
s043,500,Isolation Forest,0.3767441860465044
s043,500,LSTM Autoencoder,0.43600000000000017
s043,500,Hybrid,0.4359999999999997
s044,1,Isolation Forest,0.06307692307692293
s044,1,LSTM Autoencoder,0.09471698113207547
s044,1,Hybrid,0.08976744186046512
s044,20,Isolation Forest,0.08499999999999988
s044,20,LSTM Autoencoder,0.11698630136986302
s044,20,Hybrid,0.10738095238095238
s044,30,Isolation Forest,0.09600000000000027
s044,30,LSTM Autoencoder,0.12
s044,30,Hybrid,0.11419354838709678
s044,50,Isolation Forest,0.13846153846153855
s044,50,LSTM Autoencoder,0.1807692307692308
s044,50,Hybrid,0.1733333333333333
s044,55,Isolation Forest,0.14
s044,55,LSTM Autoencoder,0.17724137931034484
s044,55,Hybrid,0.1711111111111111
s044,60,Isolation Forest,0.12666666666666662
s044,60,LSTM Autoencoder,0.17894736842105263
s044,60,Hybrid,0.17578947368421052
s044,65,Isolation Forest,0.14399999999999968
s044,65,LSTM Autoencoder,0.16363636363636364
s044,65,Hybrid,0.16428571428571428
s044,70,Isolation Forest,0.14499999999999968
s044,70,LSTM Autoencoder,0.16424242424242425
s044,70,Hybrid,0.162
s044,75,Isolation Forest,0.16769230769230736
s044,75,LSTM Autoencoder,0.17290322580645162
s044,75,Hybrid,0.1663157894736842
s044,80,Isolation Forest,0.16235294117647142
s044,80,LSTM Autoencoder,0.19617021276595745
s044,80,Hybrid,0.1895890410958904
s044,85,Isolation Forest,0.1866666666666666
s044,85,LSTM Autoencoder,0.22315789473684208
s044,85,Hybrid,0.21743589743589747
s044,90,Isolation Forest,0.16999999999999998
s044,90,LSTM Autoencoder,0.21285714285714286
s044,90,Hybrid,0.20879120879120883
s044,95,Isolation Forest,0.18
s044,95,LSTM Autoencoder,0.22494117647058823
s044,95,Hybrid,0.21647058823529414
s044,100,Isolation Forest,0.18799999999999972
s044,100,LSTM Autoencoder,0.2321951219512195
s044,100,Hybrid,0.2249180327868852
s044,150,Isolation Forest,0.225
s044,150,LSTM Autoencoder,0.315
s044,150,Hybrid,0.315
s044,200,Isolation Forest,0.23555555555555574
s044,200,LSTM Autoencoder,0.32500000000000007
s044,200,Hybrid,0.32500000000000007
s044,300,Isolation Forest,0.26399999999999846
s044,300,LSTM Autoencoder,0.405
s044,300,Hybrid,0.40500000000000014
s044,500,Isolation Forest,0.32
s044,500,LSTM Autoencoder,0.44
s044,500,Hybrid,0.44
s046,1,Isolation Forest,0.10499999999999958
s046,1,LSTM Autoencoder,0.13073170731707318
s046,1,Hybrid,0.12470588235294118
s046,20,Isolation Forest,0.12
s046,20,LSTM Autoencoder,0.12444444444444444
s046,20,Hybrid,0.112
s046,30,Isolation Forest,0.11000000000000029
s046,30,LSTM Autoencoder,0.13799999999999998
s046,30,Hybrid,0.12654545454545454
s046,50,Isolation Forest,0.13499999999999973
s046,50,LSTM Autoencoder,0.16145454545454546
s046,50,Hybrid,0.1577777777777778
s046,55,Isolation Forest,0.13499999999999984
s046,55,LSTM Autoencoder,0.18210526315789471
s046,55,Hybrid,0.17555555555555555
s046,60,Isolation Forest,0.14444444444444443
s046,60,LSTM Autoencoder,0.1930612244897959
s046,60,Hybrid,0.18171428571428572
s046,65,Isolation Forest,0.14923076923076928
s046,65,LSTM Autoencoder,0.2208
s046,65,Hybrid,0.21000000000000002
s046,70,Isolation Forest,0.14
s046,70,LSTM Autoencoder,0.23555555555555557
s046,70,Hybrid,0.2231578947368421
s046,75,Isolation Forest,0.1650000000000003
s046,75,LSTM Autoencoder,0.2566666666666666
s046,75,Hybrid,0.23639344262295084
s046,80,Isolation Forest,0.18499999999999983
s046,80,LSTM Autoencoder,0.26724137931034486
s046,80,Hybrid,0.26222222222222225
s046,85,Isolation Forest,0.22
s046,85,LSTM Autoencoder,0.3093877551020408
s046,85,Hybrid,0.3
s046,90,Isolation Forest,0.21499999999999986
s046,90,LSTM Autoencoder,0.28400000000000003
s046,90,Hybrid,0.2775
s046,95,Isolation Forest,0.20499999999999968
s046,95,LSTM Autoencoder,0.24444444444444446
s046,95,Hybrid,0.23591836734693877
s046,100,Isolation Forest,0.2040000000000003
s046,100,LSTM Autoencoder,0.23192307692307693
s046,100,Hybrid,0.221
s046,150,Isolation Forest,0.23200000000000032
s046,150,LSTM Autoencoder,0.23304347826086957
s046,150,Hybrid,0.22636363636363635
s046,200,Isolation Forest,0.34307692307692267
s046,200,LSTM Autoencoder,0.34571428571428575
s046,200,Hybrid,0.3488888888888889
s046,300,Isolation Forest,0.30222222222222217
s046,300,LSTM Autoencoder,0.4030769230769231
s046,300,Hybrid,0.4044444444444445
s046,500,Isolation Forest,0.29499999999999865
s046,500,LSTM Autoencoder,0.4760000000000001
s046,500,Hybrid,0.47599999999999987
s047,1,Isolation Forest,0.2879999999999998
s047,1,LSTM Autoencoder,0.2625
s047,1,Hybrid,0.26
s047,20,Isolation Forest,0.26499999999999974
s047,20,LSTM Autoencoder,0.268
s047,20,Hybrid,0.26153846153846155
s047,30,Isolation Forest,0.3049999999999998
s047,30,LSTM Autoencoder,0.29500000000000004
s047,30,Hybrid,0.28857142857142853
s047,50,Isolation Forest,0.29555555555555557
s047,50,LSTM Autoencoder,0.3414285714285714
s047,50,Hybrid,0.3378947368421053
s047,55,Isolation Forest,0.3
s047,55,LSTM Autoencoder,0.3422222222222222
s047,55,Hybrid,0.3422222222222222
s047,60,Isolation Forest,0.3022222222222223
s047,60,LSTM Autoencoder,0.34
s047,60,Hybrid,0.33000000000000007
s047,65,Isolation Forest,0.32499999999999984
s047,65,LSTM Autoencoder,0.36
s047,65,Hybrid,0.36540540540540534
s047,70,Isolation Forest,0.3600000000000007
s047,70,LSTM Autoencoder,0.40444444444444444
s047,70,Hybrid,0.4044444444444445
s047,75,Isolation Forest,0.384
s047,75,LSTM Autoencoder,0.4107692307692308
s047,75,Hybrid,0.4066666666666667
s047,80,Isolation Forest,0.38
s047,80,LSTM Autoencoder,0.41200000000000003
s047,80,Hybrid,0.4066666666666666
s047,85,Isolation Forest,0.324
s047,85,LSTM Autoencoder,0.405
s047,85,Hybrid,0.4
s047,90,Isolation Forest,0.34
s047,90,LSTM Autoencoder,0.4
s047,90,Hybrid,0.404
s047,95,Isolation Forest,0.31777777777777777
s047,95,LSTM Autoencoder,0.4157142857142857
s047,95,Hybrid,0.41230769230769226
s047,100,Isolation Forest,0.30888888888888894
s047,100,LSTM Autoencoder,0.412
s047,100,Hybrid,0.40222222222222226
s047,150,Isolation Forest,0.3879999999999997
s047,150,LSTM Autoencoder,0.374
s047,150,Hybrid,0.3717647058823529
s047,200,Isolation Forest,0.42
s047,200,LSTM Autoencoder,0.4866666666666667
s047,200,Hybrid,0.4822222222222222
s047,300,Isolation Forest,0.34444444444444444
s047,300,LSTM Autoencoder,0.5240000000000001
s047,300,Hybrid,0.5239999999999999
s047,500,Isolation Forest,0.3599999999999976
s047,500,LSTM Autoencoder,0.4955555555555555
s047,500,Hybrid,0.4955555555555555
s048,1,Isolation Forest,0.056
s048,1,LSTM Autoencoder,0.10181818181818182
s048,1,Hybrid,0.09266666666666666
s048,20,Isolation Forest,0.06
s048,20,LSTM Autoencoder,0.09629629629629628
s048,20,Hybrid,0.09607142857142857
s048,30,Isolation Forest,0.06
s048,30,LSTM Autoencoder,0.1076923076923077
s048,30,Hybrid,0.10444444444444445
s048,50,Isolation Forest,0.07200000000000001
s048,50,LSTM Autoencoder,0.12214689265536724
s048,50,Hybrid,0.11777777777777779
s048,55,Isolation Forest,0.08400000000000027
s048,55,LSTM Autoencoder,0.13576
s048,55,Hybrid,0.13121951219512196
s048,60,Isolation Forest,0.10799999999999943
s048,60,LSTM Autoencoder,0.18311284046692605
s048,60,Hybrid,0.17088607594936706
s048,65,Isolation Forest,0.12500000000000028
s048,65,LSTM Autoencoder,0.20617886178861788
s048,65,Hybrid,0.20521739130434782
s048,70,Isolation Forest,0.1349999999999992
s048,70,LSTM Autoencoder,0.22602150537634408
s048,70,Hybrid,0.21739130434782608
s048,75,Isolation Forest,0.1577777777777778
s048,75,LSTM Autoencoder,0.24082758620689654
s048,75,Hybrid,0.23740740740740743
s048,80,Isolation Forest,0.15599999999999975
s048,80,LSTM Autoencoder,0.26839506172839506
s048,80,Hybrid,0.2577011494252873
s048,85,Isolation Forest,0.12
s048,85,LSTM Autoencoder,0.2356390977443609
s048,85,Hybrid,0.22505263157894737
s048,90,Isolation Forest,0.105
s048,90,LSTM Autoencoder,0.2475675675675676
s048,90,Hybrid,0.23812154696132595
s048,95,Isolation Forest,0.09499999999999961
s048,95,LSTM Autoencoder,0.17790322580645163
s048,95,Hybrid,0.17515625
s048,100,Isolation Forest,0.09199999999999986
s048,100,LSTM Autoencoder,0.20087591240875913
s048,100,Hybrid,0.18944444444444447
s048,150,Isolation Forest,0.19199999999999973
s048,150,LSTM Autoencoder,0.21953488372093022
s048,150,Hybrid,0.21483870967741936
s048,200,Isolation Forest,0.19600000000000056
s048,200,LSTM Autoencoder,0.3738181818181818
s048,200,Hybrid,0.37333333333333335
s048,300,Isolation Forest,0.16888888888888876
s048,300,LSTM Autoencoder,0.44
s048,300,Hybrid,0.44
s048,500,Isolation Forest,0.16
s048,500,LSTM Autoencoder,0.4719999999999999
s048,500,Hybrid,0.47199999999999986
s049,1,Isolation Forest,0.06
s049,1,LSTM Autoencoder,0.10799999999999998
s049,1,Hybrid,0.1
s049,20,Isolation Forest,0.06
s049,20,LSTM Autoencoder,0.1
s049,20,Hybrid,0.1
s049,30,Isolation Forest,0.07000000000000049
s049,30,LSTM Autoencoder,0.12499999999999999
s049,30,Hybrid,0.115
s049,50,Isolation Forest,0.1755555555555554
s049,50,LSTM Autoencoder,0.18222222222222223
s049,50,Hybrid,0.16615384615384615
s049,55,Isolation Forest,0.12888888888888886
s049,55,LSTM Autoencoder,0.20888888888888887
s049,55,Hybrid,0.19500000000000006
s049,60,Isolation Forest,0.17200000000000049
s049,60,LSTM Autoencoder,0.24499999999999997
s049,60,Hybrid,0.23499999999999993
s049,65,Isolation Forest,0.17333333333333323
s049,65,LSTM Autoencoder,0.2699999999999999
s049,65,Hybrid,0.26
s049,70,Isolation Forest,0.19
s049,70,LSTM Autoencoder,0.30799999999999994
s049,70,Hybrid,0.30399999999999994
s049,75,Isolation Forest,0.17777777777777787
s049,75,LSTM Autoencoder,0.28400000000000003
s049,75,Hybrid,0.28
s049,80,Isolation Forest,0.2249999999999996
s049,80,LSTM Autoencoder,0.31000000000000005
s049,80,Hybrid,0.29599999999999993
s049,85,Isolation Forest,0.24666666666666676
s049,85,LSTM Autoencoder,0.35
s049,85,Hybrid,0.352
s049,90,Isolation Forest,0.28799999999999937
s049,90,LSTM Autoencoder,0.36
s049,90,Hybrid,0.3528571428571428
s049,95,Isolation Forest,0.3080000000000006
s049,95,LSTM Autoencoder,0.416
s049,95,Hybrid,0.39555555555555555
s049,100,Isolation Forest,0.3320000000000003
s049,100,LSTM Autoencoder,0.44799999999999984
s049,100,Hybrid,0.44
s049,150,Isolation Forest,0.39200000000000046
s049,150,LSTM Autoencoder,0.3442857142857142
s049,150,Hybrid,0.3355555555555556
s049,200,Isolation Forest,0.501176470588237
s049,200,LSTM Autoencoder,0.5039999999999998
s049,200,Hybrid,0.5
s049,300,Isolation Forest,0.5350000000000007
s049,300,LSTM Autoencoder,0.445
s049,300,Hybrid,0.44499999999999984
s049,500,Isolation Forest,0.4479999999999872
s049,500,LSTM Autoencoder,0.4759999999999994
s049,500,Hybrid,0.4760000000000003
s050,1,Isolation Forest,0.08
s050,1,LSTM Autoencoder,0.13142857142857145
s050,1,Hybrid,0.12491803278688524
s050,20,Isolation Forest,0.10399999999999987
s050,20,LSTM Autoencoder,0.13228070175438594
s050,20,Hybrid,0.12444444444444444
s050,30,Isolation Forest,0.10800000000000026
s050,30,LSTM Autoencoder,0.13741935483870968
s050,30,Hybrid,0.13315789473684211
s050,50,Isolation Forest,0.14
s050,50,LSTM Autoencoder,0.16254545454545455
s050,50,Hybrid,0.1556756756756757
s050,55,Isolation Forest,0.13499999999999973
s050,55,LSTM Autoencoder,0.18222222222222223
s050,55,Hybrid,0.17885714285714285
s050,60,Isolation Forest,0.1480000000000012
s050,60,LSTM Autoencoder,0.16666666666666666
s050,60,Hybrid,0.1605
s050,65,Isolation Forest,0.132
s050,65,LSTM Autoencoder,0.2172972972972973
s050,65,Hybrid,0.21076923076923076
s050,70,Isolation Forest,0.1479999999999997
s050,70,LSTM Autoencoder,0.20195121951219513
s050,70,Hybrid,0.19387755102040816
s050,75,Isolation Forest,0.15
s050,75,LSTM Autoencoder,0.17568627450980395
s050,75,Hybrid,0.1706666666666667
s050,80,Isolation Forest,0.15714285714285742
s050,80,LSTM Autoencoder,0.21500000000000002
s050,80,Hybrid,0.20926829268292685
s050,85,Isolation Forest,0.16
s050,85,LSTM Autoencoder,0.21399999999999997
s050,85,Hybrid,0.20945454545454545
s050,90,Isolation Forest,0.16400000000000015
s050,90,LSTM Autoencoder,0.21105263157894738
s050,90,Hybrid,0.20400000000000001
s050,95,Isolation Forest,0.17111111111111105
s050,95,LSTM Autoencoder,0.1937313432835821
s050,95,Hybrid,0.18458333333333332
s050,100,Isolation Forest,0.16999999999999998
s050,100,LSTM Autoencoder,0.2177777777777778
s050,100,Hybrid,0.20984615384615385
s050,150,Isolation Forest,0.19
s050,150,LSTM Autoencoder,0.276875
s050,150,Hybrid,0.2773333333333333
s050,200,Isolation Forest,0.2
s050,200,LSTM Autoencoder,0.3208695652173913
s050,200,Hybrid,0.3191304347826087
s050,300,Isolation Forest,0.212
s050,300,LSTM Autoencoder,0.41333333333333333
s050,300,Hybrid,0.41333333333333333
s050,500,Isolation Forest,0.23499999999999896
s050,500,LSTM Autoencoder,0.4560000000000004
s050,500,Hybrid,0.4559999999999995
s051,1,Isolation Forest,0.10400000000000026
s051,1,LSTM Autoencoder,0.09877551020408162
s051,1,Hybrid,0.10352112676056337
s051,20,Isolation Forest,0.10400000000000026
s051,20,LSTM Autoencoder,0.0994392523364486
s051,20,Hybrid,0.09661971830985916
s051,30,Isolation Forest,0.12444444444444444
s051,30,LSTM Autoencoder,0.11639344262295082
s051,30,Hybrid,0.1091304347826087
s051,50,Isolation Forest,0.116
s051,50,LSTM Autoencoder,0.11356643356643358
s051,50,Hybrid,0.11543624161073825
s051,55,Isolation Forest,0.13199999999999973
s051,55,LSTM Autoencoder,0.13571428571428573
s051,55,Hybrid,0.13111111111111112
s051,60,Isolation Forest,0.13285714285714262
s051,60,LSTM Autoencoder,0.14017241379310344
s051,60,Hybrid,0.14511278195488722
s051,65,Isolation Forest,0.14999999999999944
s051,65,LSTM Autoencoder,0.11896907216494845
s051,65,Hybrid,0.11881188118811882
s051,70,Isolation Forest,0.15599999999999892
s051,70,LSTM Autoencoder,0.12542372881355934
s051,70,Hybrid,0.12416666666666668
s051,75,Isolation Forest,0.165
s051,75,LSTM Autoencoder,0.13568345323741007
s051,75,Hybrid,0.13402985074626866
s051,80,Isolation Forest,0.14
s051,80,LSTM Autoencoder,0.16336134453781515
s051,80,Hybrid,0.15870967741935485
s051,85,Isolation Forest,0.12666666666666668
s051,85,LSTM Autoencoder,0.1656179775280899
s051,85,Hybrid,0.16157635467980297
s051,90,Isolation Forest,0.1300000000000006
s051,90,LSTM Autoencoder,0.17111111111111113
s051,90,Hybrid,0.1696078431372549
s051,95,Isolation Forest,0.12
s051,95,LSTM Autoencoder,0.15945945945945947
s051,95,Hybrid,0.15054545454545454
s051,100,Isolation Forest,0.12222222222222236
s051,100,LSTM Autoencoder,0.14081967213114754
s051,100,Hybrid,0.14037383177570095
s051,150,Isolation Forest,0.16800000000000062
s051,150,LSTM Autoencoder,0.12000000000000001
s051,150,Hybrid,0.11657142857142858
s051,200,Isolation Forest,0.18
s051,200,LSTM Autoencoder,0.2429090909090909
s051,200,Hybrid,0.23882352941176468
s051,300,Isolation Forest,0.1080000000000005
s051,300,LSTM Autoencoder,0.34923076923076923
s051,300,Hybrid,0.34705882352941175
s051,500,Isolation Forest,0.08
s051,500,LSTM Autoencoder,0.4520000000000002
s051,500,Hybrid,0.45199999999999985
s052,1,Isolation Forest,0.010000000000000262
s052,1,LSTM Autoencoder,0.031124999999999993
s052,1,Hybrid,0.030588235294117652
s052,20,Isolation Forest,0.01499999999999974
s052,20,LSTM Autoencoder,0.027417218543046358
s052,20,Hybrid,0.028965517241379315
s052,30,Isolation Forest,0.01599999999999987
s052,30,LSTM Autoencoder,0.032035398230088497
s052,30,Hybrid,0.03777777777777778
s052,50,Isolation Forest,0.02800000000000031
s052,50,LSTM Autoencoder,0.05493975903614458
s052,50,Hybrid,0.04727272727272727
s052,55,Isolation Forest,0.02
s052,55,LSTM Autoencoder,0.052676056338028174
s052,55,Hybrid,0.030802139037433163
s052,60,Isolation Forest,0.02799999999999946
s052,60,LSTM Autoencoder,0.07437722419928826
s052,60,Hybrid,0.06355871886120995
s052,65,Isolation Forest,0.03333333333333343
s052,65,LSTM Autoencoder,0.06302222222222222
s052,65,Hybrid,0.0536
s052,70,Isolation Forest,0.02
s052,70,LSTM Autoencoder,0.06227544910179641
s052,70,Hybrid,0.05405063291139241
s052,75,Isolation Forest,0.04800000000000014
s052,75,LSTM Autoencoder,0.07346341463414634
s052,75,Hybrid,0.07291666666666666
s052,80,Isolation Forest,0.03200000000000029
s052,80,LSTM Autoencoder,0.07284210526315789
s052,80,Hybrid,0.07076923076923076
s052,85,Isolation Forest,0.04500000000000061
s052,85,LSTM Autoencoder,0.06666666666666667
s052,85,Hybrid,0.07446808510638298
s052,90,Isolation Forest,0.03599999999999969
s052,90,LSTM Autoencoder,0.07104477611940299
s052,90,Hybrid,0.08524444444444446
s052,95,Isolation Forest,0.0449999999999997
s052,95,LSTM Autoencoder,0.07772151898734178
s052,95,Hybrid,0.07914893617021278
s052,100,Isolation Forest,0.05
s052,100,LSTM Autoencoder,0.08578947368421053
s052,100,Hybrid,0.09111111111111111
s052,150,Isolation Forest,0.10800000000000057
s052,150,LSTM Autoencoder,0.1746961325966851
s052,150,Hybrid,0.17297297297297298
s052,200,Isolation Forest,0.10444444444444427
s052,200,LSTM Autoencoder,0.26176795580110496
s052,200,Hybrid,0.26222222222222225
s052,300,Isolation Forest,0.1449999999999994
s052,300,LSTM Autoencoder,0.3063157894736842
s052,300,Hybrid,0.3057142857142857
s052,500,Isolation Forest,0.16399999999999407
s052,500,LSTM Autoencoder,0.3666666666666667
s052,500,Hybrid,0.3666666666666667
s053,1,Isolation Forest,0.024000000000000236
s053,1,LSTM Autoencoder,0.06541176470588236
s053,1,Hybrid,0.05417989417989418
s053,20,Isolation Forest,0.02666666666666663
s053,20,LSTM Autoencoder,0.07137614678899083
s053,20,Hybrid,0.06220588235294118
s053,30,Isolation Forest,0.029999999999999756
s053,30,LSTM Autoencoder,0.0817391304347826
s053,30,Hybrid,0.06309859154929578
s053,50,Isolation Forest,0.035
s053,50,LSTM Autoencoder,0.07158536585365852
s053,50,Hybrid,0.06579310344827585
s053,55,Isolation Forest,0.032000000000000244
s053,55,LSTM Autoencoder,0.05932960893854747
s053,55,Hybrid,0.07240506329113924
s053,60,Isolation Forest,0.03
s053,60,LSTM Autoencoder,0.0777922077922078
s053,60,Hybrid,0.0775
s053,65,Isolation Forest,0.04500000000000027
s053,65,LSTM Autoencoder,0.0814332247557003
s053,65,Hybrid,0.07692307692307693
s053,70,Isolation Forest,0.034999999999999726
s053,70,LSTM Autoencoder,0.08717791411042947
s053,70,Hybrid,0.07657142857142857
s053,75,Isolation Forest,0.044
s053,75,LSTM Autoencoder,0.11368421052631583
s053,75,Hybrid,0.08773195876288656
s053,80,Isolation Forest,0.05000000000000053
s053,80,LSTM Autoencoder,0.10729857819905214
s053,80,Hybrid,0.09355648535564853
s053,85,Isolation Forest,0.04499999999999949
s053,85,LSTM Autoencoder,0.11363636363636363
s053,85,Hybrid,0.09633802816901407
s053,90,Isolation Forest,0.0439999999999995
s053,90,LSTM Autoencoder,0.12246056782334383
s053,90,Hybrid,0.1079113924050633
s053,95,Isolation Forest,0.048000000000000494
s053,95,LSTM Autoencoder,0.10334883720930232
s053,95,Hybrid,0.09046511627906978
s053,100,Isolation Forest,0.035999999999999754
s053,100,LSTM Autoencoder,0.104070796460177
s053,100,Hybrid,0.09602484472049688
s053,150,Isolation Forest,0.06
s053,150,LSTM Autoencoder,0.15893617021276596
s053,150,Hybrid,0.150939226519337
s053,200,Isolation Forest,0.12
s053,200,LSTM Autoencoder,0.1872
s053,200,Hybrid,0.18641509433962264
s053,300,Isolation Forest,0.0839999999999991
s053,300,LSTM Autoencoder,0.2779661016949153
s053,300,Hybrid,0.2806451612903226
s053,500,Isolation Forest,0.095
s053,500,LSTM Autoencoder,0.3964705882352942
s053,500,Hybrid,0.39647058823529413
s054,1,Isolation Forest,0.07600000000000023
s054,1,LSTM Autoencoder,0.08533333333333333
s054,1,Hybrid,0.08057142857142857
s054,20,Isolation Forest,0.09200000000000048
s054,20,LSTM Autoencoder,0.09333333333333332
s054,20,Hybrid,0.09
s054,30,Isolation Forest,0.09
s054,30,LSTM Autoencoder,0.10923076923076923
s054,30,Hybrid,0.10359550561797753
s054,50,Isolation Forest,0.13499999999999987
s054,50,LSTM Autoencoder,0.14938775510204083
s054,50,Hybrid,0.1475
s054,55,Isolation Forest,0.09599999999999945
s054,55,LSTM Autoencoder,0.1756521739130435
s054,55,Hybrid,0.15510204081632653
s054,60,Isolation Forest,0.11200000000000015
s054,60,LSTM Autoencoder,0.18139130434782608
s054,60,Hybrid,0.16627450980392156
s054,65,Isolation Forest,0.12399999999999972
s054,65,LSTM Autoencoder,0.2177777777777778
s054,65,Hybrid,0.20205607476635515
s054,70,Isolation Forest,0.1360000000000003
s054,70,LSTM Autoencoder,0.19922077922077921
s054,70,Hybrid,0.19446153846153846
s054,75,Isolation Forest,0.165
s054,75,LSTM Autoencoder,0.21135135135135136
s054,75,Hybrid,0.2
s054,80,Isolation Forest,0.14999999999999974
s054,80,LSTM Autoencoder,0.21089285714285713
s054,80,Hybrid,0.20545454545454545
s054,85,Isolation Forest,0.1879999999999999
s054,85,LSTM Autoencoder,0.20142857142857143
s054,85,Hybrid,0.1944
s054,90,Isolation Forest,0.15199999999999947
s054,90,LSTM Autoencoder,0.2147169811320755
s054,90,Hybrid,0.20394366197183098
s054,95,Isolation Forest,0.15555555555555556
s054,95,LSTM Autoencoder,0.17443708609271524
s054,95,Hybrid,0.16314285714285715
s054,100,Isolation Forest,0.15
s054,100,LSTM Autoencoder,0.1962162162162162
s054,100,Hybrid,0.19344262295081965
s054,150,Isolation Forest,0.16105263157894684
s054,150,LSTM Autoencoder,0.2490566037735849
s054,150,Hybrid,0.245
s054,200,Isolation Forest,0.21600000000000152
s054,200,LSTM Autoencoder,0.3952941176470588
s054,200,Hybrid,0.39333333333333337
s054,300,Isolation Forest,0.10222222222222223
s054,300,LSTM Autoencoder,0.46444444444444444
s054,300,Hybrid,0.46307692307692305
s054,500,Isolation Forest,0.08888888888888902
s054,500,LSTM Autoencoder,0.47333333333333333
s054,500,Hybrid,0.47200000000000003
s055,1,Isolation Forest,0.01
s055,1,LSTM Autoencoder,0.03257142857142857
s055,1,Hybrid,0.027906976744186046
s055,20,Isolation Forest,0.015999999999999504
s055,20,LSTM Autoencoder,0.03290322580645161
s055,20,Hybrid,0.0296551724137931
s055,30,Isolation Forest,0.01600000000000025
s055,30,LSTM Autoencoder,0.0312
s055,30,Hybrid,0.028000000000000004
s055,50,Isolation Forest,0.012
s055,50,LSTM Autoencoder,0.029565217391304348
s055,50,Hybrid,0.030909090909090907
s055,55,Isolation Forest,0.028
s055,55,LSTM Autoencoder,0.029803921568627455
s055,55,Hybrid,0.031466666666666664
s055,60,Isolation Forest,0.014999999999999448
s055,60,LSTM Autoencoder,0.03843137254901961
s055,60,Hybrid,0.038571428571428576
s055,65,Isolation Forest,0.02
s055,65,LSTM Autoencoder,0.056082474226804124
s055,65,Hybrid,0.05276595744680851
s055,70,Isolation Forest,0.03
s055,70,LSTM Autoencoder,0.057894736842105256
s055,70,Hybrid,0.0542857142857143
s055,75,Isolation Forest,0.027999999999999386
s055,75,LSTM Autoencoder,0.06888888888888889
s055,75,Hybrid,0.06770491803278689
s055,80,Isolation Forest,0.0350000000000003
s055,80,LSTM Autoencoder,0.07534883720930233
s055,80,Hybrid,0.06958677685950414
s055,85,Isolation Forest,0.03600000000000057
s055,85,LSTM Autoencoder,0.08863905325443788
s055,85,Hybrid,0.07156862745098039
s055,90,Isolation Forest,0.02499999999999972
s055,90,LSTM Autoencoder,0.09491803278688525
s055,90,Hybrid,0.09555555555555556
s055,95,Isolation Forest,0.023999999999999723
s055,95,LSTM Autoencoder,0.08
s055,95,Hybrid,0.08
s055,100,Isolation Forest,0.032
s055,100,LSTM Autoencoder,0.09
s055,100,Hybrid,0.09172413793103448
s055,150,Isolation Forest,0.04
s055,150,LSTM Autoencoder,0.09065693430656932
s055,150,Hybrid,0.08835616438356161
s055,200,Isolation Forest,0.06500000000000036
s055,200,LSTM Autoencoder,0.22153846153846152
s055,200,Hybrid,0.22216216216216217
s055,300,Isolation Forest,0.02
s055,300,LSTM Autoencoder,0.26687500000000003
s055,300,Hybrid,0.266875
s055,500,Isolation Forest,0.02
s055,500,LSTM Autoencoder,0.41655172413793107
s055,500,Hybrid,0.4165517241379313
s056,1,Isolation Forest,0.065
s056,1,LSTM Autoencoder,0.11167883211678832
s056,1,Hybrid,0.0911578947368421
s056,20,Isolation Forest,0.08399999999999988
s056,20,LSTM Autoencoder,0.11266187050359713
s056,20,Hybrid,0.1068
s056,30,Isolation Forest,0.08
s056,30,LSTM Autoencoder,0.1123489932885906
s056,30,Hybrid,0.09612903225806452
s056,50,Isolation Forest,0.08000000000000052
s056,50,LSTM Autoencoder,0.14275862068965517
s056,50,Hybrid,0.13769230769230767
s056,55,Isolation Forest,0.104
s056,55,LSTM Autoencoder,0.12739130434782608
s056,55,Hybrid,0.12289655172413794
s056,60,Isolation Forest,0.085
s056,60,LSTM Autoencoder,0.1422413793103448
s056,60,Hybrid,0.12234042553191489
s056,65,Isolation Forest,0.08499999999999973
s056,65,LSTM Autoencoder,0.16542372881355932
s056,65,Hybrid,0.15514563106796114
s056,70,Isolation Forest,0.12999999999999884
s056,70,LSTM Autoencoder,0.190625
s056,70,Hybrid,0.1848076923076923
s056,75,Isolation Forest,0.15600000000000058
s056,75,LSTM Autoencoder,0.2241379310344828
s056,75,Hybrid,0.2054878048780488
s056,80,Isolation Forest,0.17200000000000054
s056,80,LSTM Autoencoder,0.23426356589147287
s056,80,Hybrid,0.21862745098039216
s056,85,Isolation Forest,0.2
s056,85,LSTM Autoencoder,0.26690909090909093
s056,85,Hybrid,0.261980198019802
s056,90,Isolation Forest,0.15599999999999972
s056,90,LSTM Autoencoder,0.250873786407767
s056,90,Hybrid,0.24909090909090909
s056,95,Isolation Forest,0.15600000000000014
s056,95,LSTM Autoencoder,0.24292682926829268
s056,95,Hybrid,0.23555555555555557
s056,100,Isolation Forest,0.14
s056,100,LSTM Autoencoder,0.238021978021978
s056,100,Hybrid,0.221875
s056,150,Isolation Forest,0.19200000000000064
s056,150,LSTM Autoencoder,0.20337662337662338
s056,150,Hybrid,0.19448275862068964
s056,200,Isolation Forest,0.22800000000000062
s056,200,LSTM Autoencoder,0.28909090909090907
s056,200,Hybrid,0.28548387096774197
s056,300,Isolation Forest,0.1320000000000019
s056,300,LSTM Autoencoder,0.3705
s056,300,Hybrid,0.3672727272727273
s056,500,Isolation Forest,0.1349999999999993
s056,500,LSTM Autoencoder,0.43076923076923074
s056,500,Hybrid,0.43
s057,1,Isolation Forest,0.10400000000000023
s057,1,LSTM Autoencoder,0.11777777777777777
s057,1,Hybrid,0.10666666666666666
s057,20,Isolation Forest,0.12
s057,20,LSTM Autoencoder,0.11485714285714285
s057,20,Hybrid,0.11615384615384616
s057,30,Isolation Forest,0.12
s057,30,LSTM Autoencoder,0.1355905511811024
s057,30,Hybrid,0.13130434782608696
s057,50,Isolation Forest,0.10666666666666666
s057,50,LSTM Autoencoder,0.15147540983606556
s057,50,Hybrid,0.1377142857142857
s057,55,Isolation Forest,0.11000000000000057
s057,55,LSTM Autoencoder,0.16992125984251968
s057,55,Hybrid,0.16697674418604652
s057,60,Isolation Forest,0.1360000000000006
s057,60,LSTM Autoencoder,0.1829787234042553
s057,60,Hybrid,0.17738562091503265
s057,65,Isolation Forest,0.12
s057,65,LSTM Autoencoder,0.1685714285714286
s057,65,Hybrid,0.16328358208955224
s057,70,Isolation Forest,0.12800000000000028
s057,70,LSTM Autoencoder,0.19311475409836065
s057,70,Hybrid,0.18666666666666665
s057,75,Isolation Forest,0.13199999999999973
s057,75,LSTM Autoencoder,0.18340425531914895
s057,75,Hybrid,0.17796610169491522
s057,80,Isolation Forest,0.12
s057,80,LSTM Autoencoder,0.2
s057,80,Hybrid,0.19333333333333336
s057,85,Isolation Forest,0.128
s057,85,LSTM Autoencoder,0.19836065573770492
s057,85,Hybrid,0.1864705882352941
s057,90,Isolation Forest,0.1485714285714289
s057,90,LSTM Autoencoder,0.1997590361445783
s057,90,Hybrid,0.19384615384615383
s057,95,Isolation Forest,0.12800000000000042
s057,95,LSTM Autoencoder,0.17490196078431372
s057,95,Hybrid,0.17095890410958903
s057,100,Isolation Forest,0.13200000000000062
s057,100,LSTM Autoencoder,0.19917525773195877
s057,100,Hybrid,0.19103448275862067
s057,150,Isolation Forest,0.13200000000000117
s057,150,LSTM Autoencoder,0.3373913043478261
s057,150,Hybrid,0.33606557377049184
s057,200,Isolation Forest,0.17200000000000126
s057,200,LSTM Autoencoder,0.4105882352941176
s057,200,Hybrid,0.40615384615384614
s057,300,Isolation Forest,0.10444444444444444
s057,300,LSTM Autoencoder,0.3520000000000001
s057,300,Hybrid,0.35199999999999987
s057,500,Isolation Forest,0.12444444444444432
s057,500,LSTM Autoencoder,0.44888888888888895
s057,500,Hybrid,0.44666666666666666
