subject,resolution_ms,jitter_seed,alpha,eer
s002,1,0,0.0,0.2529411764705882
s002,20,0,0.0,0.2485082872928177
s002,20,1,0.0,0.2424561403508772
s002,20,2,0.0,0.24706467661691545
s002,20,3,0.0,0.24024390243902438
s002,20,4,0.0,0.2507865168539326
s002,20,5,0.0,0.24645569620253166
s002,20,6,0.0,0.24497652582159624
s002,20,7,0.0,0.23910447761194029
s002,20,8,0.0,0.24610778443113773
s002,20,9,0.0,0.24617142857142857
s002,30,0,0.0,0.25935483870967746
s002,30,1,0.0,0.24531645569620253
s002,30,2,0.0,0.24454545454545457
s002,30,3,0.0,0.2388235294117647
s002,30,4,0.0,0.24949367088607596
s002,30,5,0.0,0.24546762589928056
s002,30,6,0.0,0.23012048192771084
s002,30,7,0.0,0.24329896907216497
s002,30,8,0.0,0.2614545454545455
s002,30,9,0.0,0.25145945945945947
s002,1,0,0.1,0.24751592356687896
s002,20,0,0.1,0.24721311475409835
s002,20,1,0.1,0.24114285714285716
s002,20,2,0.1,0.2511409395973154
s002,20,3,0.1,0.2439344262295082
s002,20,4,0.1,0.24583333333333335
s002,20,5,0.1,0.24303664921465967
s002,20,6,0.1,0.22977011494252875
s002,20,7,0.1,0.24764331210191085
s002,20,8,0.1,0.2456701030927835
s002,20,9,0.1,0.24854054054054053
s002,30,0,0.1,0.2550617283950617
s002,30,1,0.1,0.2450314465408805
s002,30,2,0.1,0.24320000000000003
s002,30,3,0.1,0.23912408759124087
s002,30,4,0.1,0.24824242424242424
s002,30,5,0.1,0.24613496932515339
s002,30,6,0.1,0.2473142857142857
s002,30,7,0.1,0.2481818181818182
s002,30,8,0.1,0.26018957345971566
s002,30,9,0.1,0.24772277227722772
s002,1,0,0.2,0.24982456140350878
s002,20,0,0.2,0.24769230769230768
s002,20,1,0.2,0.2442622950819672
s002,20,2,0.2,0.25115384615384617
s002,20,3,0.2,0.24615384615384617
s002,20,4,0.2,0.24883720930232556
s002,20,5,0.2,0.2436111111111111
s002,20,6,0.2,0.24772486772486774
s002,20,7,0.2,0.24610526315789472
s002,20,8,0.2,0.25054054054054054
s002,20,9,0.2,0.2534131736526946
s002,30,0,0.2,0.2531707317073171
s002,30,1,0.2,0.24610687022900762
s002,30,2,0.2,0.2507017543859649
s002,30,3,0.2,0.23886792452830188
s002,30,4,0.2,0.24714285714285714
s002,30,5,0.2,0.24181818181818182
s002,30,6,0.2,0.23720207253886008
s002,30,7,0.2,0.2540983606557377
s002,30,8,0.2,0.27186440677966106
s002,30,9,0.2,0.2521568627450981
s002,1,0,0.3,0.25408
s002,20,0,0.3,0.24702702702702703
s002,20,1,0.3,0.24196078431372547
s002,20,2,0.3,0.25411764705882356
s002,20,3,0.3,0.24137931034482757
s002,20,4,0.3,0.25275862068965516
s002,20,5,0.3,0.25103825136612024
s002,20,6,0.3,0.23647798742138365
s002,20,7,0.3,0.2501492537313433
s002,20,8,0.3,0.25135135135135134
s002,20,9,0.3,0.24712499999999998
s002,30,0,0.3,0.25659574468085106
s002,30,1,0.3,0.24435374149659866
s002,30,2,0.3,0.24955752212389382
s002,30,3,0.3,0.24119402985074628
s002,30,4,0.3,0.2523076923076923
s002,30,5,0.3,0.2467080745341615
s002,30,6,0.3,0.2436708860759494
s002,30,7,0.3,0.2610650887573964
s002,30,8,0.3,0.26962962962962966
s002,30,9,0.3,0.25533742331288345
s002,1,0,0.4,0.2511811023622047
s002,20,0,0.4,0.24541353383458647
s002,20,1,0.4,0.2442384105960265
s002,20,2,0.4,0.2598561151079137
s002,20,3,0.4,0.2429530201342282
s002,20,4,0.4,0.2545945945945946
s002,20,5,0.4,0.25
s002,20,6,0.4,0.24
s002,20,7,0.4,0.24564885496183206
s002,20,8,0.4,0.24926470588235294
s002,20,9,0.4,0.25371428571428567
s002,30,0,0.4,0.255
s002,30,1,0.4,0.246
s002,30,2,0.4,0.24878504672897195
s002,30,3,0.4,0.23913978494623656
s002,30,4,0.4,0.25366336633663367
s002,30,5,0.4,0.23899280575539567
s002,30,6,0.4,0.2423529411764706
s002,30,7,0.4,0.2597402597402597
s002,30,8,0.4,0.2657627118644068
s002,30,9,0.4,0.25806896551724134
s002,1,0,0.5,0.256701030927835
s002,20,0,0.5,0.24467153284671533
s002,20,1,0.5,0.24218487394957983
s002,20,2,0.5,0.2664
s002,20,3,0.5,0.2409090909090909
s002,20,4,0.5,0.25157894736842107
s002,20,5,0.5,0.25297297297297294
s002,20,6,0.5,0.24625000000000002
s002,20,7,0.5,0.24615384615384617
s002,20,8,0.5,0.25339805825242717
s002,20,9,0.5,0.2528571428571429
s002,30,0,0.5,0.252
s002,30,1,0.5,0.24480000000000002
s002,30,2,0.5,0.2512
s002,30,3,0.5,0.23846153846153845
s002,30,4,0.5,0.25486725663716814
s002,30,5,0.5,0.24119402985074628
s002,30,6,0.5,0.23641791044776123
s002,30,7,0.5,0.258125
s002,30,8,0.5,0.2643971631205674
s002,30,9,0.5,0.25655172413793104
s002,1,0,0.6,0.2522772277227723
s002,20,0,0.6,0.2476923076923077
s002,20,1,0.6,0.24571428571428572
s002,20,2,0.6,0.263448275862069
s002,20,3,0.6,0.244
s002,20,4,0.6,0.2553846153846154
s002,20,5,0.6,0.26037383177570095
s002,20,6,0.6,0.24419753086419754
s002,20,7,0.6,0.24473684210526314
s002,20,8,0.6,0.24979591836734694
s002,20,9,0.6,0.25666666666666665
s002,30,0,0.6,0.2506666666666667
s002,30,1,0.6,0.24568421052631578
s002,30,2,0.6,0.25230769230769234
s002,30,3,0.6,0.24153846153846154
s002,30,4,0.6,0.25629629629629624
s002,30,5,0.6,0.23833333333333334
s002,30,6,0.6,0.2392
s002,30,7,0.6,0.2632
s002,30,8,0.6,0.26857142857142857
s002,30,9,0.6,0.25475728155339805
s002,1,0,0.7,0.24767123287671233
s002,20,0,0.7,0.24352941176470588
s002,20,1,0.7,0.24243243243243245
s002,20,2,0.7,0.26
s002,20,3,0.7,0.24328358208955225
s002,20,4,0.7,0.2502127659574468
s002,20,5,0.7,0.25634146341463415
s002,20,6,0.7,0.2423728813559322
s002,20,7,0.7,0.2444444444444444
s002,20,8,0.7,0.2505263157894737
s002,20,9,0.7,0.2617857142857143
s002,30,0,0.7,0.24790123456790125
s002,30,1,0.7,0.2388235294117647
s002,30,2,0.7,0.250625
s002,30,3,0.7,0.24457142857142858
s002,30,4,0.7,0.25658536585365854
s002,30,5,0.7,0.23609756097560974
s002,30,6,0.7,0.23846153846153847
s002,30,7,0.7,0.2546478873239436
s002,30,8,0.7,0.26216216216216215
s002,30,9,0.7,0.24727272727272726
s002,1,0,0.8,0.24720000000000003
s002,20,0,0.8,0.24787878787878787
s002,20,1,0.8,0.24754716981132074
s002,20,2,0.8,0.2614545454545455
s002,20,3,0.8,0.2475
s002,20,4,0.8,0.25230769230769234
s002,20,5,0.8,0.2555932203389831
s002,20,6,0.8,0.24711111111111111
s002,20,7,0.8,0.244
s002,20,8,0.8,0.2544186046511628
s002,20,9,0.8,0.2656140350877193
s002,30,0,0.8,0.24888888888888888
s002,30,1,0.8,0.24
s002,30,2,0.8,0.24140350877192984
s002,30,3,0.8,0.24511627906976743
s002,30,4,0.8,0.25540983606557377
s002,30,5,0.8,0.23333333333333334
s002,30,6,0.8,0.2353846153846154
s002,30,7,0.8,0.25058823529411767
s002,30,8,0.8,0.26
s002,30,9,0.8,0.24562499999999998
s002,1,0,0.9,0.245
s002,20,0,0.9,0.24352941176470588
s002,20,1,0.9,0.24413793103448272
s002,20,2,0.9,0.26095238095238094
s002,20,3,0.9,0.25
s002,20,4,0.9,0.24666666666666665
s002,20,5,0.9,0.25828571428571434
s002,20,6,0.9,0.24222222222222223
s002,20,7,0.9,0.2369230769230769
s002,20,8,0.9,0.25230769230769234
s002,20,9,0.9,0.2615384615384615
s002,30,0,0.9,0.2510344827586207
s002,30,1,0.9,0.23809523809523808
s002,30,2,0.9,0.23777777777777775
s002,30,3,0.9,0.2416
s002,30,4,0.9,0.2555555555555556
s002,30,5,0.9,0.231
s002,30,6,0.9,0.23540983606557375
s002,30,7,0.9,0.24311111111111114
s002,30,8,0.9,0.25488372093023254
s002,30,9,0.9,0.24878048780487805
s002,1,0,1.0,0.24499999999999994
s002,20,0,1.0,0.245
s002,20,1,1.0,0.245
s002,20,2,1.0,0.26
s002,20,3,1.0,0.26
s002,20,4,1.0,0.25
s002,20,5,1.0,0.245
s002,20,6,1.0,0.25
s002,20,7,1.0,0.23555555555555555
s002,20,8,1.0,0.25
s002,20,9,1.0,0.26
s002,30,0,1.0,0.24399999999999994
s002,30,1,1.0,0.24153846153846156
s002,30,2,1.0,0.235
s002,30,3,1.0,0.2444444444444444
s002,30,4,1.0,0.24499999999999983
s002,30,5,1.0,0.23692307692307696
s002,30,6,1.0,0.235
s002,30,7,1.0,0.24
s002,30,8,1.0,0.245
s002,30,9,1.0,0.2500000000000001
s003,1,0,0.0,0.22695652173913045
s003,20,0,0.0,0.22857142857142856
s003,20,1,0.0,0.22341463414634147
s003,20,2,0.0,0.22375
s003,20,3,0.0,0.23384615384615387
s003,20,4,0.0,0.229247311827957
s003,20,5,0.0,0.2215
s003,20,6,0.0,0.22340425531914893
s003,20,7,0.0,0.23289719626168226
s003,20,8,0.0,0.22304761904761905
s003,20,9,0.0,0.2280392156862745
s003,30,0,0.0,0.23304347826086957
s003,30,1,0.0,0.21733333333333332
s003,30,2,0.0,0.22
s003,30,3,0.0,0.20556962025316455
s003,30,4,0.0,0.22155844155844157
s003,30,5,0.0,0.22383561643835617
s003,30,6,0.0,0.221123595505618
s003,30,7,0.0,0.22285714285714286
s003,30,8,0.0,0.2252173913043478
s003,30,9,0.0,0.22435897435897437
s003,1,0,0.1,0.2216842105263158
s003,20,0,0.1,0.22756756756756757
s003,20,1,0.1,0.22157894736842104
s003,20,2,0.1,0.21555555555555556
s003,20,3,0.1,0.23199999999999998
s003,20,4,0.1,0.22136363636363637
s003,20,5,0.1,0.2178313253012048
s003,20,6,0.1,0.22
s003,20,7,0.1,0.22990291262135923
s003,20,8,0.1,0.22
s003,20,9,0.1,0.22376470588235295
s003,30,0,0.1,0.22926315789473684
s003,30,1,0.1,0.21609756097560973
s003,30,2,0.1,0.21233333333333332
s003,30,3,0.1,0.2041025641025641
s003,30,4,0.1,0.22097560975609754
s003,30,5,0.1,0.2156
s003,30,6,0.1,0.21555555555555556
s003,30,7,0.1,0.22359550561797753
s003,30,8,0.1,0.22018348623853212
s003,30,9,0.1,0.22
s003,1,0,0.2,0.2177777777777778
s003,20,0,0.2,0.22604651162790695
s003,20,1,0.2,0.21690140845070421
s003,20,2,0.2,0.2073913043478261
s003,20,3,0.2,0.229126213592233
s003,20,4,0.2,0.2188
s003,20,5,0.2,0.21954022988505748
s003,20,6,0.2,0.21468085106382978
s003,20,7,0.2,0.22155339805825242
s003,20,8,0.2,0.21857142857142856
s003,20,9,0.2,0.21348837209302324
s003,30,0,0.2,0.2288607594936709
s003,30,1,0.2,0.21176470588235297
s003,30,2,0.2,0.20750000000000002
s003,30,3,0.2,0.19837837837837838
s003,30,4,0.2,0.21806451612903227
s003,30,5,0.2,0.21000000000000002
s003,30,6,0.2,0.2159493670886076
s003,30,7,0.2,0.22113636363636363
s003,30,8,0.2,0.21333333333333332
s003,30,9,0.2,0.21878787878787878
s003,1,0,0.3,0.21046511627906977
s003,20,0,0.3,0.21148936170212768
s003,20,1,0.3,0.21111111111111114
s003,20,2,0.3,0.20108108108108108
s003,20,3,0.3,0.22528735632183908
s003,20,4,0.3,0.20850574712643677
s003,20,5,0.3,0.2109677419354839
s003,20,6,0.3,0.21052631578947367
s003,20,7,0.3,0.21630434782608696
s003,20,8,0.3,0.21706666666666669
s003,20,9,0.3,0.20782608695652174
s003,30,0,0.3,0.21890109890109893
s003,30,1,0.3,0.20322580645161292
s003,30,2,0.3,0.20242424242424245
s003,30,3,0.3,0.19651162790697674
s003,30,4,0.3,0.20754098360655737
s003,30,5,0.3,0.2088888888888889
s003,30,6,0.3,0.20216216216216215
s003,30,7,0.3,0.22
s003,30,8,0.3,0.20989473684210525
s003,30,9,0.3,0.21875
s003,1,0,0.4,0.2011764705882353
s003,20,0,0.4,0.20676923076923076
s003,20,1,0.4,0.2081967213114754
s003,20,2,0.4,0.19622641509433963
s003,20,3,0.4,0.22281690140845067
s003,20,4,0.4,0.2043478260869565
s003,20,5,0.4,0.2088888888888889
s003,20,6,0.4,0.20285714285714285
s003,20,7,0.4,0.20987012987012987
s003,20,8,0.4,0.20575342465753427
s003,20,9,0.4,0.19927710843373492
s003,30,0,0.4,0.22149253731343282
s003,30,1,0.4,0.2032
s003,30,2,0.4,0.1934615384615385
s003,30,3,0.4,0.19287671232876713
s003,30,4,0.4,0.2042622950819672
s003,30,5,0.4,0.20430379746835442
s003,30,6,0.4,0.20684931506849313
s003,30,7,0.4,0.209438202247191
s003,30,8,0.4,0.2064
s003,30,9,0.4,0.21132075471698114
s003,1,0,0.5,0.1992857142857143
s003,20,0,0.5,0.2051948051948052
s003,20,1,0.5,0.20373333333333332
s003,20,2,0.5,0.19473684210526318
s003,20,3,0.5,0.2161764705882353
s003,20,4,0.5,0.1970588235294118
s003,20,5,0.5,0.20092307692307693
s003,20,6,0.5,0.20222222222222222
s003,20,7,0.5,0.19902439024390245
s003,20,8,0.5,0.19846153846153847
s003,20,9,0.5,0.19083333333333335
s003,30,0,0.5,0.21508196721311473
s003,30,1,0.5,0.2
s003,30,2,0.5,0.19492537313432834
s003,30,3,0.5,0.19058823529411767
s003,30,4,0.5,0.20333333333333334
s003,30,5,0.5,0.19627118644067798
s003,30,6,0.5,0.19333333333333333
s003,30,7,0.5,0.207
s003,30,8,0.5,0.20222222222222225
s003,30,9,0.5,0.2085
s003,1,0,0.6,0.19555555555555557
s003,20,0,0.6,0.19384615384615383
s003,20,1,0.6,0.19890909090909092
s003,20,2,0.6,0.19555555555555554
s003,20,3,0.6,0.21333333333333332
s003,20,4,0.6,0.19541666666666668
s003,20,5,0.6,0.2
s003,20,6,0.6,0.2
s003,20,7,0.6,0.19386666666666663
s003,20,8,0.6,0.1975609756097561
s003,20,9,0.6,0.19153846153846155
s003,30,0,0.6,0.2033333333333333
s003,30,1,0.6,0.18792452830188677
s003,30,2,0.6,0.18307692307692308
s003,30,3,0.6,0.19121951219512195
s003,30,4,0.6,0.2
s003,30,5,0.6,0.19125
s003,30,6,0.6,0.185
s003,30,7,0.6,0.20838709677419354
s003,30,8,0.6,0.19830985915492957
s003,30,9,0.6,0.20666666666666667
s003,1,0,0.7,0.19
s003,20,0,0.7,0.19541666666666668
s003,20,1,0.7,0.19543859649122808
s003,20,2,0.7,0.19692307692307692
s003,20,3,0.7,0.2092
s003,20,4,0.7,0.190625
s003,20,5,0.7,0.19217391304347828
s003,20,6,0.7,0.18874999999999997
s003,20,7,0.7,0.18857142857142856
s003,20,8,0.7,0.19538461538461538
s003,20,9,0.7,0.18648648648648647
s003,30,0,0.7,0.19803921568627453
s003,30,1,0.7,0.1847457627118644
s003,30,2,0.7,0.17833333333333334
s003,30,3,0.7,0.18784313725490198
s003,30,4,0.7,0.194
s003,30,5,0.7,0.18603773584905664
s003,30,6,0.7,0.179047619047619
s003,30,7,0.7,0.20400000000000001
s003,30,8,0.7,0.1946938775510204
s003,30,9,0.7,0.1989189189189189
s003,1,0,0.8,0.17588235294117646
s003,20,0,0.8,0.18941176470588234
s003,20,1,0.8,0.18761904761904763
s003,20,2,0.8,0.18
s003,20,3,0.8,0.20645161290322578
s003,20,4,0.8,0.18971428571428572
s003,20,5,0.8,0.18687499999999999
s003,20,6,0.8,0.18636363636363637
s003,20,7,0.8,0.18222222222222223
s003,20,8,0.8,0.18923076923076923
s003,20,9,0.8,0.18142857142857144
s003,30,0,0.8,0.18818181818181817
s003,30,1,0.8,0.18454545454545454
s003,30,2,0.8,0.17777777777777776
s003,30,3,0.8,0.18888888888888888
s003,30,4,0.8,0.19111111111111112
s003,30,5,0.8,0.17939393939393938
s003,30,6,0.8,0.18
s003,30,7,0.8,0.19727272727272727
s003,30,8,0.8,0.18451612903225806
s003,30,9,0.8,0.19333333333333336
s003,1,0,0.9,0.172
s003,20,0,0.9,0.1871428571428571
s003,20,1,0.9,0.18615384615384617
s003,20,2,0.9,0.1711111111111111
s003,20,3,0.9,0.19181818181818183
s003,20,4,0.9,0.17679999999999996
s003,20,5,0.9,0.18800000000000003
s003,20,6,0.9,0.184
s003,20,7,0.9,0.176
s003,20,8,0.9,0.18625
s003,20,9,0.9,0.17777777777777776
s003,30,0,0.9,0.17571428571428568
s003,30,1,0.9,0.18285714285714283
s003,30,2,0.9,0.17538461538461536
s003,30,3,0.9,0.184
s003,30,4,0.9,0.18666666666666665
s003,30,5,0.9,0.17181818181818181
s003,30,6,0.9,0.17555555555555555
s003,30,7,0.9,0.19076923076923077
s003,30,8,0.9,0.1825
s003,30,9,0.9,0.18705882352941175
s003,1,0,1.0,0.17200000000000004
s003,20,0,1.0,0.1880000000000001
s003,20,1,1.0,0.18
s003,20,2,1.0,0.1720000000000001
s003,20,3,1.0,0.1850000000000001
s003,20,4,1.0,0.1719999999999999
s003,20,5,1.0,0.18
s003,20,6,1.0,0.1785714285714286
s003,20,7,1.0,0.1719999999999999
s003,20,8,1.0,0.18444444444444447
s003,20,9,1.0,0.1760000000000001
s003,30,0,1.0,0.1733333333333333
s003,30,1,1.0,0.18399999999999994
s003,30,2,1.0,0.17200000000000004
s003,30,3,1.0,0.18
s003,30,4,1.0,0.1760000000000001
s003,30,5,1.0,0.165
s003,30,6,1.0,0.1680000000000001
s003,30,7,1.0,0.185
s003,30,8,1.0,0.18
s003,30,9,1.0,0.18399999999999994
s004,1,0,0.0,0.12186046511627907
s004,20,0,0.0,0.11648351648351649
s004,20,1,0.0,0.1375609756097561
s004,20,2,0.0,0.12444444444444444
s004,20,3,0.0,0.14307692307692307
s004,20,4,0.0,0.12833333333333333
s004,20,5,0.0,0.12782608695652176
s004,20,6,0.0,0.12022471910112359
s004,20,7,0.0,0.11879518072289158
s004,20,8,0.0,0.12989690721649483
s004,20,9,0.0,0.13214285714285715
s004,30,0,0.0,0.14115384615384616
s004,30,1,0.0,0.13495145631067962
s004,30,2,0.0,0.13875
s004,30,3,0.0,0.11397590361445784
s004,30,4,0.0,0.12636363636363634
s004,30,5,0.0,0.14461538461538462
s004,30,6,0.0,0.14
s004,30,7,0.0,0.1322314049586777
s004,30,8,0.0,0.1269642857142857
s004,30,9,0.0,0.1420588235294118
s004,1,0,0.1,0.11246376811594203
s004,20,0,0.1,0.10758620689655174
s004,20,1,0.1,0.13342465753424657
s004,20,2,0.1,0.11025
s004,20,3,0.1,0.13666666666666666
s004,20,4,0.1,0.13052631578947368
s004,20,5,0.1,0.12440677966101694
s004,20,6,0.1,0.1111111111111111
s004,20,7,0.1,0.1188235294117647
s004,20,8,0.1,0.12734177215189874
s004,20,9,0.1,0.12526315789473685
s004,30,0,0.1,0.12903225806451613
s004,30,1,0.1,0.12463157894736843
s004,30,2,0.1,0.12608
s004,30,3,0.1,0.10337662337662337
s004,30,4,0.1,0.11692307692307692
s004,30,5,0.1,0.13786666666666667
s004,30,6,0.1,0.12923076923076923
s004,30,7,0.1,0.12444444444444445
s004,30,8,0.1,0.11608247422680412
s004,30,9,0.1,0.13333333333333333
s004,1,0,0.2,0.11290322580645161
s004,20,0,0.2,0.10615384615384615
s004,20,1,0.2,0.12715789473684214
s004,20,2,0.2,0.11408450704225352
s004,20,3,0.2,0.12873239436619716
s004,20,4,0.2,0.1210126582278481
s004,20,5,0.2,0.1189010989010989
s004,20,6,0.2,0.10666666666666667
s004,20,7,0.2,0.11454545454545453
s004,20,8,0.2,0.12178571428571429
s004,20,9,0.2,0.11535714285714285
s004,30,0,0.2,0.12623376623376625
s004,30,1,0.2,0.12444444444444444
s004,30,2,0.2,0.1189010989010989
s004,30,3,0.2,0.1088888888888889
s004,30,4,0.2,0.11627118644067796
s004,30,5,0.2,0.12444444444444444
s004,30,6,0.2,0.12444444444444444
s004,30,7,0.2,0.1185
s004,30,8,0.2,0.11142857142857143
s004,30,9,0.2,0.12967741935483873
s004,1,0,0.3,0.109
s004,20,0,0.3,0.10421052631578948
s004,20,1,0.3,0.1231578947368421
s004,20,2,0.3,0.10246153846153847
s004,20,3,0.3,0.12842105263157894
s004,20,4,0.3,0.11277777777777778
s004,20,5,0.3,0.11483146067415731
s004,20,6,0.3,0.10683544303797468
s004,20,7,0.3,0.1126086956521739
s004,20,8,0.3,0.12
s004,20,9,0.3,0.11494736842105263
s004,30,0,0.3,0.1111111111111111
s004,30,1,0.3,0.10952380952380952
s004,30,2,0.3,0.11170731707317073
s004,30,3,0.3,0.10736842105263159
s004,30,4,0.3,0.10666666666666666
s004,30,5,0.3,0.1168
s004,30,6,0.3,0.12776470588235295
s004,30,7,0.3,0.11792207792207793
s004,30,8,0.3,0.1123076923076923
s004,30,9,0.3,0.11836734693877551
s004,1,0,0.4,0.1082758620689655
s004,20,0,0.4,0.10857142857142857
s004,20,1,0.4,0.12
s004,20,2,0.4,0.10533333333333333
s004,20,3,0.4,0.1232
s004,20,4,0.4,0.11047619047619048
s004,20,5,0.4,0.11210526315789474
s004,20,6,0.4,0.11076923076923077
s004,20,7,0.4,0.11212121212121212
s004,20,8,0.4,0.11403508771929825
s004,20,9,0.4,0.1090909090909091
s004,30,0,0.4,0.10327272727272727
s004,30,1,0.4,0.11018181818181817
s004,30,2,0.4,0.10285714285714286
s004,30,3,0.4,0.1111111111111111
s004,30,4,0.4,0.09833333333333333
s004,30,5,0.4,0.11333333333333334
s004,30,6,0.4,0.11555555555555555
s004,30,7,0.4,0.1148
s004,30,8,0.4,0.11352941176470589
s004,30,9,0.4,0.11527272727272728
s004,1,0,0.5,0.10742857142857143
s004,20,0,0.5,0.10526315789473684
s004,20,1,0.5,0.11478260869565217
s004,20,2,0.5,0.10243902439024391
s004,20,3,0.5,0.12250000000000001
s004,20,4,0.5,0.10695652173913044
s004,20,5,0.5,0.11232558139534884
s004,20,6,0.5,0.10583333333333333
s004,20,7,0.5,0.10833333333333334
s004,20,8,0.5,0.11263157894736842
s004,20,9,0.5,0.1
s004,30,0,0.5,0.09375
s004,30,1,0.5,0.10416666666666666
s004,30,2,0.5,0.09580645161290322
s004,30,3,0.5,0.10461538461538461
s004,30,4,0.5,0.09904761904761904
s004,30,5,0.5,0.1073076923076923
s004,30,6,0.5,0.11555555555555555
s004,30,7,0.5,0.11275862068965517
s004,30,8,0.5,0.11157894736842104
s004,30,9,0.5,0.11081081081081082
s004,1,0,0.6,0.10137931034482758
s004,20,0,0.6,0.1008
s004,20,1,0.6,0.10709677419354839
s004,20,2,0.6,0.10064516129032258
s004,20,3,0.6,0.11333333333333334
s004,20,4,0.6,0.10400000000000001
s004,20,5,0.6,0.10666666666666666
s004,20,6,0.6,0.10875
s004,20,7,0.6,0.1076923076923077
s004,20,8,0.6,0.10473684210526316
s004,20,9,0.6,0.09538461538461539
s004,30,0,0.6,0.0956
s004,30,1,0.6,0.09777777777777778
s004,30,2,0.6,0.09499999999999999
s004,30,3,0.6,0.10108108108108108
s004,30,4,0.6,0.09619047619047619
s004,30,5,0.6,0.09948717948717949
s004,30,6,0.6,0.11560000000000001
s004,30,7,0.6,0.1076595744680851
s004,30,8,0.6,0.10538461538461538
s004,30,9,0.6,0.10864864864864865
s004,1,0,0.7,0.10153846153846154
s004,20,0,0.7,0.1
s004,20,1,0.7,0.10222222222222221
s004,20,2,0.7,0.09777777777777778
s004,20,3,0.7,0.10941176470588235
s004,20,4,0.7,0.10222222222222221
s004,20,5,0.7,0.10585365853658538
s004,20,6,0.7,0.10500000000000001
s004,20,7,0.7,0.10545454545454545
s004,20,8,0.7,0.10750000000000001
s004,20,9,0.7,0.09130434782608696
s004,30,0,0.7,0.0955
s004,30,1,0.7,0.105625
s004,30,2,0.7,0.092
s004,30,3,0.7,0.1
s004,30,4,0.7,0.09714285714285714
s004,30,5,0.7,0.09937499999999999
s004,30,6,0.7,0.11692307692307694
s004,30,7,0.7,0.10727272727272727
s004,30,8,0.7,0.1073076923076923
s004,30,9,0.7,0.10615384615384615
s004,1,0,0.8,0.10153846153846154
s004,20,0,0.8,0.09411764705882353
s004,20,1,0.8,0.10363636363636364
s004,20,2,0.8,0.1
s004,20,3,0.8,0.10923076923076923
s004,20,4,0.8,0.09777777777777778
s004,20,5,0.8,0.10146341463414635
s004,20,6,0.8,0.10347826086956521
s004,20,7,0.8,0.1057142857142857
s004,20,8,0.8,0.10454545454545455
s004,20,9,0.8,0.08941176470588236
s004,30,0,0.8,0.09517241379310344
s004,30,1,0.8,0.10869565217391304
s004,30,2,0.8,0.09333333333333332
s004,30,3,0.8,0.1
s004,30,4,0.8,0.09555555555555556
s004,30,5,0.8,0.1
s004,30,6,0.8,0.11384615384615385
s004,30,7,0.8,0.11454545454545455
s004,30,8,0.8,0.1087179487179487
s004,30,9,0.8,0.10666666666666666
s004,1,0,0.9,0.10307692307692307
s004,20,0,0.9,0.096
s004,20,1,0.9,0.10222222222222221
s004,20,2,0.9,0.1
s004,20,3,0.9,0.1
s004,20,4,0.9,0.09846153846153846
s004,20,5,0.9,0.10799999999999998
s004,20,6,0.9,0.10499999999999998
s004,20,7,0.9,0.10615384615384615
s004,20,8,0.9,0.10666666666666666
s004,20,9,0.9,0.088
s004,30,0,0.9,0.09076923076923077
s004,30,1,0.9,0.09894736842105264
s004,30,2,0.9,0.09199999999999998
s004,30,3,0.9,0.10400000000000001
s004,30,4,0.9,0.09111111111111111
s004,30,5,0.9,0.10400000000000004
s004,30,6,0.9,0.10499999999999998
s004,30,7,0.9,0.11199999999999999
s004,30,8,0.9,0.10521739130434783
s004,30,9,0.9,0.10400000000000001
s004,1,0,1.0,0.1
s004,20,0,1.0,0.09199999999999996
s004,20,1,1.0,0.108
s004,20,2,1.0,0.1
s004,20,3,1.0,0.10500000000000004
s004,20,4,1.0,0.09200000000000003
s004,20,5,1.0,0.10799999999999998
s004,20,6,1.0,0.10799999999999998
s004,20,7,1.0,0.105
s004,20,8,1.0,0.1
s004,20,9,1.0,0.09111111111111109
s004,30,0,1.0,0.08444444444444442
s004,30,1,1.0,0.09199999999999997
s004,30,2,1.0,0.0911111111111111
s004,30,3,1.0,0.104
s004,30,4,1.0,0.09500000000000004
s004,30,5,1.0,0.10399999999999995
s004,30,6,1.0,0.10222222222222224
s004,30,7,1.0,0.112
s004,30,8,1.0,0.1
s004,30,9,1.0,0.10799999999999993
s005,1,0,0.0,0.06727272727272726
s005,20,0,0.0,0.07058823529411765
s005,20,1,0.0,0.06146341463414634
s005,20,2,0.0,0.07230769230769231
s005,20,3,0.0,0.0679591836734694
s005,20,4,0.0,0.07175257731958762
s005,20,5,0.0,0.07265306122448979
s005,20,6,0.0,0.06857142857142859
s005,20,7,0.0,0.07142857142857142
s005,20,8,0.0,0.07533333333333334
s005,20,9,0.0,0.06430379746835443
s005,30,0,0.0,0.07666666666666666
s005,30,1,0.0,0.07294117647058823
s005,30,2,0.0,0.07142857142857142
s005,30,3,0.0,0.07657142857142857
s005,30,4,0.0,0.07016949152542373
s005,30,5,0.0,0.0646153846153846
s005,30,6,0.0,0.06615384615384615
s005,30,7,0.0,0.06509090909090909
s005,30,8,0.0,0.06947368421052633
s005,30,9,0.0,0.07631578947368423
s005,1,0,0.1,0.06190476190476191
s005,20,0,0.1,0.06941176470588237
s005,20,1,0.1,0.058918918918918914
s005,20,2,0.1,0.07230769230769231
s005,20,3,0.1,0.05771428571428572
s005,20,4,0.1,0.06772727272727273
s005,20,5,0.1,0.06391304347826088
s005,20,6,0.1,0.06848484848484848
s005,20,7,0.1,0.0688
s005,20,8,0.1,0.07125
s005,20,9,0.1,0.06075
s005,30,0,0.1,0.07563636363636364
s005,30,1,0.1,0.06875
s005,30,2,0.1,0.06825
s005,30,3,0.1,0.07066666666666667
s005,30,4,0.1,0.06915254237288135
s005,30,5,0.1,0.06046511627906977
s005,30,6,0.1,0.064
s005,30,7,0.1,0.05924528301886792
s005,30,8,0.1,0.06769230769230769
s005,30,9,0.1,0.07114285714285715
s005,1,0,0.2,0.06079999999999999
s005,20,0,0.2,0.07034482758620689
s005,20,1,0.2,0.05777777777777778
s005,20,2,0.2,0.06588235294117648
s005,20,3,0.2,0.05573770491803279
s005,20,4,0.2,0.06380952380952382
s005,20,5,0.2,0.06145833333333335
s005,20,6,0.2,0.06758620689655173
s005,20,7,0.2,0.06588235294117648
s005,20,8,0.2,0.06987341772151898
s005,20,9,0.2,0.05873417721518988
s005,30,0,0.2,0.07428571428571429
s005,30,1,0.2,0.06705882352941175
s005,30,2,0.2,0.06654545454545455
s005,30,3,0.2,0.06925925925925926
s005,30,4,0.2,0.06560000000000002
s005,30,5,0.2,0.05939393939393939
s005,30,6,0.2,0.06266666666666668
s005,30,7,0.2,0.05866666666666667
s005,30,8,0.2,0.06594594594594594
s005,30,9,0.2,0.06913043478260869
s005,1,0,0.3,0.05851851851851851
s005,20,0,0.3,0.06769230769230769
s005,20,1,0.3,0.058399999999999994
s005,20,2,0.3,0.06575342465753425
s005,20,3,0.3,0.05714285714285715
s005,20,4,0.3,0.06153846153846154
s005,20,5,0.3,0.05950617283950617
s005,20,6,0.3,0.06682926829268293
s005,20,7,0.3,0.0611764705882353
s005,20,8,0.3,0.0691304347826087
s005,20,9,0.3,0.05619047619047619
s005,30,0,0.3,0.07391304347826086
s005,30,1,0.3,0.06722222222222224
s005,30,2,0.3,0.06857142857142857
s005,30,3,0.3,0.07058823529411765
s005,30,4,0.3,0.06105263157894737
s005,30,5,0.3,0.061290322580645165
s005,30,6,0.3,0.06
s005,30,7,0.3,0.057142857142857134
s005,30,8,0.3,0.06941176470588235
s005,30,9,0.3,0.06677966101694915
s005,1,0,0.4,0.05659574468085106
s005,20,0,0.4,0.06639999999999999
s005,20,1,0.4,0.05757575757575757
s005,20,2,0.4,0.0659375
s005,20,3,0.4,0.051250000000000004
s005,20,4,0.4,0.060259740259740256
s005,20,5,0.4,0.0584375
s005,20,6,0.4,0.06378378378378378
s005,20,7,0.4,0.0623529411764706
s005,20,8,0.4,0.07058823529411765
s005,20,9,0.4,0.05627906976744186
s005,30,0,0.4,0.07
s005,30,1,0.4,0.06388059701492538
s005,30,2,0.4,0.06941176470588237
s005,30,3,0.4,0.06571428571428573
s005,30,4,0.4,0.058823529411764705
s005,30,5,0.4,0.06064516129032258
s005,30,6,0.4,0.059000000000000004
s005,30,7,0.4,0.052000000000000005
s005,30,8,0.4,0.0648
s005,30,9,0.4,0.06723404255319149
s005,1,0,0.5,0.05361702127659574
s005,20,0,0.5,0.06545454545454546
s005,20,1,0.5,0.05500000000000001
s005,20,2,0.5,0.06
s005,20,3,0.5,0.05333333333333333
s005,20,4,0.5,0.05555555555555555
s005,20,5,0.5,0.05692307692307692
s005,20,6,0.5,0.06594594594594594
s005,20,7,0.5,0.05764705882352941
s005,20,8,0.5,0.0636842105263158
s005,20,9,0.5,0.05000000000000002
s005,30,0,0.5,0.06222222222222222
s005,30,1,0.5,0.06190476190476191
s005,30,2,0.5,0.06526315789473684
s005,30,3,0.5,0.06514285714285714
s005,30,4,0.5,0.055
s005,30,5,0.5,0.0567741935483871
s005,30,6,0.5,0.056571428571428564
s005,30,7,0.5,0.05384615384615385
s005,30,8,0.5,0.06242424242424243
s005,30,9,0.5,0.06344827586206897
s005,1,0,0.6,0.04791666666666666
s005,20,0,0.6,0.060625
s005,20,1,0.6,0.05517241379310344
s005,20,2,0.6,0.06
s005,20,3,0.6,0.050588235294117656
s005,20,4,0.6,0.05310344827586207
s005,20,5,0.6,0.057777777777777775
s005,20,6,0.6,0.06272727272727271
s005,20,7,0.6,0.05347826086956521
s005,20,8,0.6,0.06222222222222222
s005,20,9,0.6,0.04965517241379311
s005,30,0,0.6,0.058499999999999996
s005,30,1,0.6,0.061290322580645165
s005,30,2,0.6,0.06878048780487805
s005,30,3,0.6,0.061702127659574474
s005,30,4,0.6,0.05500000000000001
s005,30,5,0.6,0.05454545454545454
s005,30,6,0.6,0.05741935483870968
s005,30,7,0.6,0.048965517241379306
s005,30,8,0.6,0.06454545454545454
s005,30,9,0.6,0.06307692307692309
s005,1,0,0.7,0.0468421052631579
s005,20,0,0.7,0.05692307692307692
s005,20,1,0.7,0.05517241379310345
s005,20,2,0.7,0.05846153846153846
s005,20,3,0.7,0.05523809523809524
s005,20,4,0.7,0.053793103448275856
s005,20,5,0.7,0.05555555555555555
s005,20,6,0.7,0.06
s005,20,7,0.7,0.052666666666666674
s005,20,8,0.7,0.05500000000000001
s005,20,9,0.7,0.04857142857142857
s005,30,0,0.7,0.056571428571428564
s005,30,1,0.7,0.06321428571428571
s005,30,2,0.7,0.06090909090909091
s005,30,3,0.7,0.06
s005,30,4,0.7,0.05384615384615385
s005,30,5,0.7,0.05647058823529412
s005,30,6,0.7,0.06
s005,30,7,0.7,0.05142857142857143
s005,30,8,0.7,0.06526315789473684
s005,30,9,0.7,0.06222222222222222
s005,1,0,0.8,0.0448
s005,20,0,0.8,0.05272727272727273
s005,20,1,0.8,0.045000000000000005
s005,20,2,0.8,0.055238095238095225
s005,20,3,0.8,0.05333333333333333
s005,20,4,0.8,0.049600000000000005
s005,20,5,0.8,0.05111111111111111
s005,20,6,0.8,0.05555555555555555
s005,20,7,0.8,0.0503448275862069
s005,20,8,0.8,0.05473684210526317
s005,20,9,0.8,0.046153846153846156
s005,30,0,0.8,0.050909090909090904
s005,30,1,0.8,0.061176470588235304
s005,30,2,0.8,0.055714285714285716
s005,30,3,0.8,0.05142857142857142
s005,30,4,0.8,0.05384615384615385
s005,30,5,0.8,0.06
s005,30,6,0.8,0.05739130434782609
s005,30,7,0.8,0.05692307692307692
s005,30,8,0.8,0.064
s005,30,9,0.8,0.06117647058823529
s005,1,0,0.9,0.04117647058823529
s005,20,0,0.9,0.04941176470588236
s005,20,1,0.9,0.04499999999999999
s005,20,2,0.9,0.048888888888888885
s005,20,3,0.9,0.051428571428571435
s005,20,4,0.9,0.04769230769230769
s005,20,5,0.9,0.048
s005,20,6,0.9,0.051764705882352935
s005,20,7,0.9,0.052000000000000005
s005,20,8,0.9,0.054285714285714284
s005,20,9,0.9,0.04222222222222222
s005,30,0,0.9,0.044705882352941165
s005,30,1,0.9,0.06
s005,30,2,0.9,0.05599999999999998
s005,30,3,0.9,0.044999999999999984
s005,30,4,0.9,0.04941176470588236
s005,30,5,0.9,0.05499999999999999
s005,30,6,0.9,0.057777777777777775
s005,30,7,0.9,0.05142857142857142
s005,30,8,0.9,0.06285714285714286
s005,30,9,0.9,0.055
s005,1,0,1.0,0.03500000000000006
s005,20,0,1.0,0.04400000000000005
s005,20,1,1.0,0.04400000000000005
s005,20,2,1.0,0.044444444444444446
s005,20,3,1.0,0.045
s005,20,4,1.0,0.04499999999999994
s005,20,5,1.0,0.044000000000000025
s005,20,6,1.0,0.04444444444444444
s005,20,7,1.0,0.052
s005,20,8,1.0,0.055000000000000056
s005,20,9,1.0,0.04
s005,30,0,1.0,0.04
s005,30,1,1.0,0.055
s005,30,2,1.0,0.054999999999999945
s005,30,3,1.0,0.04
s005,30,4,1.0,0.035
s005,30,5,1.0,0.05111111111111111
s005,30,6,1.0,0.05200000000000006
s005,30,7,1.0,0.056
s005,30,8,1.0,0.06400000000000006
s005,30,9,1.0,0.05
s007,1,0,0.0,0.10342541436464087
s007,20,0,0.0,0.09709677419354845
s007,20,1,0.0,0.10454545454545455
s007,20,2,0.0,0.09660130718954249
s007,20,3,0.0,0.11138121546961326
s007,20,4,0.0,0.10199029126213593
s007,20,5,0.0,0.10736842105263156
s007,20,6,0.0,0.10527472527472527
s007,20,7,0.0,0.10734177215189873
s007,20,8,0.0,0.09792207792207791
s007,20,9,0.0,0.1117948717948718
s007,30,0,0.0,0.12193832599118942
s007,30,1,0.0,0.09442307692307693
s007,30,2,0.0,0.12444444444444445
s007,30,3,0.0,0.1097029702970297
s007,30,4,0.0,0.11854748603351956
s007,30,5,0.0,0.11761316872427985
s007,30,6,0.0,0.10835978835978835
s007,30,7,0.0,0.11367441860465116
s007,30,8,0.0,0.12473282442748093
s007,30,9,0.0,0.11865284974093265
s007,1,0,0.1,0.09583815028901735
s007,20,0,0.1,0.09968586387434555
s007,20,1,0.1,0.1095774647887324
s007,20,2,0.1,0.10218750000000001
s007,20,3,0.1,0.11216931216931217
s007,20,4,0.1,0.10620689655172413
s007,20,5,0.1,0.10236686390532546
s007,20,6,0.1,0.11137055837563452
s007,20,7,0.1,0.09744186046511628
s007,20,8,0.1,0.09743589743589744
s007,20,9,0.1,0.10371257485029942
s007,30,0,0.1,0.12016949152542372
s007,30,1,0.1,0.09842105263157894
s007,30,2,0.1,0.11574468085106385
s007,30,3,0.1,0.10202643171806167
s007,30,4,0.1,0.11111111111111112
s007,30,5,0.1,0.10869565217391305
s007,30,6,0.1,0.11310924369747899
s007,30,7,0.1,0.11616541353383458
s007,30,8,0.1,0.12086330935251799
s007,30,9,0.1,0.112
s007,1,0,0.2,0.09587939698492462
s007,20,0,0.2,0.09276595744680852
s007,20,1,0.2,0.10452674897119343
s007,20,2,0.2,0.10589743589743592
s007,20,3,0.2,0.11191011235955056
s007,20,4,0.2,0.10605504587155962
s007,20,5,0.2,0.10104265402843601
s007,20,6,0.2,0.10869565217391305
s007,20,7,0.2,0.09683168316831683
s007,20,8,0.2,0.09477386934673365
s007,20,9,0.2,0.09951219512195121
s007,30,0,0.2,0.10459016393442624
s007,30,1,0.2,0.09351851851851856
s007,30,2,0.2,0.10962025316455698
s007,30,3,0.2,0.08976744186046509
s007,30,4,0.2,0.10673170731707317
s007,30,5,0.2,0.09714285714285714
s007,30,6,0.2,0.10707692307692308
s007,30,7,0.2,0.11410404624277456
s007,30,8,0.2,0.11319148936170215
s007,30,9,0.2,0.11668161434977578
s007,1,0,0.3,0.09319587628865979
s007,20,0,0.3,0.09086330935251799
s007,20,1,0.3,0.10241379310344828
s007,20,2,0.3,0.08491803278688523
s007,20,3,0.3,0.10395061728395062
s007,20,4,0.3,0.10358565737051795
s007,20,5,0.3,0.1016342412451362
s007,20,6,0.3,0.10066225165562914
s007,20,7,0.3,0.09019011406844107
s007,20,8,0.3,0.0918875502008032
s007,20,9,0.3,0.09571428571428572
s007,30,0,0.3,0.11225130890052357
s007,30,1,0.3,0.08073170731707317
s007,30,2,0.3,0.11869565217391305
s007,30,3,0.3,0.09717948717948718
s007,30,4,0.3,0.1082527881040892
s007,30,5,0.3,0.10984615384615384
s007,30,6,0.3,0.1
s007,30,7,0.3,0.10629441624365482
s007,30,8,0.3,0.10685082872928177
s007,30,9,0.3,0.11157894736842106
s007,1,0,0.4,0.08857142857142858
s007,20,0,0.4,0.08775956284153007
s007,20,1,0.4,0.10338461538461538
s007,20,2,0.4,0.09434782608695652
s007,20,3,0.4,0.10363636363636364
s007,20,4,0.4,0.10334975369458128
s007,20,5,0.4,0.09944134078212291
s007,20,6,0.4,0.09564705882352942
s007,20,7,0.4,0.08837209302325581
s007,20,8,0.4,0.09111111111111111
s007,20,9,0.4,0.0864
s007,30,0,0.4,0.10018604651162792
s007,30,1,0.4,0.08824858757062148
s007,30,2,0.4,0.10857142857142857
s007,30,3,0.4,0.08740331491712708
s007,30,4,0.4,0.1
s007,30,5,0.4,0.0983653846153846
s007,30,6,0.4,0.1
s007,30,7,0.4,0.10624277456647399
s007,30,8,0.4,0.11266331658291456
s007,30,9,0.4,0.11565217391304347
s007,1,0,0.5,0.0845086705202312
s007,20,0,0.5,0.08635658914728682
s007,20,1,0.5,0.10147239263803681
s007,20,2,0.5,0.0714516129032258
s007,20,3,0.5,0.10166666666666667
s007,20,4,0.5,0.09139240506329113
s007,20,5,0.5,0.08153846153846155
s007,20,6,0.5,0.0944055944055944
s007,20,7,0.5,0.08208955223880597
s007,20,8,0.5,0.08778625954198474
s007,20,9,0.5,0.08399999999999999
s007,30,0,0.5,0.1025
s007,30,1,0.5,0.08888888888888889
s007,30,2,0.5,0.10492307692307692
s007,30,3,0.5,0.0873103448275862
s007,30,4,0.5,0.09721311475409836
s007,30,5,0.5,0.09555555555555555
s007,30,6,0.5,0.0971830985915493
s007,30,7,0.5,0.09826086956521739
s007,30,8,0.5,0.10516853932584269
s007,30,9,0.5,0.11011764705882354
s007,1,0,0.6,0.08301587301587302
s007,20,0,0.6,0.08327272727272728
s007,20,1,0.6,0.0931782945736434
s007,20,2,0.6,0.0780952380952381
s007,20,3,0.6,0.10149068322981367
s007,20,4,0.6,0.09555555555555556
s007,20,5,0.6,0.08694915254237288
s007,20,6,0.6,0.09118110236220472
s007,20,7,0.6,0.08125
s007,20,8,0.6,0.08545454545454545
s007,20,9,0.6,0.08235294117647059
s007,30,0,0.6,0.09239669421487604
s007,30,1,0.6,0.0926027397260274
s007,30,2,0.6,0.10139130434782609
s007,30,3,0.6,0.08827586206896552
s007,30,4,0.6,0.10290322580645161
s007,30,5,0.6,0.09090909090909091
s007,30,6,0.6,0.10108108108108108
s007,30,7,0.6,0.10039999999999999
s007,30,8,0.6,0.09823529411764706
s007,30,9,0.6,0.10222222222222221
s007,1,0,0.7,0.0860952380952381
s007,20,0,0.7,0.08836363636363635
s007,20,1,0.7,0.09365384615384616
s007,20,2,0.7,0.08075471698113208
s007,20,3,0.7,0.10033057851239668
s007,20,4,0.7,0.09333333333333334
s007,20,5,0.7,0.08449438202247192
s007,20,6,0.7,0.0935
s007,20,7,0.7,0.07999999999999999
s007,20,8,0.7,0.0876923076923077
s007,20,9,0.7,0.08852941176470588
s007,30,0,0.7,0.09445544554455446
s007,30,1,0.7,0.088
s007,30,2,0.7,0.10187500000000001
s007,30,3,0.7,0.09089108910891089
s007,30,4,0.7,0.09890909090909092
s007,30,5,0.7,0.09028571428571429
s007,30,6,0.7,0.10031496062992126
s007,30,7,0.7,0.09596774193548388
s007,30,8,0.7,0.10271844660194175
s007,30,9,0.7,0.10446808510638297
s007,1,0,0.8,0.09090909090909091
s007,20,0,0.8,0.09333333333333332
s007,20,1,0.8,0.09
s007,20,2,0.8,0.08
s007,20,3,0.8,0.10373333333333334
s007,20,4,0.8,0.09660377358490566
s007,20,5,0.8,0.08666666666666667
s007,20,6,0.8,0.0925
s007,20,7,0.8,0.08705882352941176
s007,20,8,0.8,0.08481012658227849
s007,20,9,0.8,0.08967741935483872
s007,30,0,0.8,0.095
s007,30,1,0.8,0.09333333333333332
s007,30,2,0.8,0.1011320754716981
s007,30,3,0.8,0.09142857142857141
s007,30,4,0.8,0.09428571428571429
s007,30,5,0.8,0.08928571428571427
s007,30,6,0.8,0.10666666666666666
s007,30,7,0.8,0.09263157894736843
s007,30,8,0.8,0.10307692307692307
s007,30,9,0.8,0.10974999999999999
s007,1,0,0.9,0.10436363636363637
s007,20,0,0.9,0.1
s007,20,1,0.9,0.09225806451612903
s007,20,2,0.9,0.08666666666666667
s007,20,3,0.9,0.0995
s007,20,4,0.9,0.0996
s007,20,5,0.9,0.09534883720930233
s007,20,6,0.9,0.09548387096774194
s007,20,7,0.9,0.0876923076923077
s007,20,8,0.9,0.08967741935483871
s007,20,9,0.9,0.093
s007,30,0,0.9,0.10163265306122449
s007,30,1,0.9,0.09724137931034482
s007,30,2,0.9,0.1088888888888889
s007,30,3,0.9,0.09777777777777778
s007,30,4,0.9,0.09473684210526316
s007,30,5,0.9,0.10842105263157896
s007,30,6,0.9,0.1088235294117647
s007,30,7,0.9,0.09739130434782609
s007,30,8,0.9,0.11183673469387755
s007,30,9,0.9,0.11508196721311478
s007,1,0,1.0,0.10500000000000005
s007,20,0,1.0,0.11199999999999989
s007,20,1,1.0,0.09599999999999995
s007,20,2,1.0,0.09499999999999995
s007,20,3,1.0,0.1
s007,20,4,1.0,0.1
s007,20,5,1.0,0.104
s007,20,6,1.0,0.1080000000000001
s007,20,7,1.0,0.08999999999999983
s007,20,8,1.0,0.1
s007,20,9,1.0,0.10499999999999994
s007,30,0,1.0,0.11555555555555556
s007,30,1,1.0,0.10500000000000005
s007,30,2,1.0,0.1049999999999999
s007,30,3,1.0,0.10399999999999995
s007,30,4,1.0,0.09600000000000006
s007,30,5,1.0,0.1149999999999999
s007,30,6,1.0,0.1299999999999999
s007,30,7,1.0,0.10400000000000005
s007,30,8,1.0,0.12
s007,30,9,1.0,0.11600000000000005
s008,1,0,0.0,0.09397260273972602
s008,20,0,0.0,0.09941176470588235
s008,20,1,0.0,0.09278481012658227
s008,20,2,0.0,0.10053691275167785
s008,20,3,0.0,0.10084507042253521
s008,20,4,0.0,0.09061538461538461
s008,20,5,0.0,0.10039408866995074
s008,20,6,0.0,0.09867647058823531
s008,20,7,0.0,0.08547945205479451
s008,20,8,0.0,0.09235294117647058
s008,20,9,0.0,0.09404255319148938
s008,30,0,0.0,0.10459016393442623
s008,30,1,0.0,0.1032
s008,30,2,0.0,0.09478873239436619
s008,30,3,0.0,0.10363636363636364
s008,30,4,0.0,0.10682634730538923
s008,30,5,0.0,0.11078014184397163
s008,30,6,0.0,0.10125
s008,30,7,0.0,0.10028985507246377
s008,30,8,0.0,0.11662650602409638
s008,30,9,0.0,0.09803278688524589
s008,1,0,0.1,0.0873103448275862
s008,20,0,0.1,0.09393939393939393
s008,20,1,0.1,0.08969072164948452
s008,20,2,0.1,0.0900990099009901
s008,20,3,0.1,0.09345132743362831
s008,20,4,0.1,0.09228070175438596
s008,20,5,0.1,0.09384615384615386
s008,20,6,0.1,0.09278688524590165
s008,20,7,0.1,0.08342857142857144
s008,20,8,0.1,0.08434782608695653
s008,20,9,0.1,0.0888659793814433
s008,30,0,0.1,0.09904109589041096
s008,30,1,0.1,0.0980952380952381
s008,30,2,0.1,0.09837837837837839
s008,30,3,0.1,0.10052631578947369
s008,30,4,0.1,0.10105263157894737
s008,30,5,0.1,0.0949579831932773
s008,30,6,0.1,0.10153846153846154
s008,30,7,0.1,0.09872340425531914
s008,30,8,0.1,0.1064516129032258
s008,30,9,0.1,0.09327586206896551
s008,1,0,0.2,0.08456140350877192
s008,20,0,0.2,0.08615384615384616
s008,20,1,0.2,0.08901639344262295
s008,20,2,0.2,0.09111111111111111
s008,20,3,0.2,0.08758620689655172
s008,20,4,0.2,0.08666666666666667
s008,20,5,0.2,0.09096774193548388
s008,20,6,0.2,0.08956521739130435
s008,20,7,0.2,0.0876923076923077
s008,20,8,0.2,0.08781609195402298
s008,20,9,0.2,0.08444444444444443
s008,30,0,0.2,0.08586466165413534
s008,30,1,0.2,0.10064000000000001
s008,30,2,0.2,0.088
s008,30,3,0.2,0.09676470588235295
s008,30,4,0.2,0.10225352112676056
s008,30,5,0.2,0.1
s008,30,6,0.2,0.09695652173913044
s008,30,7,0.2,0.09719298245614036
s008,30,8,0.2,0.10154838709677419
s008,30,9,0.2,0.08925925925925926
s008,1,0,0.3,0.08379746835443039
s008,20,0,0.3,0.08277777777777778
s008,20,1,0.3,0.08619047619047618
s008,20,2,0.3,0.0813793103448276
s008,20,3,0.3,0.08774193548387096
s008,20,4,0.3,0.08666666666666667
s008,20,5,0.3,0.0863157894736842
s008,20,6,0.3,0.08607843137254903
s008,20,7,0.3,0.08390243902439025
s008,20,8,0.3,0.08199999999999999
s008,20,9,0.3,0.08390243902439025
s008,30,0,0.3,0.08434782608695651
s008,30,1,0.3,0.09456
s008,30,2,0.3,0.08713178294573644
s008,30,3,0.3,0.08713178294573642
s008,30,4,0.3,0.08903225806451612
s008,30,5,0.3,0.09421686746987952
s008,30,6,0.3,0.08734177215189873
s008,30,7,0.3,0.09008695652173912
s008,30,8,0.3,0.1033112582781457
s008,30,9,0.3,0.0816470588235294
s008,1,0,0.4,0.07857142857142857
s008,20,0,0.4,0.08298507462686566
s008,20,1,0.4,0.08
s008,20,2,0.4,0.07818181818181819
s008,20,3,0.4,0.0816326530612245
s008,20,4,0.4,0.07948051948051948
s008,20,5,0.4,0.07848101265822785
s008,20,6,0.4,0.08444444444444443
s008,20,7,0.4,0.0791304347826087
s008,20,8,0.4,0.0768421052631579
s008,20,9,0.4,0.07727272727272727
s008,30,0,0.4,0.08173913043478262
s008,30,1,0.4,0.09168141592920354
s008,30,2,0.4,0.07935483870967741
s008,30,3,0.4,0.08716981132075473
s008,30,4,0.4,0.09
s008,30,5,0.4,0.09543859649122807
s008,30,6,0.4,0.08461538461538462
s008,30,7,0.4,0.08871287128712871
s008,30,8,0.4,0.09642105263157895
s008,30,9,0.4,0.08444444444444445
s008,1,0,0.5,0.07548387096774194
s008,20,0,0.5,0.07275862068965518
s008,20,1,0.5,0.07355932203389831
s008,20,2,0.5,0.07692307692307693
s008,20,3,0.5,0.07755102040816327
s008,20,4,0.5,0.07733333333333334
s008,20,5,0.5,0.07846153846153846
s008,20,6,0.5,0.08057142857142857
s008,20,7,0.5,0.07152542372881357
s008,20,8,0.5,0.0736
s008,20,9,0.5,0.07384615384615384
s008,30,0,0.5,0.07622641509433961
s008,30,1,0.5,0.09116279069767441
s008,30,2,0.5,0.08222222222222222
s008,30,3,0.5,0.08894736842105262
s008,30,4,0.5,0.1
s008,30,5,0.5,0.09076923076923077
s008,30,6,0.5,0.08506666666666667
s008,30,7,0.5,0.08945945945945946
s008,30,8,0.5,0.0951063829787234
s008,30,9,0.5,0.0821875
s008,1,0,0.6,0.07333333333333333
s008,20,0,0.6,0.07483870967741935
s008,20,1,0.6,0.07100000000000001
s008,20,2,0.6,0.07344262295081967
s008,20,3,0.6,0.07017543859649122
s008,20,4,0.6,0.07333333333333333
s008,20,5,0.6,0.07333333333333333
s008,20,6,0.6,0.07354838709677419
s008,20,7,0.6,0.07121951219512196
s008,20,8,0.6,0.07130434782608695
s008,20,9,0.6,0.07111111111111111
s008,30,0,0.6,0.0772972972972973
s008,30,1,0.6,0.09
s008,30,2,0.6,0.07475409836065575
s008,30,3,0.6,0.08291666666666667
s008,30,4,0.6,0.0970212765957447
s008,30,5,0.6,0.09028571428571427
s008,30,6,0.6,0.08
s008,30,7,0.6,0.09302325581395349
s008,30,8,0.6,0.09236363636363636
s008,30,9,0.6,0.08
s008,1,0,0.7,0.07
s008,20,0,0.7,0.07599999999999998
s008,20,1,0.7,0.07
s008,20,2,0.7,0.07028571428571428
s008,20,3,0.7,0.0675
s008,20,4,0.7,0.07333333333333333
s008,20,5,0.7,0.07314285714285715
s008,20,6,0.7,0.07081081081081081
s008,20,7,0.7,0.07491525423728813
s008,20,8,0.7,0.0675
s008,20,9,0.7,0.07250000000000001
s008,30,0,0.7,0.074375
s008,30,1,0.7,0.0875
s008,30,2,0.7,0.07538461538461538
s008,30,3,0.7,0.08888888888888889
s008,30,4,0.7,0.09414634146341463
s008,30,5,0.7,0.08666666666666667
s008,30,6,0.7,0.08222222222222222
s008,30,7,0.7,0.09107142857142858
s008,30,8,0.7,0.09125
s008,30,9,0.7,0.08057142857142857
s008,1,0,0.8,0.06742857142857143
s008,20,0,0.8,0.07090909090909091
s008,20,1,0.8,0.06714285714285714
s008,20,2,0.8,0.06956521739130435
s008,20,3,0.8,0.06682926829268293
s008,20,4,0.8,0.06909090909090908
s008,20,5,0.8,0.07111111111111111
s008,20,6,0.8,0.07142857142857142
s008,20,7,0.8,0.07333333333333333
s008,20,8,0.8,0.06769230769230769
s008,20,9,0.8,0.06909090909090909
s008,30,0,0.8,0.07555555555555556
s008,30,1,0.8,0.08585365853658536
s008,30,2,0.8,0.07563636363636364
s008,30,3,0.8,0.086
s008,30,4,0.8,0.09
s008,30,5,0.8,0.084
s008,30,6,0.8,0.07799999999999999
s008,30,7,0.8,0.0876923076923077
s008,30,8,0.8,0.0912
s008,30,9,0.8,0.08064516129032259
s008,1,0,0.9,0.064
s008,20,0,0.9,0.07052631578947369
s008,20,1,0.9,0.068
s008,20,2,0.9,0.06923076923076923
s008,20,3,0.9,0.06714285714285714
s008,20,4,0.9,0.07076923076923078
s008,20,5,0.9,0.068
s008,20,6,0.9,0.07142857142857142
s008,20,7,0.9,0.07384615384615384
s008,20,8,0.9,0.068
s008,20,9,0.9,0.06666666666666668
s008,30,0,0.9,0.072
s008,30,1,0.9,0.08818181818181818
s008,30,2,0.9,0.08153846153846153
s008,30,3,0.9,0.08782608695652175
s008,30,4,0.9,0.09846153846153846
s008,30,5,0.9,0.08400000000000002
s008,30,6,0.9,0.07499999999999998
s008,30,7,0.9,0.08782608695652175
s008,30,8,0.9,0.09
s008,30,9,0.9,0.08
s008,1,0,1.0,0.06400000000000004
s008,20,0,1.0,0.07199999999999998
s008,20,1,1.0,0.06399999999999997
s008,20,2,1.0,0.07
s008,20,3,1.0,0.06799999999999998
s008,20,4,1.0,0.065
s008,20,5,1.0,0.068
s008,20,6,1.0,0.07200000000000002
s008,20,7,1.0,0.072
s008,20,8,1.0,0.06999999999999992
s008,20,9,1.0,0.06800000000000003
s008,30,0,1.0,0.07199999999999995
s008,30,1,1.0,0.095
s008,30,2,1.0,0.07777777777777778
s008,30,3,1.0,0.08400000000000002
s008,30,4,1.0,0.095
s008,30,5,1.0,0.08800000000000002
s008,30,6,1.0,0.08
s008,30,7,1.0,0.08500000000000005
s008,30,8,1.0,0.08
s008,30,9,1.0,0.08400000000000009
s010,1,0,0.0,0.046000000000000006
s010,20,0,0.0,0.051875000000000004
s010,20,1,0.0,0.041999999999999996
s010,20,2,0.0,0.045116279069767444
s010,20,3,0.0,0.0504
s010,20,4,0.0,0.051764705882352935
s010,20,5,0.0,0.05846153846153846
s010,20,6,0.0,0.05047619047619048
s010,20,7,0.0,0.045
s010,20,8,0.0,0.052571428571428575
s010,20,9,0.0,0.04823529411764706
s010,30,0,0.0,0.0556
s010,30,1,0.0,0.06444444444444444
s010,30,2,0.0,0.055862068965517236
s010,30,3,0.0,0.057272727272727274
s010,30,4,0.0,0.05846153846153847
s010,30,5,0.0,0.05555555555555555
s010,30,6,0.0,0.06
s010,30,7,0.0,0.05111111111111111
s010,30,8,0.0,0.06090909090909091
s010,30,9,0.0,0.06736842105263159
s010,1,0,0.1,0.04064516129032258
s010,20,0,0.1,0.04947368421052631
s010,20,1,0.1,0.03793103448275863
s010,20,2,0.1,0.03777777777777778
s010,20,3,0.1,0.04923076923076923
s010,20,4,0.1,0.047027027027027025
s010,20,5,0.1,0.054000000000000006
s010,20,6,0.1,0.05076923076923077
s010,20,7,0.1,0.04444444444444444
s010,20,8,0.1,0.04516129032258065
s010,20,9,0.1,0.045
s010,30,0,0.1,0.04823529411764706
s010,30,1,0.1,0.05999999999999999
s010,30,2,0.1,0.05263157894736842
s010,30,3,0.1,0.052307692307692305
s010,30,4,0.1,0.053636363636363635
s010,30,5,0.1,0.04888888888888889
s010,30,6,0.1,0.050175438596491234
s010,30,7,0.1,0.05052631578947368
s010,30,8,0.1,0.055714285714285716
s010,30,9,0.1,0.064
s010,1,0,0.2,0.03571428571428571
s010,20,0,0.2,0.04352941176470587
s010,20,1,0.2,0.036571428571428574
s010,20,2,0.2,0.035
s010,20,3,0.2,0.045
s010,20,4,0.2,0.04470588235294118
s010,20,5,0.2,0.049999999999999996
s010,20,6,0.2,0.04666666666666666
s010,20,7,0.2,0.04222222222222222
s010,20,8,0.2,0.04285714285714286
s010,20,9,0.2,0.045
s010,30,0,0.2,0.04888888888888889
s010,30,1,0.2,0.058461538461538454
s010,30,2,0.2,0.05217391304347826
s010,30,3,0.2,0.0464516129032258
s010,30,4,0.2,0.05187499999999999
s010,30,5,0.2,0.044444444444444446
s010,30,6,0.2,0.04235294117647059
s010,30,7,0.2,0.045625
s010,30,8,0.2,0.05368421052631579
s010,30,9,0.2,0.06222222222222222
s010,1,0,0.3,0.031578947368421054
s010,20,0,0.3,0.04428571428571429
s010,20,1,0.3,0.031818181818181815
s010,20,2,0.3,0.035
s010,20,3,0.3,0.04240000000000001
s010,20,4,0.3,0.04285714285714286
s010,20,5,0.3,0.04571428571428571
s010,20,6,0.3,0.04434782608695652
s010,20,7,0.3,0.036923076923076927
s010,20,8,0.3,0.04222222222222222
s010,20,9,0.3,0.04380952380952381
s010,30,0,0.3,0.04428571428571429
s010,30,1,0.3,0.04888888888888889
s010,30,2,0.3,0.046153846153846156
s010,30,3,0.3,0.045
s010,30,4,0.3,0.04923076923076923
s010,30,5,0.3,0.042608695652173914
s010,30,6,0.3,0.04
s010,30,7,0.3,0.041428571428571426
s010,30,8,0.3,0.045806451612903226
s010,30,9,0.3,0.058124999999999996
s010,1,0,0.4,0.03096774193548387
s010,20,0,0.4,0.0395
s010,20,1,0.4,0.027368421052631584
s010,20,2,0.4,0.03294117647058824
s010,20,3,0.4,0.04
s010,20,4,0.4,0.04
s010,20,5,0.4,0.04222222222222222
s010,20,6,0.4,0.042608695652173914
s010,20,7,0.4,0.03
s010,20,8,0.4,0.042222222222222223
s010,20,9,0.4,0.03909090909090909
s010,30,0,0.4,0.04285714285714286
s010,30,1,0.4,0.04666666666666667
s010,30,2,0.4,0.04461538461538461
s010,30,3,0.4,0.045000000000000005
s010,30,4,0.4,0.048888888888888885
s010,30,5,0.4,0.04
s010,30,6,0.4,0.04
s010,30,7,0.4,0.035
s010,30,8,0.4,0.042222222222222223
s010,30,9,0.4,0.054838709677419356
s010,1,0,0.5,0.03
s010,20,0,0.5,0.038461538461538464
s010,20,1,0.5,0.028000000000000004
s010,20,2,0.5,0.02952380952380953
s010,20,3,0.5,0.03428571428571428
s010,20,4,0.5,0.03666666666666667
s010,20,5,0.5,0.03571428571428571
s010,20,6,0.5,0.04210526315789474
s010,20,7,0.5,0.02500000000000001
s010,20,8,0.5,0.04153846153846154
s010,20,9,0.5,0.035
s010,30,0,0.5,0.04571428571428572
s010,30,1,0.5,0.043333333333333335
s010,30,2,0.5,0.045
s010,30,3,0.5,0.04
s010,30,4,0.5,0.048
s010,30,5,0.5,0.04222222222222222
s010,30,6,0.5,0.03333333333333333
s010,30,7,0.5,0.035
s010,30,8,0.5,0.04
s010,30,9,0.5,0.05500000000000001
s010,1,0,0.6,0.03
s010,20,0,0.6,0.04
s010,20,1,0.6,0.027999999999999997
s010,20,2,0.6,0.027142857142857146
s010,20,3,0.6,0.03157894736842105
s010,20,4,0.6,0.03500000000000001
s010,20,5,0.6,0.032
s010,20,6,0.6,0.04285714285714286
s010,20,7,0.6,0.024615384615384615
s010,20,8,0.6,0.038571428571428576
s010,20,9,0.6,0.035
s010,30,0,0.6,0.04153846153846154
s010,30,1,0.6,0.04444444444444444
s010,30,2,0.6,0.03680000000000001
s010,30,3,0.6,0.03777777777777777
s010,30,4,0.6,0.048000000000000015
s010,30,5,0.6,0.04153846153846154
s010,30,6,0.6,0.03
s010,30,7,0.6,0.035
s010,30,8,0.6,0.04
s010,30,9,0.6,0.052
s010,1,0,0.7,0.02769230769230769
s010,20,0,0.7,0.033333333333333326
s010,20,1,0.7,0.028000000000000004
s010,20,2,0.7,0.027142857142857146
s010,20,3,0.7,0.03111111111111111
s010,20,4,0.7,0.035
s010,20,5,0.7,0.032
s010,20,6,0.7,0.0411764705882353
s010,20,7,0.7,0.024444444444444442
s010,20,8,0.7,0.03818181818181818
s010,20,9,0.7,0.03230769230769231
s010,30,0,0.7,0.04
s010,30,1,0.7,0.04222222222222222
s010,30,2,0.7,0.03294117647058823
s010,30,3,0.7,0.03555555555555556
s010,30,4,0.7,0.04571428571428572
s010,30,5,0.7,0.03599999999999998
s010,30,6,0.7,0.03
s010,30,7,0.7,0.03333333333333334
s010,30,8,0.7,0.04000000000000002
s010,30,9,0.7,0.05333333333333333
s010,1,0,0.8,0.02117647058823529
s010,20,0,0.8,0.033846153846153845
s010,20,1,0.8,0.028000000000000004
s010,20,2,0.8,0.024444444444444446
s010,20,3,0.8,0.027999999999999997
s010,20,4,0.8,0.03
s010,20,5,0.8,0.02769230769230769
s010,20,6,0.8,0.04
s010,20,7,0.8,0.024444444444444442
s010,20,8,0.8,0.03764705882352941
s010,20,9,0.8,0.02500000000000001
s010,30,0,0.8,0.03913043478260869
s010,30,1,0.8,0.04
s010,30,2,0.8,0.03
s010,30,3,0.8,0.03499999999999999
s010,30,4,0.8,0.04588235294117648
s010,30,5,0.8,0.031111111111111114
s010,30,6,0.8,0.02666666666666667
s010,30,7,0.8,0.032
s010,30,8,0.8,0.038461538461538464
s010,30,9,0.8,0.045
s010,1,0,0.9,0.02
s010,20,0,0.9,0.03
s010,20,1,0.9,0.028235294117647046
s010,20,2,0.9,0.025000000000000015
s010,20,3,0.9,0.03
s010,20,4,0.9,0.031111111111111114
s010,20,5,0.9,0.028000000000000004
s010,20,6,0.9,0.037777777777777785
s010,20,7,0.9,0.02
s010,20,8,0.9,0.035555555555555556
s010,20,9,0.9,0.028888888888888888
s010,30,0,0.9,0.04
s010,30,1,0.9,0.04
s010,30,2,0.9,0.02500000000000001
s010,30,3,0.9,0.03500000000000001
s010,30,4,0.9,0.042222222222222223
s010,30,5,0.9,0.03200000000000001
s010,30,6,0.9,0.025000000000000015
s010,30,7,0.9,0.03111111111111111
s010,30,8,0.9,0.04
s010,30,9,0.9,0.04
s010,1,0,1.0,0.011999999999999959
s010,20,0,1.0,0.027999999999999976
s010,20,1,1.0,0.031111111111111107
s010,20,2,1.0,0.025000000000000043
s010,20,3,1.0,0.02666666666666667
s010,20,4,1.0,0.02888888888888888
s010,20,5,1.0,0.028
s010,20,6,1.0,0.03199999999999996
s010,20,7,1.0,0.02
s010,20,8,1.0,0.03600000000000002
s010,20,9,1.0,0.03199999999999998
s010,30,0,1.0,0.04
s010,30,1,1.0,0.04400000000000009
s010,30,2,1.0,0.025000000000000133
s010,30,3,1.0,0.03199999999999992
s010,30,4,1.0,0.035
s010,30,5,1.0,0.029999999999999912
s010,30,6,1.0,0.02
s010,30,7,1.0,0.03000000000000009
s010,30,8,1.0,0.043999999999999824
s010,30,9,1.0,0.035
s011,1,0,0.0,0.1288
s011,20,0,0.0,0.1253125
s011,20,1,0.0,0.12461538461538463
s011,20,2,0.0,0.1183050847457627
s011,20,3,0.0,0.1270967741935484
s011,20,4,0.0,0.12952380952380954
s011,20,5,0.0,0.128
s011,20,6,0.0,0.12952380952380954
s011,20,7,0.0,0.12695652173913047
s011,20,8,0.0,0.13093749999999998
s011,20,9,0.0,0.12927536231884057
s011,30,0,0.0,0.13593220338983053
s011,30,1,0.0,0.1367741935483871
s011,30,2,0.0,0.13746478873239437
s011,30,3,0.0,0.11777777777777779
s011,30,4,0.0,0.13142857142857145
s011,30,5,0.0,0.130625
s011,30,6,0.0,0.1274193548387097
s011,30,7,0.0,0.12779661016949154
s011,30,8,0.0,0.1305
s011,30,9,0.0,0.131044776119403
s011,1,0,0.1,0.12074074074074073
s011,20,0,0.1,0.12057971014492753
s011,20,1,0.1,0.11292307692307693
s011,20,2,0.1,0.11538461538461539
s011,20,3,0.1,0.1168421052631579
s011,20,4,0.1,0.12285714285714286
s011,20,5,0.1,0.12027027027027028
s011,20,6,0.1,0.1264
s011,20,7,0.1,0.11666666666666667
s011,20,8,0.1,0.1275
s011,20,9,0.1,0.11963636363636365
s011,30,0,0.1,0.13054545454545455
s011,30,1,0.1,0.13
s011,30,2,0.1,0.12487179487179487
s011,30,3,0.1,0.10923076923076924
s011,30,4,0.1,0.12311688311688312
s011,30,5,0.1,0.12218181818181818
s011,30,6,0.1,0.12228571428571429
s011,30,7,0.1,0.11226666666666667
s011,30,8,0.1,0.1237837837837838
s011,30,9,0.1,0.12293333333333334
s011,1,0,0.2,0.11266666666666666
s011,20,0,0.2,0.11058823529411764
s011,20,1,0.2,0.11
s011,20,2,0.2,0.10790697674418605
s011,20,3,0.2,0.11
s011,20,4,0.2,0.11384615384615385
s011,20,5,0.2,0.11536585365853659
s011,20,6,0.2,0.12133333333333333
s011,20,7,0.2,0.10923076923076924
s011,20,8,0.2,0.11278688524590164
s011,20,9,0.2,0.10892857142857143
s011,30,0,0.2,0.12352941176470589
s011,30,1,0.2,0.12351351351351353
s011,30,2,0.2,0.116875
s011,30,3,0.2,0.10085106382978723
s011,30,4,0.2,0.11074626865671643
s011,30,5,0.2,0.10838709677419354
s011,30,6,0.2,0.11384615384615385
s011,30,7,0.2,0.10793103448275862
s011,30,8,0.2,0.11428571428571428
s011,30,9,0.2,0.11205128205128205
s011,1,0,0.3,0.10270270270270271
s011,20,0,0.3,0.10400000000000001
s011,20,1,0.3,0.10727272727272727
s011,20,2,0.3,0.0995
s011,20,3,0.3,0.09777777777777777
s011,20,4,0.3,0.10837209302325582
s011,20,5,0.3,0.10378378378378378
s011,20,6,0.3,0.11684210526315789
s011,20,7,0.3,0.10315789473684212
s011,20,8,0.3,0.10025316455696202
s011,20,9,0.3,0.1005
s011,30,0,0.3,0.11081967213114755
s011,30,1,0.3,0.11475409836065574
s011,30,2,0.3,0.11111111111111112
s011,30,3,0.3,0.09515151515151515
s011,30,4,0.3,0.108
s011,30,5,0.3,0.10307692307692307
s011,30,6,0.3,0.10596491228070175
s011,30,7,0.3,0.09959183673469388
s011,30,8,0.3,0.10749999999999998
s011,30,9,0.3,0.10615384615384615
s011,1,0,0.4,0.08823529411764705
s011,20,0,0.4,0.09411764705882353
s011,20,1,0.4,0.09266666666666667
s011,20,2,0.4,0.095
s011,20,3,0.4,0.09111111111111111
s011,20,4,0.4,0.09736842105263158
s011,20,5,0.4,0.09090909090909091
s011,20,6,0.4,0.1088888888888889
s011,20,7,0.4,0.09360000000000002
s011,20,8,0.4,0.08794117647058823
s011,20,9,0.4,0.0925
s011,30,0,0.4,0.10597402597402597
s011,30,1,0.4,0.10636363636363635
s011,30,2,0.4,0.09964285714285714
s011,30,3,0.4,0.08727272727272728
s011,30,4,0.4,0.1025531914893617
s011,30,5,0.4,0.09384615384615384
s011,30,6,0.4,0.09777777777777778
s011,30,7,0.4,0.09111111111111111
s011,30,8,0.4,0.0982857142857143
s011,30,9,0.4,0.10170212765957448
s011,1,0,0.5,0.08066666666666666
s011,20,0,0.5,0.08214285714285714
s011,20,1,0.5,0.08615384615384616
s011,20,2,0.5,0.07854545454545454
s011,20,3,0.5,0.0790909090909091
s011,20,4,0.5,0.088
s011,20,5,0.5,0.08232558139534885
s011,20,6,0.5,0.0957377049180328
s011,20,7,0.5,0.08093023255813953
s011,20,8,0.5,0.0769811320754717
s011,20,9,0.5,0.07885714285714285
s011,30,0,0.5,0.09076923076923077
s011,30,1,0.5,0.09538461538461539
s011,30,2,0.5,0.092
s011,30,3,0.5,0.08048780487804878
s011,30,4,0.5,0.09090909090909091
s011,30,5,0.5,0.08742857142857144
s011,30,6,0.5,0.08702702702702703
s011,30,7,0.5,0.08636363636363636
s011,30,8,0.5,0.09
s011,30,9,0.5,0.09304347826086956
s011,1,0,0.6,0.07200000000000001
s011,20,0,0.6,0.07333333333333333
s011,20,1,0.6,0.07555555555555556
s011,20,2,0.6,0.0695
s011,20,3,0.6,0.07483870967741936
s011,20,4,0.6,0.08444444444444443
s011,20,5,0.6,0.07176470588235294
s011,20,6,0.6,0.08634146341463414
s011,20,7,0.6,0.07142857142857142
s011,20,8,0.6,0.06769230769230769
s011,20,9,0.6,0.06888888888888889
s011,30,0,0.6,0.08
s011,30,1,0.6,0.07846153846153847
s011,30,2,0.6,0.08444444444444443
s011,30,3,0.6,0.07565217391304346
s011,30,4,0.6,0.0822857142857143
s011,30,5,0.6,0.0790909090909091
s011,30,6,0.6,0.08363636363636363
s011,30,7,0.6,0.08121212121212121
s011,30,8,0.6,0.07870967741935483
s011,30,9,0.6,0.08046511627906976
s011,1,0,0.7,0.06869565217391305
s011,20,0,0.7,0.06666666666666667
s011,20,1,0.7,0.06947368421052633
s011,20,2,0.7,0.0663157894736842
s011,20,3,0.7,0.07052631578947369
s011,20,4,0.7,0.08
s011,20,5,0.7,0.06923076923076923
s011,20,6,0.7,0.0757142857142857
s011,20,7,0.7,0.06947368421052631
s011,20,8,0.7,0.07043478260869565
s011,20,9,0.7,0.06142857142857143
s011,30,0,0.7,0.0768421052631579
s011,30,1,0.7,0.07555555555555554
s011,30,2,0.7,0.08
s011,30,3,0.7,0.07368421052631578
s011,30,4,0.7,0.07636363636363636
s011,30,5,0.7,0.07416666666666666
s011,30,6,0.7,0.07578947368421052
s011,30,7,0.7,0.07599999999999998
s011,30,8,0.7,0.07111111111111111
s011,30,9,0.7,0.07499999999999998
s011,1,0,0.8,0.06758620689655172
s011,20,0,0.8,0.06421052631578948
s011,20,1,0.8,0.05727272727272727
s011,20,2,0.8,0.0642857142857143
s011,20,3,0.8,0.06888888888888889
s011,20,4,0.8,0.07600000000000001
s011,20,5,0.8,0.06615384615384615
s011,20,6,0.8,0.06484848484848485
s011,20,7,0.8,0.06714285714285714
s011,20,8,0.8,0.06842105263157895
s011,20,9,0.8,0.056521739130434775
s011,30,0,0.8,0.05846153846153847
s011,30,1,0.8,0.06285714285714286
s011,30,2,0.8,0.07555555555555557
s011,30,3,0.8,0.07333333333333333
s011,30,4,0.8,0.07176470588235294
s011,30,5,0.8,0.072
s011,30,6,0.8,0.07142857142857142
s011,30,7,0.8,0.06909090909090909
s011,30,8,0.8,0.068
s011,30,9,0.8,0.06842105263157894
s011,1,0,0.9,0.06333333333333332
s011,20,0,0.9,0.06615384615384616
s011,20,1,0.9,0.0582608695652174
s011,20,2,0.9,0.06000000000000001
s011,20,3,0.9,0.068
s011,20,4,0.9,0.06888888888888889
s011,20,5,0.9,0.06
s011,20,6,0.9,0.057777777777777775
s011,20,7,0.9,0.06222222222222222
s011,20,8,0.9,0.06444444444444444
s011,20,9,0.9,0.05600000000000001
s011,30,0,0.9,0.05599999999999999
s011,30,1,0.9,0.06285714285714283
s011,30,2,0.9,0.068
s011,30,3,0.9,0.07555555555555554
s011,30,4,0.9,0.06352941176470589
s011,30,5,0.9,0.07199999999999998
s011,30,6,0.9,0.07111111111111111
s011,30,7,0.9,0.06571428571428573
s011,30,8,0.9,0.068
s011,30,9,0.9,0.06153846153846154
s011,1,0,1.0,0.05599999999999991
s011,20,0,1.0,0.06499999999999995
s011,20,1,1.0,0.056
s011,20,2,1.0,0.052000000000000005
s011,20,3,1.0,0.064
s011,20,4,1.0,0.06399999999999997
s011,20,5,1.0,0.06
s011,20,6,1.0,0.052000000000000005
s011,20,7,1.0,0.05333333333333333
s011,20,8,1.0,0.06
s011,20,9,1.0,0.055
s011,30,0,1.0,0.06
s011,30,1,1.0,0.05777777777777779
s011,30,2,1.0,0.0680000000000001
s011,30,3,1.0,0.07230769230769235
s011,30,4,1.0,0.07111111111111112
s011,30,5,1.0,0.08
s011,30,6,1.0,0.068
s011,30,7,1.0,0.06800000000000006
s011,30,8,1.0,0.06399999999999992
s011,30,9,1.0,0.05600000000000019
s012,1,0,0.0,0.11386666666666667
s012,20,0,0.0,0.1076595744680851
s012,20,1,0.0,0.115
s012,20,2,0.0,0.1094736842105263
s012,20,3,0.0,0.11464285714285713
s012,20,4,0.0,0.10470588235294118
s012,20,5,0.0,0.12298507462686567
s012,20,6,0.0,0.1088888888888889
s012,20,7,0.0,0.11636363636363636
s012,20,8,0.0,0.1111111111111111
s012,20,9,0.0,0.11
s012,30,0,0.0,0.12131578947368421
s012,30,1,0.0,0.11836734693877551
s012,30,2,0.0,0.1125
s012,30,3,0.0,0.11966101694915254
s012,30,4,0.0,0.12
s012,30,5,0.0,0.1088888888888889
s012,30,6,0.0,0.11297297297297298
s012,30,7,0.0,0.12086956521739131
s012,30,8,0.0,0.12666666666666665
s012,30,9,0.0,0.10727272727272727
s012,1,0,0.1,0.09533333333333334
s012,20,0,0.1,0.09777777777777778
s012,20,1,0.1,0.10357142857142856
s012,20,2,0.1,0.09375
s012,20,3,0.1,0.10186046511627908
s012,20,4,0.1,0.09058823529411766
s012,20,5,0.1,0.10615384615384615
s012,20,6,0.1,0.10162162162162162
s012,20,7,0.1,0.10750000000000001
s012,20,8,0.1,0.0955223880597015
s012,20,9,0.1,0.0931578947368421
s012,30,0,0.1,0.09739130434782609
s012,30,1,0.1,0.10754716981132076
s012,30,2,0.1,0.1038709677419355
s012,30,3,0.1,0.10319999999999999
s012,30,4,0.1,0.10530612244897959
s012,30,5,0.1,0.09636363636363636
s012,30,6,0.1,0.099375
s012,30,7,0.1,0.10580645161290322
s012,30,8,0.1,0.11253012048192772
s012,30,9,0.1,0.09714285714285714
s012,1,0,0.2,0.086
s012,20,0,0.2,0.07866666666666666
s012,20,1,0.2,0.08470588235294119
s012,20,2,0.2,0.0824390243902439
s012,20,3,0.2,0.08818181818181818
s012,20,4,0.2,0.08
s012,20,5,0.2,0.08690909090909091
s012,20,6,0.2,0.08780487804878048
s012,20,7,0.2,0.09111111111111111
s012,20,8,0.2,0.0768421052631579
s012,20,9,0.2,0.07529411764705882
s012,30,0,0.2,0.08027397260273973
s012,30,1,0.2,0.08444444444444443
s012,30,2,0.2,0.08653061224489796
s012,30,3,0.2,0.09
s012,30,4,0.2,0.08470588235294119
s012,30,5,0.2,0.08457142857142858
s012,30,6,0.2,0.08571428571428572
s012,30,7,0.2,0.08827586206896551
s012,30,8,0.2,0.09419354838709679
s012,30,9,0.2,0.08272727272727273
s012,1,0,0.3,0.07111111111111111
s012,20,0,0.3,0.07515151515151514
s012,20,1,0.3,0.08153846153846153
s012,20,2,0.3,0.07655172413793104
s012,20,3,0.3,0.07266666666666666
s012,20,4,0.3,0.06342857142857142
s012,20,5,0.3,0.085
s012,20,6,0.3,0.075
s012,20,7,0.3,0.07294117647058823
s012,20,8,0.3,0.06352941176470589
s012,20,9,0.3,0.06823529411764706
s012,30,0,0.3,0.0668421052631579
s012,30,1,0.3,0.07419354838709677
s012,30,2,0.3,0.08206896551724138
s012,30,3,0.3,0.07999999999999999
s012,30,4,0.3,0.08
s012,30,5,0.3,0.07142857142857142
s012,30,6,0.3,0.069
s012,30,7,0.3,0.06742857142857143
s012,30,8,0.3,0.08
s012,30,9,0.3,0.06823529411764706
s012,1,0,0.4,0.06473684210526316
s012,20,0,0.4,0.0703448275862069
s012,20,1,0.4,0.07076923076923078
s012,20,2,0.4,0.0574468085106383
s012,20,3,0.4,0.06
s012,20,4,0.4,0.05454545454545455
s012,20,5,0.4,0.07333333333333333
s012,20,6,0.4,0.06580645161290322
s012,20,7,0.4,0.06263157894736843
s012,20,8,0.4,0.06
s012,20,9,0.4,0.06588235294117648
s012,30,0,0.4,0.054400000000000004
s012,30,1,0.4,0.06
s012,30,2,0.4,0.06473684210526316
s012,30,3,0.4,0.06923076923076923
s012,30,4,0.4,0.07130434782608695
s012,30,5,0.4,0.06615384615384615
s012,30,6,0.4,0.056363636363636366
s012,30,7,0.4,0.06
s012,30,8,0.4,0.07500000000000001
s012,30,9,0.4,0.06
s012,1,0,0.5,0.051428571428571435
s012,20,0,0.5,0.058095238095238096
s012,20,1,0.5,0.06
s012,20,2,0.5,0.045
s012,20,3,0.5,0.06
s012,20,4,0.5,0.04666666666666666
s012,20,5,0.5,0.06
s012,20,6,0.5,0.056585365853658545
s012,20,7,0.5,0.054285714285714284
s012,20,8,0.5,0.046896551724137925
s012,20,9,0.5,0.05727272727272727
s012,30,0,0.5,0.05
s012,30,1,0.5,0.05555555555555555
s012,30,2,0.5,0.057999999999999996
s012,30,3,0.5,0.06
s012,30,4,0.5,0.06444444444444444
s012,30,5,0.5,0.058823529411764705
s012,30,6,0.5,0.05333333333333334
s012,30,7,0.5,0.05500000000000001
s012,30,8,0.5,0.065
s012,30,9,0.5,0.058823529411764705
s012,1,0,0.6,0.04470588235294118
s012,20,0,0.6,0.05384615384615385
s012,20,1,0.6,0.054285714285714284
s012,20,2,0.6,0.039999999999999994
s012,20,3,0.6,0.05428571428571429
s012,20,4,0.6,0.045
s012,20,5,0.6,0.05333333333333334
s012,20,6,0.6,0.047499999999999994
s012,20,7,0.6,0.05111111111111111
s012,20,8,0.6,0.03571428571428572
s012,20,9,0.6,0.052
s012,30,0,0.6,0.048
s012,30,1,0.6,0.045365853658536584
s012,30,2,0.6,0.05499999999999999
s012,30,3,0.6,0.055384615384615386
s012,30,4,0.6,0.056363636363636366
s012,30,5,0.6,0.04923076923076923
s012,30,6,0.6,0.04521739130434782
s012,30,7,0.6,0.05
s012,30,8,0.6,0.05764705882352941
s012,30,9,0.6,0.04857142857142857
s012,1,0,0.7,0.03555555555555555
s012,20,0,0.7,0.043478260869565216
s012,20,1,0.7,0.04666666666666666
s012,20,2,0.7,0.036800000000000006
s012,20,3,0.7,0.04
s012,20,4,0.7,0.041428571428571426
s012,20,5,0.7,0.04461538461538461
s012,20,6,0.7,0.04
s012,20,7,0.7,0.04
s012,20,8,0.7,0.035
s012,20,9,0.7,0.04526315789473684
s012,30,0,0.7,0.036923076923076927
s012,30,1,0.7,0.03333333333333333
s012,30,2,0.7,0.04516129032258065
s012,30,3,0.7,0.04090909090909091
s012,30,4,0.7,0.04608695652173912
s012,30,5,0.7,0.03777777777777778
s012,30,6,0.7,0.04000000000000001
s012,30,7,0.7,0.04307692307692308
s012,30,8,0.7,0.048421052631578934
s012,30,9,0.7,0.03777777777777778
s012,1,0,0.8,0.028000000000000004
s012,20,0,0.8,0.04
s012,20,1,0.8,0.04
s012,20,2,0.8,0.029090909090909094
s012,20,3,0.8,0.03333333333333334
s012,20,4,0.8,0.03200000000000001
s012,20,5,0.8,0.03857142857142856
s012,20,6,0.8,0.033846153846153845
s012,20,7,0.8,0.04
s012,20,8,0.8,0.02500000000000001
s012,20,9,0.8,0.04
s012,30,0,0.8,0.032
s012,30,1,0.8,0.028888888888888888
s012,30,2,0.8,0.035999999999999976
s012,30,3,0.8,0.03777777777777778
s012,30,4,0.8,0.03571428571428572
s012,30,5,0.8,0.029999999999999978
s012,30,6,0.8,0.02666666666666667
s012,30,7,0.8,0.038461538461538464
s012,30,8,0.8,0.03909090909090909
s012,30,9,0.8,0.036
s012,1,0,0.9,0.025
s012,20,0,0.9,0.03555555555555555
s012,20,1,0.9,0.03
s012,20,2,0.9,0.023999999999999987
s012,20,3,0.9,0.025000000000000015
s012,20,4,0.9,0.02800000000000001
s012,20,5,0.9,0.03111111111111111
s012,20,6,0.9,0.028888888888888888
s012,20,7,0.9,0.03529411764705881
s012,20,8,0.9,0.02
s012,20,9,0.9,0.038571428571428555
s012,30,0,0.9,0.028000000000000004
s012,30,1,0.9,0.027999999999999987
s012,30,2,0.9,0.036000000000000004
s012,30,3,0.9,0.03499999999999999
s012,30,4,0.9,0.028000000000000008
s012,30,5,0.9,0.02666666666666667
s012,30,6,0.9,0.022857142857142854
s012,30,7,0.9,0.03555555555555556
s012,30,8,0.9,0.03500000000000003
s012,30,9,0.9,0.031111111111111114
s012,1,0,1.0,0.02799999999999995
s012,20,0,1.0,0.028
s012,20,1,1.0,0.028000000000000025
s012,20,2,1.0,0.02
s012,20,3,1.0,0.02
s012,20,4,1.0,0.025000000000000053
s012,20,5,1.0,0.028000000000000025
s012,20,6,1.0,0.028
s012,20,7,1.0,0.028888888888888895
s012,20,8,1.0,0.02
s012,20,9,1.0,0.035
s012,30,0,1.0,0.025000000000000053
s012,30,1,1.0,0.024444444444444435
s012,30,2,1.0,0.03500000000000005
s012,30,3,1.0,0.03500000000000005
s012,30,4,1.0,0.028000000000000053
s012,30,5,1.0,0.02
s012,30,6,1.0,0.022222222222222213
s012,30,7,1.0,0.031111111111111124
s012,30,8,1.0,0.028888888888888898
s012,30,9,1.0,0.025
s013,1,0,0.0,0.11754385964912281
s013,20,0,0.0,0.12296875
s013,20,1,0.0,0.12914285714285714
s013,20,2,0.0,0.1184375
s013,20,3,0.0,0.12619469026548674
s013,20,4,0.0,0.12577777777777777
s013,20,5,0.0,0.12184873949579833
s013,20,6,0.0,0.1146218487394958
s013,20,7,0.0,0.11528455284552845
s013,20,8,0.0,0.12169491525423728
s013,20,9,0.0,0.13692307692307693
s013,30,0,0.0,0.12352
s013,30,1,0.0,0.12571428571428572
s013,30,2,0.0,0.13596774193548386
s013,30,3,0.0,0.12857142857142856
s013,30,4,0.0,0.11634782608695653
s013,30,5,0.0,0.12607407407407406
s013,30,6,0.0,0.11697478991596638
s013,30,7,0.0,0.12505494505494508
s013,30,8,0.0,0.12651162790697673
s013,30,9,0.0,0.11578947368421053
s013,1,0,0.1,0.11294117647058824
s013,20,0,0.1,0.11395348837209303
s013,20,1,0.1,0.12107142857142858
s013,20,2,0.1,0.11169491525423729
s013,20,3,0.1,0.1182716049382716
s013,20,4,0.1,0.10981818181818183
s013,20,5,0.1,0.10883720930232557
s013,20,6,0.1,0.10988764044943819
s013,20,7,0.1,0.11469387755102042
s013,20,8,0.1,0.12
s013,20,9,0.1,0.13058823529411767
s013,30,0,0.1,0.1163963963963964
s013,30,1,0.1,0.11983739837398374
s013,30,2,0.1,0.13535353535353536
s013,30,3,0.1,0.12456521739130436
s013,30,4,0.1,0.11168316831683167
s013,30,5,0.1,0.10472727272727272
s013,30,6,0.1,0.1103921568627451
s013,30,7,0.1,0.11666666666666667
s013,30,8,0.1,0.12228571428571429
s013,30,9,0.1,0.1143859649122807
s013,1,0,0.2,0.10588235294117648
s013,20,0,0.2,0.10652631578947369
s013,20,1,0.2,0.11272727272727273
s013,20,2,0.2,0.10631578947368421
s013,20,3,0.2,0.11877551020408164
s013,20,4,0.2,0.10200000000000001
s013,20,5,0.2,0.10615384615384614
s013,20,6,0.2,0.10554455445544556
s013,20,7,0.2,0.10235294117647058
s013,20,8,0.2,0.1086725663716814
s013,20,9,0.2,0.12114285714285714
s013,30,0,0.2,0.10821428571428572
s013,30,1,0.2,0.11522935779816515
s013,30,2,0.2,0.1283720930232558
s013,30,3,0.2,0.11404761904761904
s013,30,4,0.2,0.10716981132075472
s013,30,5,0.2,0.10571428571428572
s013,30,6,0.2,0.10400000000000001
s013,30,7,0.2,0.12079999999999999
s013,30,8,0.2,0.11591836734693878
s013,30,9,0.2,0.10615384615384615
s013,1,0,0.3,0.09736842105263158
s013,20,0,0.3,0.09677419354838711
s013,20,1,0.3,0.10695652173913044
s013,20,2,0.3,0.09333333333333332
s013,20,3,0.3,0.10453333333333334
s013,20,4,0.3,0.09872340425531916
s013,20,5,0.3,0.09657142857142857
s013,20,6,0.3,0.09885714285714287
s013,20,7,0.3,0.10120481927710843
s013,20,8,0.3,0.10208695652173913
s013,20,9,0.3,0.11214285714285713
s013,30,0,0.3,0.1
s013,30,1,0.3,0.11000000000000001
s013,30,2,0.3,0.12
s013,30,3,0.3,0.1038709677419355
s013,30,4,0.3,0.09630434782608696
s013,30,5,0.3,0.09916666666666667
s013,30,6,0.3,0.0967741935483871
s013,30,7,0.3,0.1083116883116883
s013,30,8,0.3,0.10837209302325582
s013,30,9,0.3,0.09714285714285714
s013,1,0,0.4,0.09195876288659795
s013,20,0,0.4,0.08673684210526317
s013,20,1,0.4,0.0950561797752809
s013,20,2,0.4,0.08623655913978495
s013,20,3,0.4,0.0955
s013,20,4,0.4,0.08962025316455696
s013,20,5,0.4,0.09333333333333332
s013,20,6,0.4,0.08854368932038835
s013,20,7,0.4,0.0935632183908046
s013,20,8,0.4,0.09182608695652174
s013,20,9,0.4,0.09974683544303797
s013,30,0,0.4,0.09283950617283951
s013,30,1,0.4,0.10307692307692308
s013,30,2,0.4,0.11384615384615385
s013,30,3,0.4,0.09719298245614036
s013,30,4,0.4,0.08753246753246754
s013,30,5,0.4,0.09488372093023256
s013,30,6,0.4,0.08666666666666667
s013,30,7,0.4,0.10066666666666665
s013,30,8,0.4,0.09741935483870968
s013,30,9,0.4,0.09333333333333332
s013,1,0,0.5,0.08363636363636365
s013,20,0,0.5,0.08388059701492537
s013,20,1,0.5,0.08823529411764705
s013,20,2,0.5,0.08124999999999999
s013,20,3,0.5,0.08881355932203391
s013,20,4,0.5,0.08347826086956521
s013,20,5,0.5,0.07897435897435898
s013,20,6,0.5,0.07864406779661016
s013,20,7,0.5,0.08067796610169492
s013,20,8,0.5,0.08516129032258064
s013,20,9,0.5,0.08888888888888889
s013,30,0,0.5,0.08679245283018869
s013,30,1,0.5,0.09485714285714286
s013,30,2,0.5,0.09506172839506172
s013,30,3,0.5,0.0876923076923077
s013,30,4,0.5,0.08
s013,30,5,0.5,0.08561403508771931
s013,30,6,0.5,0.07565217391304349
s013,30,7,0.5,0.09529411764705883
s013,30,8,0.5,0.08837837837837838
s013,30,9,0.5,0.08545454545454545
s013,1,0,0.6,0.07727272727272727
s013,20,0,0.6,0.0738235294117647
s013,20,1,0.6,0.07846153846153846
s013,20,2,0.6,0.0736
s013,20,3,0.6,0.08135135135135135
s013,20,4,0.6,0.07391304347826086
s013,20,5,0.6,0.07777777777777778
s013,20,6,0.6,0.071875
s013,20,7,0.6,0.07914893617021276
s013,20,8,0.6,0.07850746268656716
s013,20,9,0.6,0.0827906976744186
s013,30,0,0.6,0.07813953488372094
s013,30,1,0.6,0.08586206896551724
s013,30,2,0.6,0.08964285714285715
s013,30,3,0.6,0.08461538461538462
s013,30,4,0.6,0.07333333333333333
s013,30,5,0.6,0.08258064516129032
s013,30,6,0.6,0.06818181818181818
s013,30,7,0.6,0.08941176470588236
s013,30,8,0.6,0.07777777777777778
s013,30,9,0.6,0.08399999999999999
s013,1,0,0.7,0.0695
s013,20,0,0.7,0.07333333333333333
s013,20,1,0.7,0.0684848484848485
s013,20,2,0.7,0.07428571428571429
s013,20,3,0.7,0.07542857142857143
s013,20,4,0.7,0.07285714285714286
s013,20,5,0.7,0.071
s013,20,6,0.7,0.06888888888888889
s013,20,7,0.7,0.07499999999999998
s013,20,8,0.7,0.0728
s013,20,9,0.7,0.0755
s013,30,0,0.7,0.0736
s013,30,1,0.7,0.08140350877192983
s013,30,2,0.7,0.08
s013,30,3,0.7,0.07647058823529412
s013,30,4,0.7,0.06470588235294117
s013,30,5,0.7,0.0767741935483871
s013,30,6,0.7,0.06235294117647058
s013,30,7,0.7,0.08307692307692308
s013,30,8,0.7,0.06923076923076923
s013,30,9,0.7,0.07800000000000001
s013,1,0,0.8,0.06733333333333333
s013,20,0,0.8,0.06666666666666668
s013,20,1,0.8,0.06545454545454546
s013,20,2,0.8,0.06742857142857142
s013,20,3,0.8,0.06774193548387096
s013,20,4,0.8,0.06838709677419355
s013,20,5,0.8,0.06444444444444444
s013,20,6,0.8,0.06666666666666668
s013,20,7,0.8,0.07058823529411765
s013,20,8,0.8,0.06769230769230769
s013,20,9,0.8,0.07150000000000001
s013,30,0,0.8,0.072
s013,30,1,0.8,0.0748
s013,30,2,0.8,0.06923076923076923
s013,30,3,0.8,0.07028571428571428
s013,30,4,0.8,0.06
s013,30,5,0.8,0.07102040816326531
s013,30,6,0.8,0.0608695652173913
s013,30,7,0.8,0.07533333333333334
s013,30,8,0.8,0.061081081081081075
s013,30,9,0.8,0.07555555555555557
s013,1,0,0.9,0.05384615384615385
s013,20,0,0.9,0.06615384615384615
s013,20,1,0.9,0.05846153846153847
s013,20,2,0.9,0.06222222222222222
s013,20,3,0.9,0.059999999999999984
s013,20,4,0.9,0.05391304347826087
s013,20,5,0.9,0.05575757575757577
s013,20,6,0.9,0.06222222222222222
s013,20,7,0.9,0.05919999999999999
s013,20,8,0.9,0.056
s013,20,9,0.9,0.06
s013,30,0,0.9,0.06307692307692309
s013,30,1,0.9,0.06869565217391305
s013,30,2,0.9,0.06307692307692309
s013,30,3,0.9,0.06307692307692307
s013,30,4,0.9,0.05538461538461539
s013,30,5,0.9,0.06782608695652173
s013,30,6,0.9,0.056470588235294106
s013,30,7,0.9,0.07000000000000002
s013,30,8,0.9,0.05333333333333334
s013,30,9,0.9,0.068
s013,1,0,1.0,0.05
s013,20,0,1.0,0.055
s013,20,1,1.0,0.0500000000000001
s013,20,2,1.0,0.05199999999999991
s013,20,3,1.0,0.052000000000000005
s013,20,4,1.0,0.0480000000000001
s013,20,5,1.0,0.0449999999999999
s013,20,6,1.0,0.05
s013,20,7,1.0,0.056
s013,20,8,1.0,0.0480000000000001
s013,20,9,1.0,0.05
s013,30,0,1.0,0.04888888888888887
s013,30,1,1.0,0.06
s013,30,2,1.0,0.05599999999999995
s013,30,3,1.0,0.05500000000000005
s013,30,4,1.0,0.05199999999999995
s013,30,5,1.0,0.055
s013,30,6,1.0,0.0480000000000001
s013,30,7,1.0,0.05199999999999991
s013,30,8,1.0,0.044000000000000046
s013,30,9,1.0,0.05777777777777779
s015,1,0,0.0,0.14463157894736844
s015,20,0,0.0,0.1518421052631579
s015,20,1,0.0,0.14326530612244898
s015,20,2,0.0,0.1441095890410959
s015,20,3,0.0,0.14515463917525773
s015,20,4,0.0,0.1358490566037736
s015,20,5,0.0,0.14289156626506022
s015,20,6,0.0,0.13858823529411765
s015,20,7,0.0,0.14444444444444443
s015,20,8,0.0,0.14205128205128206
s015,20,9,0.0,0.14704761904761904
s015,30,0,0.0,0.13466666666666666
s015,30,1,0.0,0.14363636363636365
s015,30,2,0.0,0.14444444444444443
s015,30,3,0.0,0.15023255813953487
s015,30,4,0.0,0.14888888888888888
s015,30,5,0.0,0.1410958904109589
s015,30,6,0.0,0.1493617021276596
s015,30,7,0.0,0.15105263157894738
s015,30,8,0.0,0.15011494252873564
s015,30,9,0.0,0.1488888888888889
s015,1,0,0.1,0.13648351648351648
s015,20,0,0.1,0.14666666666666667
s015,20,1,0.1,0.1361904761904762
s015,20,2,0.1,0.13941747572815533
s015,20,3,0.1,0.13848101265822785
s015,20,4,0.1,0.1376
s015,20,5,0.1,0.13822784810126584
s015,20,6,0.1,0.1380327868852459
s015,20,7,0.1,0.13793103448275862
s015,20,8,0.1,0.13676470588235295
s015,20,9,0.1,0.14
s015,30,0,0.1,0.13204545454545458
s015,30,1,0.1,0.13670588235294118
s015,30,2,0.1,0.1438805970149254
s015,30,3,0.1,0.15073170731707314
s015,30,4,0.1,0.14956521739130435
s015,30,5,0.1,0.14246153846153847
s015,30,6,0.1,0.14666666666666667
s015,30,7,0.1,0.14779661016949153
s015,30,8,0.1,0.15121951219512195
s015,30,9,0.1,0.1451764705882353
s015,1,0,0.2,0.13746478873239437
s015,20,0,0.2,0.1453061224489796
s015,20,1,0.2,0.1369811320754717
s015,20,2,0.2,0.13437500000000002
s015,20,3,0.2,0.13736842105263158
s015,20,4,0.2,0.1336842105263158
s015,20,5,0.2,0.1386842105263158
s015,20,6,0.2,0.12975609756097561
s015,20,7,0.2,0.13333333333333333
s015,20,8,0.2,0.13529411764705884
s015,20,9,0.2,0.14027397260273972
s015,30,0,0.2,0.13060240963855424
s015,30,1,0.2,0.1374736842105263
s015,30,2,0.2,0.14
s015,30,3,0.2,0.14323529411764707
s015,30,4,0.2,0.14363636363636362
s015,30,5,0.2,0.14260869565217393
s015,30,6,0.2,0.13655172413793104
s015,30,7,0.2,0.14470588235294118
s015,30,8,0.2,0.15361702127659574
s015,30,9,0.2,0.14380952380952383
s015,1,0,0.3,0.13147540983606557
s015,20,0,0.3,0.1405
s015,20,1,0.3,0.13522388059701493
s015,20,2,0.3,0.1316279069767442
s015,20,3,0.3,0.138125
s015,20,4,0.3,0.12975609756097561
s015,20,5,0.3,0.13666666666666666
s015,20,6,0.3,0.1270886075949367
s015,20,7,0.3,0.1375
s015,20,8,0.3,0.13515151515151513
s015,20,9,0.3,0.13391304347826088
s015,30,0,0.3,0.12875
s015,30,1,0.3,0.13536842105263158
s015,30,2,0.3,0.13170731707317074
s015,30,3,0.3,0.1368
s015,30,4,0.3,0.14576923076923076
s015,30,5,0.3,0.14058823529411762
s015,30,6,0.3,0.13555555555555554
s015,30,7,0.3,0.14146341463414636
s015,30,8,0.3,0.14714285714285713
s015,30,9,0.3,0.13971014492753625
s015,1,0,0.4,0.1288888888888889
s015,20,0,0.4,0.13826086956521738
s015,20,1,0.4,0.1289655172413793
s015,20,2,0.4,0.12645161290322582
s015,20,3,0.4,0.13555555555555554
s015,20,4,0.4,0.13142857142857145
s015,20,5,0.4,0.13555555555555554
s015,20,6,0.4,0.12631578947368421
s015,20,7,0.4,0.13236363636363635
s015,20,8,0.4,0.13448275862068967
s015,20,9,0.4,0.13235294117647056
s015,30,0,0.4,0.125
s015,30,1,0.4,0.13333333333333333
s015,30,2,0.4,0.13176470588235295
s015,30,3,0.4,0.13428571428571429
s015,30,4,0.4,0.1402941176470588
s015,30,5,0.4,0.14135593220338982
s015,30,6,0.4,0.12864864864864867
s015,30,7,0.4,0.14
s015,30,8,0.4,0.14192307692307693
s015,30,9,0.4,0.1318032786885246
s015,1,0,0.5,0.12444444444444445
s015,20,0,0.5,0.132
s015,20,1,0.5,0.12714285714285717
s015,20,2,0.5,0.12666666666666665
s015,20,3,0.5,0.1349019607843137
s015,20,4,0.5,0.12727272727272726
s015,20,5,0.5,0.135
s015,20,6,0.5,0.12516129032258067
s015,20,7,0.5,0.1336842105263158
s015,20,8,0.5,0.13151515151515153
s015,20,9,0.5,0.12918032786885247
s015,30,0,0.5,0.12276923076923077
s015,30,1,0.5,0.1375
s015,30,2,0.5,0.1335135135135135
s015,30,3,0.5,0.13285714285714287
s015,30,4,0.5,0.14222222222222222
s015,30,5,0.5,0.13157894736842107
s015,30,6,0.5,0.12258064516129032
s015,30,7,0.5,0.13714285714285715
s015,30,8,0.5,0.136
s015,30,9,0.5,0.13333333333333336
s015,1,0,0.6,0.12086956521739131
s015,20,0,0.6,0.132
s015,20,1,0.6,0.12192307692307693
s015,20,2,0.6,0.12571428571428572
s015,20,3,0.6,0.1288372093023256
s015,20,4,0.6,0.12285714285714286
s015,20,5,0.6,0.14
s015,20,6,0.6,0.1181818181818182
s015,20,7,0.6,0.13470588235294118
s015,20,8,0.6,0.1275
s015,20,9,0.6,0.12794520547945204
s015,30,0,0.6,0.12
s015,30,1,0.6,0.1355
s015,30,2,0.6,0.12702702702702703
s015,30,3,0.6,0.13209302325581396
s015,30,4,0.6,0.13777777777777778
s015,30,5,0.6,0.13076923076923078
s015,30,6,0.6,0.12714285714285714
s015,30,7,0.6,0.13714285714285715
s015,30,8,0.6,0.13636363636363635
s015,30,9,0.6,0.13189189189189188
s015,1,0,0.7,0.12
s015,20,0,0.7,0.128
s015,20,1,0.7,0.12387096774193548
s015,20,2,0.7,0.11636363636363636
s015,20,3,0.7,0.12606060606060604
s015,20,4,0.7,0.12256410256410254
s015,20,5,0.7,0.13548387096774195
s015,20,6,0.7,0.11789473684210526
s015,20,7,0.7,0.12695652173913044
s015,20,8,0.7,0.12399999999999999
s015,20,9,0.7,0.12
s015,30,0,0.7,0.11931034482758619
s015,30,1,0.7,0.1355
s015,30,2,0.7,0.1193939393939394
s015,30,3,0.7,0.12937500000000002
s015,30,4,0.7,0.14421052631578946
s015,30,5,0.7,0.13212121212121214
s015,30,6,0.7,0.12631578947368421
s015,30,7,0.7,0.1329032258064516
s015,30,8,0.7,0.136
s015,30,9,0.7,0.13304347826086957
s015,1,0,0.8,0.12
s015,20,0,0.8,0.12428571428571428
s015,20,1,0.8,0.1225
s015,20,2,0.8,0.11285714285714286
s015,20,3,0.8,0.128
s015,20,4,0.8,0.11999999999999998
s015,20,5,0.8,0.12823529411764706
s015,20,6,0.8,0.11894736842105263
s015,20,7,0.8,0.12714285714285717
s015,20,8,0.8,0.12424242424242424
s015,20,9,0.8,0.11652173913043479
s015,30,0,0.8,0.12
s015,30,1,0.8,0.13333333333333333
s015,30,2,0.8,0.116
s015,30,3,0.8,0.12285714285714286
s015,30,4,0.8,0.14
s015,30,5,0.8,0.12782608695652176
s015,30,6,0.8,0.12666666666666668
s015,30,7,0.8,0.13333333333333333
s015,30,8,0.8,0.13692307692307693
s015,30,9,0.8,0.13478260869565217
s015,1,0,0.9,0.11200000000000002
s015,20,0,0.9,0.12
s015,20,1,0.9,0.12000000000000002
s015,20,2,0.9,0.11333333333333334
s015,20,3,0.9,0.12799999999999997
s015,20,4,0.9,0.11600000000000002
s015,20,5,0.9,0.12
s015,20,6,0.9,0.12
s015,20,7,0.9,0.12428571428571429
s015,20,8,0.9,0.1305263157894737
s015,20,9,0.9,0.11555555555555555
s015,30,0,0.9,0.128
s015,30,1,0.9,0.13571428571428573
s015,30,2,0.9,0.11586206896551726
s015,30,3,0.9,0.124
s015,30,4,0.9,0.14
s015,30,5,0.9,0.1242857142857143
s015,30,6,0.9,0.132
s015,30,7,0.9,0.13285714285714287
s015,30,8,0.9,0.13428571428571429
s015,30,9,0.9,0.13777777777777778
s015,1,0,1.0,0.11200000000000004
s015,20,0,1.0,0.12
s015,20,1,1.0,0.12
s015,20,2,1.0,0.115
s015,20,3,1.0,0.12499999999999996
s015,20,4,1.0,0.11600000000000005
s015,20,5,1.0,0.12
s015,20,6,1.0,0.12
s015,20,7,1.0,0.12
s015,20,8,1.0,0.132
s015,20,9,1.0,0.11599999999999999
s015,30,0,1.0,0.132
s015,30,1,1.0,0.13555555555555557
s015,30,2,1.0,0.11199999999999992
s015,30,3,1.0,0.12399999999999996
s015,30,4,1.0,0.13555555555555554
s015,30,5,1.0,0.125
s015,30,6,1.0,0.13199999999999998
s015,30,7,1.0,0.13199999999999995
s015,30,8,1.0,0.13599999999999995
s015,30,9,1.0,0.136
s016,1,0,0.0,0.20352941176470588
s016,20,0,0.0,0.198
s016,20,1,0.0,0.21236363636363637
s016,20,2,0.0,0.196
s016,20,3,0.0,0.2073846153846154
s016,20,4,0.0,0.20216216216216215
s016,20,5,0.0,0.20553191489361702
s016,20,6,0.0,0.20218181818181818
s016,20,7,0.0,0.18875
s016,20,8,0.0,0.20347826086956522
s016,20,9,0.0,0.21555555555555556
s016,30,0,0.0,0.21894736842105264
s016,30,1,0.0,0.19413793103448274
s016,30,2,0.0,0.2
s016,30,3,0.0,0.19363636363636363
s016,30,4,0.0,0.21710843373493977
s016,30,5,0.0,0.19480519480519481
s016,30,6,0.0,0.20476190476190476
s016,30,7,0.0,0.19230769230769232
s016,30,8,0.0,0.22307692307692306
s016,30,9,0.0,0.20526315789473684
s016,1,0,0.1,0.18226415094339624
s016,20,0,0.1,0.18583333333333335
s016,20,1,0.1,0.19517241379310346
s016,20,2,0.1,0.18452830188679245
s016,20,3,0.1,0.1950943396226415
s016,20,4,0.1,0.18363636363636365
s016,20,5,0.1,0.18818181818181817
s016,20,6,0.1,0.18888888888888888
s016,20,7,0.1,0.1745833333333333
s016,20,8,0.1,0.1816326530612245
s016,20,9,0.1,0.19791666666666669
s016,30,0,0.1,0.20763636363636365
s016,30,1,0.1,0.18
s016,30,2,0.1,0.19538461538461538
s016,30,3,0.1,0.1805
s016,30,4,0.1,0.195
s016,30,5,0.1,0.1890909090909091
s016,30,6,0.1,0.20769230769230768
s016,30,7,0.1,0.19428571428571428
s016,30,8,0.1,0.21773584905660376
s016,30,9,0.1,0.19538461538461538
s016,1,0,0.2,0.18108108108108106
s016,20,0,0.2,0.1735714285714286
s016,20,1,0.2,0.18578947368421053
s016,20,2,0.2,0.16952380952380952
s016,20,3,0.2,0.18222222222222223
s016,20,4,0.2,0.17885714285714285
s016,20,5,0.2,0.18
s016,20,6,0.2,0.17857142857142855
s016,20,7,0.2,0.16303030303030303
s016,20,8,0.2,0.16444444444444445
s016,20,9,0.2,0.18461538461538463
s016,30,0,0.2,0.18897959183673468
s016,30,1,0.2,0.1769230769230769
s016,30,2,0.2,0.19052631578947368
s016,30,3,0.2,0.172
s016,30,4,0.2,0.1923076923076923
s016,30,5,0.2,0.18767123287671234
s016,30,6,0.2,0.20339622641509436
s016,30,7,0.2,0.18816326530612243
s016,30,8,0.2,0.21090909090909093
s016,30,9,0.2,0.18788732394366198
s016,1,0,0.3,0.16615384615384615
s016,20,0,0.3,0.16285714285714287
s016,20,1,0.3,0.168955223880597
s016,20,2,0.3,0.15842105263157896
s016,20,3,0.3,0.17294117647058824
s016,20,4,0.3,0.16999999999999998
s016,20,5,0.3,0.1763934426229508
s016,20,6,0.3,0.16893617021276597
s016,20,7,0.3,0.16588235294117648
s016,20,8,0.3,0.16
s016,20,9,0.3,0.17882352941176471
s016,30,0,0.3,0.1769230769230769
s016,30,1,0.3,0.17333333333333334
s016,30,2,0.3,0.18888888888888888
s016,30,3,0.3,0.1684848484848485
s016,30,4,0.3,0.17359999999999998
s016,30,5,0.3,0.1875
s016,30,6,0.3,0.19684210526315787
s016,30,7,0.3,0.1757894736842105
s016,30,8,0.3,0.1902439024390244
s016,30,9,0.3,0.1776811594202899
s016,1,0,0.4,0.16249999999999998
s016,20,0,0.4,0.1623728813559322
s016,20,1,0.4,0.16444444444444445
s016,20,2,0.4,0.16
s016,20,3,0.4,0.1717241379310345
s016,20,4,0.4,0.16444444444444445
s016,20,5,0.4,0.16694444444444445
s016,20,6,0.4,0.16432432432432434
s016,20,7,0.4,0.16749999999999998
s016,20,8,0.4,0.15111111111111108
s016,20,9,0.4,0.18117647058823527
s016,30,0,0.4,0.18428571428571427
s016,30,1,0.4,0.17720000000000002
s016,30,2,0.4,0.19302325581395346
s016,30,3,0.4,0.16
s016,30,4,0.4,0.17205882352941176
s016,30,5,0.4,0.17414634146341462
s016,30,6,0.4,0.19818181818181818
s016,30,7,0.4,0.1837837837837838
s016,30,8,0.4,0.1842105263157895
s016,30,9,0.4,0.18
s016,1,0,0.5,0.16272727272727272
s016,20,0,0.5,0.16823529411764704
s016,20,1,0.5,0.16470588235294117
s016,20,2,0.5,0.16666666666666669
s016,20,3,0.5,0.1704
s016,20,4,0.5,0.17058823529411765
s016,20,5,0.5,0.16888888888888887
s016,20,6,0.5,0.1622222222222222
s016,20,7,0.5,0.17073170731707318
s016,20,8,0.5,0.1545
s016,20,9,0.5,0.17823529411764708
s016,30,0,0.5,0.1775
s016,30,1,0.5,0.18122448979591838
s016,30,2,0.5,0.195
s016,30,3,0.5,0.15411764705882353
s016,30,4,0.5,0.18307692307692308
s016,30,5,0.5,0.17878787878787877
s016,30,6,0.5,0.19724137931034483
s016,30,7,0.5,0.186
s016,30,8,0.5,0.17878787878787877
s016,30,9,0.5,0.16923076923076924
s016,1,0,0.6,0.16999999999999998
s016,20,0,0.6,0.1764705882352941
s016,20,1,0.6,0.18565217391304348
s016,20,2,0.6,0.17058823529411765
s016,20,3,0.6,0.1721951219512195
s016,20,4,0.6,0.181875
s016,20,5,0.6,0.18083333333333335
s016,20,6,0.6,0.16473684210526318
s016,20,7,0.6,0.1771428571428571
s016,20,8,0.6,0.16
s016,20,9,0.6,0.17121951219512194
s016,30,0,0.6,0.18685714285714283
s016,30,1,0.6,0.1875
s016,30,2,0.6,0.19733333333333333
s016,30,3,0.6,0.16
s016,30,4,0.6,0.18666666666666668
s016,30,5,0.6,0.18315789473684208
s016,30,6,0.6,0.20461538461538462
s016,30,7,0.6,0.19066666666666668
s016,30,8,0.6,0.19687499999999997
s016,30,9,0.6,0.1676923076923077
s016,1,0,0.7,0.16857142857142857
s016,20,0,0.7,0.18666666666666668
s016,20,1,0.7,0.18857142857142856
s016,20,2,0.7,0.16545454545454547
s016,20,3,0.7,0.16695652173913045
s016,20,4,0.7,0.18500000000000003
s016,20,5,0.7,0.18444444444444444
s016,20,6,0.7,0.19
s016,20,7,0.7,0.17882352941176471
s016,20,8,0.7,0.1577777777777778
s016,20,9,0.7,0.17538461538461536
s016,30,0,0.7,0.20000000000000004
s016,30,1,0.7,0.18965517241379307
s016,30,2,0.7,0.2064516129032258
s016,30,3,0.7,0.1690909090909091
s016,30,4,0.7,0.20800000000000002
s016,30,5,0.7,0.18926829268292683
s016,30,6,0.7,0.20521739130434785
s016,30,7,0.7,0.2
s016,30,8,0.7,0.2030769230769231
s016,30,9,0.7,0.18270270270270272
s016,1,0,0.8,0.17931034482758618
s016,20,0,0.8,0.19555555555555557
s016,20,1,0.8,0.19684210526315793
s016,20,2,0.8,0.1847058823529412
s016,20,3,0.8,0.18
s016,20,4,0.8,0.19555555555555557
s016,20,5,0.8,0.20857142857142857
s016,20,6,0.8,0.20636363636363636
s016,20,7,0.8,0.19111111111111112
s016,20,8,0.8,0.175
s016,20,9,0.8,0.185
s016,30,0,0.8,0.2088888888888889
s016,30,1,0.8,0.20222222222222222
s016,30,2,0.8,0.22799999999999998
s016,30,3,0.8,0.20400000000000001
s016,30,4,0.8,0.22571428571428576
s016,30,5,0.8,0.2117647058823529
s016,30,6,0.8,0.20769230769230768
s016,30,7,0.8,0.20307692307692307
s016,30,8,0.8,0.22
s016,30,9,0.8,0.19428571428571428
s016,1,0,0.9,0.18888888888888888
s016,20,0,0.9,0.2
s016,20,1,0.9,0.20400000000000001
s016,20,2,0.9,0.20444444444444443
s016,20,3,0.9,0.1976470588235294
s016,20,4,0.9,0.20615384615384613
s016,20,5,0.9,0.22166666666666657
s016,20,6,0.9,0.2177777777777778
s016,20,7,0.9,0.20153846153846156
s016,20,8,0.9,0.19111111111111112
s016,20,9,0.9,0.19894736842105265
s016,30,0,0.9,0.22235294117647061
s016,30,1,0.9,0.2189473684210526
s016,30,2,0.9,0.2323076923076923
s016,30,3,0.9,0.22
s016,30,4,0.9,0.23333333333333334
s016,30,5,0.9,0.24434782608695652
s016,30,6,0.9,0.22
s016,30,7,0.9,0.2114285714285714
s016,30,8,0.9,0.22470588235294114
s016,30,9,0.9,0.22125
s016,1,0,1.0,0.21
s016,20,0,1.0,0.20222222222222225
s016,20,1,1.0,0.22
s016,20,2,1.0,0.22
s016,20,3,1.0,0.20666666666666667
s016,20,4,1.0,0.22
s016,20,5,1.0,0.235
s016,20,6,1.0,0.23333333333333334
s016,20,7,1.0,0.22
s016,20,8,1.0,0.204
s016,20,9,1.0,0.22
s016,30,0,1.0,0.2369230769230769
s016,30,1,1.0,0.2371428571428572
s016,30,2,1.0,0.25230769230769234
s016,30,3,1.0,0.22800000000000004
s016,30,4,1.0,0.24499999999999994
s016,30,5,1.0,0.2553846153846154
s016,30,6,1.0,0.23
s016,30,7,1.0,0.224
s016,30,8,1.0,0.23846153846153845
s016,30,9,1.0,0.23499999999999988
s017,1,0,0.0,0.03560975609756098
s017,20,0,0.0,0.036774193548387096
s017,20,1,0.0,0.0404
s017,20,2,0.0,0.03538461538461539
s017,20,3,0.0,0.031515151515151524
s017,20,4,0.0,0.04470588235294118
s017,20,5,0.0,0.03571428571428571
s017,20,6,0.0,0.035
s017,20,7,0.0,0.03727272727272728
s017,20,8,0.0,0.040377358490566034
s017,20,9,0.0,0.042083333333333334
s017,30,0,0.0,0.04285714285714286
s017,30,1,0.0,0.033333333333333326
s017,30,2,0.0,0.047692307692307694
s017,30,3,0.0,0.03884615384615386
s017,30,4,0.0,0.04083333333333333
s017,30,5,0.0,0.046666666666666676
s017,30,6,0.0,0.0524
s017,30,7,0.0,0.03842105263157895
s017,30,8,0.0,0.038461538461538464
s017,30,9,0.0,0.046060606060606066
s017,1,0,0.1,0.036250000000000004
s017,20,0,0.1,0.03545454545454546
s017,20,1,0.1,0.03764705882352941
s017,20,2,0.1,0.037777777777777785
s017,20,3,0.1,0.036170212765957444
s017,20,4,0.1,0.0380952380952381
s017,20,5,0.1,0.03636363636363636
s017,20,6,0.1,0.03121951219512195
s017,20,7,0.1,0.036923076923076927
s017,20,8,0.1,0.034594594594594595
s017,20,9,0.1,0.04
s017,30,0,0.1,0.04181818181818182
s017,30,1,0.1,0.03153846153846154
s017,30,2,0.1,0.04117647058823529
s017,30,3,0.1,0.04146341463414634
s017,30,4,0.1,0.042800000000000005
s017,30,5,0.1,0.049565217391304345
s017,30,6,0.1,0.04933333333333334
s017,30,7,0.1,0.03837837837837838
s017,30,8,0.1,0.03777777777777778
s017,30,9,0.1,0.048484848484848485
s017,1,0,0.2,0.03135135135135135
s017,20,0,0.2,0.03333333333333333
s017,20,1,0.2,0.037142857142857144
s017,20,2,0.2,0.03428571428571429
s017,20,3,0.2,0.03395348837209303
s017,20,4,0.2,0.039999999999999994
s017,20,5,0.2,0.033913043478260865
s017,20,6,0.2,0.033846153846153845
s017,20,7,0.2,0.035555555555555556
s017,20,8,0.2,0.03818181818181818
s017,20,9,0.2,0.04
s017,30,0,0.2,0.038461538461538464
s017,30,1,0.2,0.03243243243243243
s017,30,2,0.2,0.03900000000000001
s017,30,3,0.2,0.04048780487804878
s017,30,4,0.2,0.039999999999999994
s017,30,5,0.2,0.048888888888888885
s017,30,6,0.2,0.048888888888888885
s017,30,7,0.2,0.04042553191489362
s017,30,8,0.2,0.03485714285714286
s017,30,9,0.2,0.04428571428571429
s017,1,0,0.3,0.03428571428571428
s017,20,0,0.3,0.03538461538461539
s017,20,1,0.3,0.035555555555555556
s017,20,2,0.3,0.031428571428571424
s017,20,3,0.3,0.030526315789473686
s017,20,4,0.3,0.037333333333333336
s017,20,5,0.3,0.03333333333333333
s017,20,6,0.3,0.031219512195121948
s017,20,7,0.3,0.03411764705882353
s017,20,8,0.3,0.036000000000000004
s017,20,9,0.3,0.03904761904761905
s017,30,0,0.3,0.03599999999999999
s017,30,1,0.3,0.028
s017,30,2,0.3,0.04114285714285714
s017,30,3,0.3,0.039999999999999994
s017,30,4,0.3,0.042222222222222223
s017,30,5,0.3,0.0475
s017,30,6,0.3,0.04457142857142857
s017,30,7,0.3,0.04
s017,30,8,0.3,0.03294117647058824
s017,30,9,0.3,0.04444444444444444
s017,1,0,0.4,0.03142857142857143
s017,20,0,0.4,0.035
s017,20,1,0.4,0.035555555555555556
s017,20,2,0.4,0.03381818181818182
s017,20,3,0.4,0.031578947368421054
s017,20,4,0.4,0.039428571428571424
s017,20,5,0.4,0.03333333333333333
s017,20,6,0.4,0.03090909090909091
s017,20,7,0.4,0.033846153846153845
s017,20,8,0.4,0.03692307692307692
s017,20,9,0.4,0.039047619047619046
s017,30,0,0.4,0.038461538461538464
s017,30,1,0.4,0.02967741935483871
s017,30,2,0.4,0.03448275862068966
s017,30,3,0.4,0.03777777777777778
s017,30,4,0.4,0.042222222222222223
s017,30,5,0.4,0.04857142857142857
s017,30,6,0.4,0.0424390243902439
s017,30,7,0.4,0.03904761904761905
s017,30,8,0.4,0.035454545454545454
s017,30,9,0.4,0.04
s017,1,0,0.5,0.03111111111111111
s017,20,0,0.5,0.033846153846153845
s017,20,1,0.5,0.035555555555555556
s017,20,2,0.5,0.03563636363636363
s017,20,3,0.5,0.03304347826086956
s017,20,4,0.5,0.035555555555555556
s017,20,5,0.5,0.03230769230769231
s017,20,6,0.5,0.03090909090909091
s017,20,7,0.5,0.03428571428571428
s017,20,8,0.5,0.03538461538461538
s017,20,9,0.5,0.038
s017,30,0,0.5,0.03833333333333333
s017,30,1,0.5,0.025217391304347827
s017,30,2,0.5,0.03636363636363636
s017,30,3,0.5,0.03764705882352941
s017,30,4,0.5,0.04
s017,30,5,0.5,0.04444444444444444
s017,30,6,0.5,0.04222222222222222
s017,30,7,0.5,0.041176470588235294
s017,30,8,0.5,0.033793103448275866
s017,30,9,0.5,0.04
s017,1,0,0.6,0.03230769230769231
s017,20,0,0.6,0.03428571428571428
s017,20,1,0.6,0.035555555555555556
s017,20,2,0.6,0.03777777777777778
s017,20,3,0.6,0.03142857142857143
s017,20,4,0.6,0.038461538461538464
s017,20,5,0.6,0.03333333333333333
s017,20,6,0.6,0.03333333333333333
s017,20,7,0.6,0.03333333333333334
s017,20,8,0.6,0.036470588235294116
s017,20,9,0.6,0.04
s017,30,0,0.6,0.04
s017,30,1,0.6,0.024242424242424246
s017,30,2,0.6,0.03777777777777777
s017,30,3,0.6,0.03777777777777778
s017,30,4,0.6,0.04222222222222222
s017,30,5,0.6,0.044444444444444446
s017,30,6,0.6,0.04222222222222222
s017,30,7,0.6,0.04
s017,30,8,0.6,0.03440000000000001
s017,30,9,0.6,0.04
s017,1,0,0.7,0.03
s017,20,0,0.7,0.036
s017,20,1,0.7,0.035652173913043476
s017,20,2,0.7,0.037777777777777785
s017,20,3,0.7,0.031578947368421054
s017,20,4,0.7,0.03647058823529412
s017,20,5,0.7,0.03333333333333333
s017,20,6,0.7,0.035
s017,20,7,0.7,0.031764705882352945
s017,20,8,0.7,0.038461538461538464
s017,20,9,0.7,0.03741935483870967
s017,30,0,0.7,0.03937499999999999
s017,30,1,0.7,0.027619047619047616
s017,30,2,0.7,0.035789473684210524
s017,30,3,0.7,0.036
s017,30,4,0.7,0.04153846153846154
s017,30,5,0.7,0.04
s017,30,6,0.7,0.042727272727272725
s017,30,7,0.7,0.04
s017,30,8,0.7,0.03130434782608695
s017,30,9,0.7,0.0388235294117647
s017,1,0,0.8,0.03
s017,20,0,0.8,0.03599999999999999
s017,20,1,0.8,0.038571428571428576
s017,20,2,0.8,0.04000000000000001
s017,20,3,0.8,0.03538461538461539
s017,20,4,0.8,0.03764705882352941
s017,20,5,0.8,0.033846153846153845
s017,20,6,0.8,0.036923076923076927
s017,20,7,0.8,0.03294117647058824
s017,20,8,0.8,0.03777777777777778
s017,20,9,0.8,0.037777777777777785
s017,30,0,0.8,0.04
s017,30,1,0.8,0.032307692307692315
s017,30,2,0.8,0.04114285714285714
s017,30,3,0.8,0.035555555555555556
s017,30,4,0.8,0.04444444444444444
s017,30,5,0.8,0.04
s017,30,6,0.8,0.044444444444444446
s017,30,7,0.8,0.03727272727272728
s017,30,8,0.8,0.03111111111111111
s017,30,9,0.8,0.039999999999999994
s017,1,0,0.9,0.02799999999999999
s017,20,0,0.9,0.036000000000000004
s017,20,1,0.9,0.042222222222222223
s017,20,2,0.9,0.045
s017,20,3,0.9,0.035555555555555556
s017,20,4,0.9,0.04
s017,20,5,0.9,0.035555555555555556
s017,20,6,0.9,0.04
s017,20,7,0.9,0.03142857142857143
s017,20,8,0.9,0.04153846153846154
s017,20,9,0.9,0.039999999999999994
s017,30,0,0.9,0.04285714285714286
s017,30,1,0.9,0.03
s017,30,2,0.9,0.04222222222222222
s017,30,3,0.9,0.035555555555555556
s017,30,4,0.9,0.045
s017,30,5,0.9,0.04
s017,30,6,0.9,0.05
s017,30,7,0.9,0.034999999999999996
s017,30,8,0.9,0.034999999999999996
s017,30,9,0.9,0.043076923076923075
s017,1,0,1.0,0.025000000000000182
s017,20,0,1.0,0.04
s017,20,1,1.0,0.04
s017,20,2,1.0,0.04499999999999995
s017,20,3,1.0,0.0320000000000001
s017,20,4,1.0,0.0350000000000001
s017,20,5,1.0,0.04
s017,20,6,1.0,0.04
s017,20,7,1.0,0.03
s017,20,8,1.0,0.04
s017,20,9,1.0,0.0350000000000001
s017,30,0,1.0,0.0500000000000001
s017,30,1,1.0,0.035555555555555535
s017,30,2,1.0,0.03857142857142866
s017,30,3,1.0,0.036000000000000004
s017,30,4,1.0,0.04888888888888891
s017,30,5,1.0,0.04
s017,30,6,1.0,0.0449999999999999
s017,30,7,1.0,0.04
s017,30,8,1.0,0.0360000000000001
s017,30,9,1.0,0.04399999999999995
s018,1,0,0.0,0.14400000000000002
s018,20,0,0.0,0.14243478260869566
s018,20,1,0.0,0.13777777777777778
s018,20,2,0.0,0.14273972602739726
s018,20,3,0.0,0.13406593406593406
s018,20,4,0.0,0.15935483870967743
s018,20,5,0.0,0.14299065420560747
s018,20,6,0.0,0.14326530612244898
s018,20,7,0.0,0.1489473684210526
s018,20,8,0.0,0.14767441860465116
s018,20,9,0.0,0.14615384615384616
s018,30,0,0.0,0.14245614035087717
s018,30,1,0.0,0.15636363636363637
s018,30,2,0.0,0.14653061224489794
s018,30,3,0.0,0.14
s018,30,4,0.0,0.14379310344827587
s018,30,5,0.0,0.15642276422764229
s018,30,6,0.0,0.1559375
s018,30,7,0.0,0.15076923076923077
s018,30,8,0.0,0.14461538461538462
s018,30,9,0.0,0.1446341463414634
s018,1,0,0.1,0.13548387096774195
s018,20,0,0.1,0.1423762376237624
s018,20,1,0.1,0.13702970297029704
s018,20,2,0.1,0.13864864864864865
s018,20,3,0.1,0.1290909090909091
s018,20,4,0.1,0.14929577464788735
s018,20,5,0.1,0.1376470588235294
s018,20,6,0.1,0.1379746835443038
s018,20,7,0.1,0.14129032258064517
s018,20,8,0.1,0.13951219512195123
s018,20,9,0.1,0.13529411764705881
s018,30,0,0.1,0.13866666666666666
s018,30,1,0.1,0.15333333333333332
s018,30,2,0.1,0.13806451612903226
s018,30,3,0.1,0.13454545454545455
s018,30,4,0.1,0.13885057471264367
s018,30,5,0.1,0.15535353535353535
s018,30,6,0.1,0.15396226415094338
s018,30,7,0.1,0.14121212121212123
s018,30,8,0.1,0.14551724137931035
s018,30,9,0.1,0.14444444444444443
s018,1,0,0.2,0.13090909090909092
s018,20,0,0.2,0.13432432432432434
s018,20,1,0.2,0.1271186440677966
s018,20,2,0.2,0.1290909090909091
s018,20,3,0.2,0.12642857142857145
s018,20,4,0.2,0.1413793103448276
s018,20,5,0.2,0.13529411764705884
s018,20,6,0.2,0.13555555555555557
s018,20,7,0.2,0.14181818181818184
s018,20,8,0.2,0.13137254901960785
s018,20,9,0.2,0.13565217391304346
s018,30,0,0.2,0.13127272727272726
s018,30,1,0.2,0.15157894736842104
s018,30,2,0.2,0.13394736842105265
s018,30,3,0.2,0.13
s018,30,4,0.2,0.13535714285714287
s018,30,5,0.2,0.14823529411764708
s018,30,6,0.2,0.14666666666666667
s018,30,7,0.2,0.13846153846153847
s018,30,8,0.2,0.13653333333333334
s018,30,9,0.2,0.14333333333333334
s018,1,0,0.3,0.1348314606741573
s018,20,0,0.3,0.13384615384615384
s018,20,1,0.3,0.12425531914893617
s018,20,2,0.3,0.12067796610169491
s018,20,3,0.3,0.12545454545454546
s018,20,4,0.3,0.14200000000000002
s018,20,5,0.3,0.13384615384615384
s018,20,6,0.3,0.1320754716981132
s018,20,7,0.3,0.1388235294117647
s018,20,8,0.3,0.12893617021276596
s018,20,9,0.3,0.12805970149253731
s018,30,0,0.3,0.13272727272727272
s018,30,1,0.3,0.14605263157894738
s018,30,2,0.3,0.13111111111111112
s018,30,3,0.3,0.12120481927710844
s018,30,4,0.3,0.13636363636363635
s018,30,5,0.3,0.15058823529411763
s018,30,6,0.3,0.1431707317073171
s018,30,7,0.3,0.13533333333333333
s018,30,8,0.3,0.13684210526315788
s018,30,9,0.3,0.14555555555555555
s018,1,0,0.4,0.1346875
s018,20,0,0.4,0.12971428571428573
s018,20,1,0.4,0.12228571428571429
s018,20,2,0.4,0.11624999999999999
s018,20,3,0.4,0.12222222222222223
s018,20,4,0.4,0.14
s018,20,5,0.4,0.12636363636363637
s018,20,6,0.4,0.1259016393442623
s018,20,7,0.4,0.13560975609756099
s018,20,8,0.4,0.131
s018,20,9,0.4,0.12571428571428572
s018,30,0,0.4,0.130625
s018,30,1,0.4,0.14727272727272728
s018,30,2,0.4,0.13111111111111112
s018,30,3,0.4,0.12805194805194806
s018,30,4,0.4,0.14
s018,30,5,0.4,0.1438095238095238
s018,30,6,0.4,0.13696202531645568
s018,30,7,0.4,0.1272
s018,30,8,0.4,0.13384615384615384
s018,30,9,0.4,0.1405263157894737
s018,1,0,0.5,0.13130434782608696
s018,20,0,0.5,0.12866666666666665
s018,20,1,0.5,0.12235294117647058
s018,20,2,0.5,0.11320754716981132
s018,20,3,0.5,0.12
s018,20,4,0.5,0.13454545454545455
s018,20,5,0.5,0.12642857142857145
s018,20,6,0.5,0.12636363636363637
s018,20,7,0.5,0.129811320754717
s018,20,8,0.5,0.12875
s018,20,9,0.5,0.12380952380952381
s018,30,0,0.5,0.1258823529411765
s018,30,1,0.5,0.14166666666666666
s018,30,2,0.5,0.12666666666666668
s018,30,3,0.5,0.1224390243902439
s018,30,4,0.5,0.13612903225806453
s018,30,5,0.5,0.1372093023255814
s018,30,6,0.5,0.13058823529411767
s018,30,7,0.5,0.12816326530612243
s018,30,8,0.5,0.12466666666666668
s018,30,9,0.5,0.13466666666666666
s018,1,0,0.6,0.12596491228070178
s018,20,0,0.6,0.12875
s018,20,1,0.6,0.12117647058823529
s018,20,2,0.6,0.11371428571428571
s018,20,3,0.6,0.11777777777777779
s018,20,4,0.6,0.12930232558139534
s018,20,5,0.6,0.12468085106382978
s018,20,6,0.6,0.12451612903225806
s018,20,7,0.6,0.1288888888888889
s018,20,8,0.6,0.1288888888888889
s018,20,9,0.6,0.12
s018,30,0,0.6,0.12304347826086956
s018,30,1,0.6,0.14210526315789473
s018,30,2,0.6,0.12451612903225806
s018,30,3,0.6,0.12
s018,30,4,0.6,0.132
s018,30,5,0.6,0.128
s018,30,6,0.6,0.12666666666666668
s018,30,7,0.6,0.12
s018,30,8,0.6,0.12181818181818183
s018,30,9,0.6,0.12926829268292683
s018,1,0,0.7,0.12222222222222223
s018,20,0,0.7,0.12705882352941178
s018,20,1,0.7,0.12
s018,20,2,0.7,0.11533333333333334
s018,20,3,0.7,0.1181818181818182
s018,20,4,0.7,0.12869565217391304
s018,20,5,0.7,0.12222222222222223
s018,20,6,0.7,0.12312500000000001
s018,20,7,0.7,0.13111111111111112
s018,20,8,0.7,0.12666666666666665
s018,20,9,0.7,0.11866666666666667
s018,30,0,0.7,0.12400000000000003
s018,30,1,0.7,0.13777777777777778
s018,30,2,0.7,0.12
s018,30,3,0.7,0.12
s018,30,4,0.7,0.13
s018,30,5,0.7,0.125
s018,30,6,0.7,0.12727272727272726
s018,30,7,0.7,0.12307692307692308
s018,30,8,0.7,0.12
s018,30,9,0.7,0.12818181818181817
s018,1,0,0.8,0.12444444444444444
s018,20,0,0.8,0.12428571428571428
s018,20,1,0.8,0.12
s018,20,2,0.8,0.1111111111111111
s018,20,3,0.8,0.11538461538461539
s018,20,4,0.8,0.12666666666666665
s018,20,5,0.8,0.12444444444444444
s018,20,6,0.8,0.12
s018,20,7,0.8,0.12666666666666668
s018,20,8,0.8,0.12444444444444444
s018,20,9,0.8,0.11238095238095239
s018,30,0,0.8,0.11111111111111112
s018,30,1,0.8,0.14466666666666667
s018,30,2,0.8,0.11555555555555555
s018,30,3,0.8,0.12
s018,30,4,0.8,0.13058823529411764
s018,30,5,0.8,0.12275862068965515
s018,30,6,0.8,0.12666666666666668
s018,30,7,0.8,0.12307692307692308
s018,30,8,0.8,0.12
s018,30,9,0.8,0.12666666666666668
s018,1,0,0.9,0.12285714285714286
s018,20,0,0.9,0.12
s018,20,1,0.9,0.11777777777777779
s018,20,2,0.9,0.10999999999999999
s018,20,3,0.9,0.116
s018,20,4,0.9,0.12153846153846154
s018,20,5,0.9,0.12222222222222223
s018,20,6,0.9,0.11000000000000001
s018,20,7,0.9,0.125
s018,20,8,0.9,0.11857142857142858
s018,20,9,0.9,0.10999999999999996
s018,30,0,0.9,0.11411764705882352
s018,30,1,0.9,0.14500000000000002
s018,30,2,0.9,0.11538461538461539
s018,30,3,0.9,0.12842105263157894
s018,30,4,0.9,0.135
s018,30,5,0.9,0.11692307692307692
s018,30,6,0.9,0.12235294117647058
s018,30,7,0.9,0.125
s018,30,8,0.9,0.12
s018,30,9,0.9,0.12461538461538463
s018,1,0,1.0,0.12
s018,20,0,1.0,0.115
s018,20,1,1.0,0.10888888888888887
s018,20,2,1.0,0.1100000000000001
s018,20,3,1.0,0.116
s018,20,4,1.0,0.12
s018,20,5,1.0,0.11600000000000002
s018,20,6,1.0,0.1
s018,20,7,1.0,0.12400000000000005
s018,20,8,1.0,0.11500000000000005
s018,20,9,1.0,0.11
s018,30,0,1.0,0.11
s018,30,1,1.0,0.14500000000000002
s018,30,2,1.0,0.11
s018,30,3,1.0,0.12
s018,30,4,1.0,0.1288888888888889
s018,30,5,1.0,0.115
s018,30,6,1.0,0.115
s018,30,7,1.0,0.12399999999999989
s018,30,8,1.0,0.12399999999999997
s018,30,9,1.0,0.12399999999999994
s019,1,0,0.0,0.06470588235294117
s019,20,0,0.0,0.06972972972972974
s019,20,1,0.0,0.07076923076923078
s019,20,2,0.0,0.0656
s019,20,3,0.0,0.065
s019,20,4,0.0,0.06827586206896553
s019,20,5,0.0,0.07294117647058823
s019,20,6,0.0,0.06285714285714286
s019,20,7,0.0,0.06380952380952382
s019,20,8,0.0,0.06380952380952382
s019,20,9,0.0,0.07120000000000001
s019,30,0,0.0,0.07272727272727272
s019,30,1,0.0,0.07999999999999999
s019,30,2,0.0,0.06720000000000001
s019,30,3,0.0,0.0672340425531915
s019,30,4,0.0,0.08222222222222222
s019,30,5,0.0,0.073
s019,30,6,0.0,0.06620689655172415
s019,30,7,0.0,0.06923076923076923
s019,30,8,0.0,0.0690909090909091
s019,30,9,0.0,0.07627906976744186
s019,1,0,0.1,0.060000000000000005
s019,20,0,0.1,0.06615384615384616
s019,20,1,0.1,0.06476190476190477
s019,20,2,0.1,0.065
s019,20,3,0.1,0.0624
s019,20,4,0.1,0.0648
s019,20,5,0.1,0.06923076923076923
s019,20,6,0.1,0.06000000000000001
s019,20,7,0.1,0.06
s019,20,8,0.1,0.06
s019,20,9,0.1,0.06541666666666666
s019,30,0,0.1,0.07133333333333333
s019,30,1,0.1,0.07565217391304348
s019,30,2,0.1,0.065
s019,30,3,0.1,0.06473684210526316
s019,30,4,0.1,0.07652173913043478
s019,30,5,0.1,0.06947368421052633
s019,30,6,0.1,0.06117647058823529
s019,30,7,0.1,0.06636363636363637
s019,30,8,0.1,0.06787878787878787
s019,30,9,0.1,0.07058823529411765
s019,1,0,0.2,0.05529411764705882
s019,20,0,0.2,0.06500000000000002
s019,20,1,0.2,0.06560000000000002
s019,20,2,0.2,0.0582608695652174
s019,20,3,0.2,0.05909090909090909
s019,20,4,0.2,0.06
s019,20,5,0.2,0.064
s019,20,6,0.2,0.06
s019,20,7,0.2,0.06
s019,20,8,0.2,0.06000000000000001
s019,20,9,0.2,0.058461538461538454
s019,30,0,0.2,0.06769230769230769
s019,30,1,0.2,0.07466666666666667
s019,30,2,0.2,0.06235294117647058
s019,30,3,0.2,0.06272727272727273
s019,30,4,0.2,0.07428571428571429
s019,30,5,0.2,0.06689655172413793
s019,30,6,0.2,0.05724137931034483
s019,30,7,0.2,0.06444444444444444
s019,30,8,0.2,0.06390243902439025
s019,30,9,0.2,0.06588235294117648
s019,1,0,0.3,0.055
s019,20,0,0.3,0.065
s019,20,1,0.3,0.06
s019,20,2,0.3,0.05909090909090909
s019,20,3,0.3,0.058823529411764705
s019,20,4,0.3,0.06
s019,20,5,0.3,0.05655172413793104
s019,20,6,0.3,0.058823529411764705
s019,20,7,0.3,0.05904761904761905
s019,20,8,0.3,0.06
s019,20,9,0.3,0.05647058823529412
s019,30,0,0.3,0.06307692307692309
s019,30,1,0.3,0.06827586206896552
s019,30,2,0.3,0.06
s019,30,3,0.3,0.05846153846153846
s019,30,4,0.3,0.06571428571428573
s019,30,5,0.3,0.06117647058823529
s019,30,6,0.3,0.05500000000000001
s019,30,7,0.3,0.061538461538461535
s019,30,8,0.3,0.065
s019,30,9,0.3,0.05919999999999999
s019,1,0,0.4,0.05111111111111111
s019,20,0,0.4,0.06434782608695652
s019,20,1,0.4,0.05555555555555555
s019,20,2,0.4,0.05714285714285715
s019,20,3,0.4,0.056190476190476187
s019,20,4,0.4,0.054285714285714284
s019,20,5,0.4,0.05499999999999999
s019,20,6,0.4,0.05333333333333334
s019,20,7,0.4,0.054285714285714284
s019,20,8,0.4,0.05692307692307692
s019,20,9,0.4,0.05290322580645161
s019,30,0,0.4,0.06222222222222222
s019,30,1,0.4,0.0648
s019,30,2,0.4,0.05529411764705883
s019,30,3,0.4,0.05714285714285715
s019,30,4,0.4,0.061818181818181814
s019,30,5,0.4,0.061081081081081096
s019,30,6,0.4,0.05411764705882353
s019,30,7,0.4,0.06
s019,30,8,0.4,0.05837837837837838
s019,30,9,0.4,0.05647058823529412
s019,1,0,0.5,0.04818181818181819
s019,20,0,0.5,0.054285714285714284
s019,20,1,0.5,0.05090909090909091
s019,20,2,0.5,0.053684210526315786
s019,20,3,0.5,0.054117647058823534
s019,20,4,0.5,0.052307692307692305
s019,20,5,0.5,0.05499999999999999
s019,20,6,0.5,0.05000000000000001
s019,20,7,0.5,0.05111111111111111
s019,20,8,0.5,0.052000000000000005
s019,20,9,0.5,0.05
s019,30,0,0.5,0.05846153846153846
s019,30,1,0.5,0.061290322580645165
s019,30,2,0.5,0.050769230769230775
s019,30,3,0.5,0.055200000000000006
s019,30,4,0.5,0.06
s019,30,5,0.5,0.06
s019,30,6,0.5,0.045
s019,30,7,0.5,0.05529411764705883
s019,30,8,0.5,0.05448275862068966
s019,30,9,0.5,0.055
s019,1,0,0.6,0.04499999999999999
s019,20,0,0.6,0.05500000000000001
s019,20,1,0.6,0.04923076923076923
s019,20,2,0.6,0.046956521739130425
s019,20,3,0.6,0.05
s019,20,4,0.6,0.049411764705882356
s019,20,5,0.6,0.054285714285714284
s019,20,6,0.6,0.05076923076923077
s019,20,7,0.6,0.05
s019,20,8,0.6,0.051111111111111114
s019,20,9,0.6,0.05000000000000002
s019,30,0,0.6,0.055000000000000014
s019,30,1,0.6,0.0592
s019,30,2,0.6,0.049999999999999996
s019,30,3,0.6,0.05500000000000001
s019,30,4,0.6,0.06000000000000001
s019,30,5,0.6,0.051428571428571435
s019,30,6,0.6,0.045
s019,30,7,0.6,0.05076923076923077
s019,30,8,0.6,0.05000000000000002
s019,30,9,0.6,0.055
s019,1,0,0.7,0.04
s019,20,0,0.7,0.052
s019,20,1,0.7,0.04888888888888889
s019,20,2,0.7,0.041176470588235294
s019,20,3,0.7,0.04923076923076923
s019,20,4,0.7,0.048
s019,20,5,0.7,0.05000000000000001
s019,20,6,0.7,0.05
s019,20,7,0.7,0.045
s019,20,8,0.7,0.05
s019,20,9,0.7,0.05000000000000002
s019,30,0,0.7,0.048888888888888885
s019,30,1,0.7,0.05760000000000001
s019,30,2,0.7,0.05294117647058824
s019,30,3,0.7,0.05230769230769231
s019,30,4,0.7,0.05846153846153847
s019,30,5,0.7,0.04499999999999999
s019,30,6,0.7,0.04500000000000001
s019,30,7,0.7,0.04666666666666666
s019,30,8,0.7,0.05000000000000002
s019,30,9,0.7,0.055
s019,1,0,0.8,0.04
s019,20,0,0.8,0.05000000000000002
s019,20,1,0.8,0.04888888888888889
s019,20,2,0.8,0.039999999999999994
s019,20,3,0.8,0.044999999999999984
s019,20,4,0.8,0.04461538461538461
s019,20,5,0.8,0.04923076923076923
s019,20,6,0.8,0.04923076923076923
s019,20,7,0.8,0.04444444444444444
s019,20,8,0.8,0.05
s019,20,9,0.8,0.05
s019,30,0,0.8,0.04769230769230769
s019,30,1,0.8,0.056923076923076917
s019,30,2,0.8,0.05
s019,30,3,0.8,0.048888888888888885
s019,30,4,0.8,0.055
s019,30,5,0.8,0.044999999999999984
s019,30,6,0.8,0.04499999999999998
s019,30,7,0.8,0.04307692307692308
s019,30,8,0.8,0.04666666666666667
s019,30,9,0.8,0.049999999999999975
s019,1,0,0.9,0.04
s019,20,0,0.9,0.05
s019,20,1,0.9,0.05285714285714284
s019,20,2,0.9,0.04
s019,20,3,0.9,0.044999999999999984
s019,20,4,0.9,0.04
s019,20,5,0.9,0.04888888888888889
s019,20,6,0.9,0.04499999999999997
s019,20,7,0.9,0.04
s019,20,8,0.9,0.05
s019,20,9,0.9,0.04
s019,30,0,0.9,0.045
s019,30,1,0.9,0.058823529411764726
s019,30,2,0.9,0.044444444444444446
s019,30,3,0.9,0.044999999999999984
s019,30,4,0.9,0.05
s019,30,5,0.9,0.044999999999999984
s019,30,6,0.9,0.04499999999999996
s019,30,7,0.9,0.03599999999999999
s019,30,8,0.9,0.04500000000000001
s019,30,9,0.9,0.04666666666666666
s019,1,0,1.0,0.04
s019,20,0,1.0,0.048
s019,20,1,1.0,0.048000000000000057
s019,20,2,1.0,0.045000000000000054
s019,20,3,1.0,0.04500000000000011
s019,20,4,1.0,0.04
s019,20,5,1.0,0.05
s019,20,6,1.0,0.03599999999999995
s019,20,7,1.0,0.03500000000000006
s019,20,8,1.0,0.045000000000000026
s019,20,9,1.0,0.04
s019,30,0,1.0,0.045
s019,30,1,1.0,0.05600000000000012
s019,30,2,1.0,0.045000000000000054
s019,30,3,1.0,0.045000000000000054
s019,30,4,1.0,0.045
s019,30,5,1.0,0.045
s019,30,6,1.0,0.0488888888888889
s019,30,7,1.0,0.03500000000000006
s019,30,8,1.0,0.046666666666666676
s019,30,9,1.0,0.045
s020,1,0,0.0,0.14595744680851064
s020,20,0,0.0,0.14028985507246378
s020,20,1,0.0,0.164
s020,20,2,0.0,0.1690909090909091
s020,20,3,0.0,0.14666666666666667
s020,20,4,0.0,0.16
s020,20,5,0.0,0.1631372549019608
s020,20,6,0.0,0.1495774647887324
s020,20,7,0.0,0.16059701492537315
s020,20,8,0.0,0.15872340425531914
s020,20,9,0.0,0.16588235294117648
s020,30,0,0.0,0.15675675675675677
s020,30,1,0.0,0.16
s020,30,2,0.0,0.1585
s020,30,3,0.0,0.16066666666666668
s020,30,4,0.0,0.18
s020,30,5,0.0,0.16705882352941176
s020,30,6,0.0,0.1711111111111111
s020,30,7,0.0,0.179
s020,30,8,0.0,0.1664516129032258
s020,30,9,0.0,0.16444444444444445
s020,1,0,0.1,0.13583333333333333
s020,20,0,0.1,0.1248
s020,20,1,0.1,0.14923076923076922
s020,20,2,0.1,0.1537142857142857
s020,20,3,0.1,0.1419047619047619
s020,20,4,0.1,0.14965517241379309
s020,20,5,0.1,0.150188679245283
s020,20,6,0.1,0.13538461538461538
s020,20,7,0.1,0.14595744680851064
s020,20,8,0.1,0.14615384615384616
s020,20,9,0.1,0.14943396226415095
s020,30,0,0.1,0.155
s020,30,1,0.1,0.15469387755102043
s020,30,2,0.1,0.1474285714285714
s020,30,3,0.1,0.14550000000000002
s020,30,4,0.1,0.16837837837837838
s020,30,5,0.1,0.14666666666666667
s020,30,6,0.1,0.15183673469387754
s020,30,7,0.1,0.16454545454545455
s020,30,8,0.1,0.1563157894736842
s020,30,9,0.1,0.15499999999999997
s020,1,0,0.2,0.12468085106382978
s020,20,0,0.2,0.11500000000000002
s020,20,1,0.2,0.134375
s020,20,2,0.2,0.14400000000000002
s020,20,3,0.2,0.13757575757575757
s020,20,4,0.2,0.133
s020,20,5,0.2,0.14242424242424243
s020,20,6,0.2,0.12947368421052632
s020,20,7,0.2,0.1317241379310345
s020,20,8,0.2,0.13454545454545452
s020,20,9,0.2,0.13764705882352943
s020,30,0,0.2,0.155
s020,30,1,0.2,0.14923076923076922
s020,30,2,0.2,0.1357692307692308
s020,30,3,0.2,0.13561643835616438
s020,30,4,0.2,0.1588235294117647
s020,30,5,0.2,0.14057142857142857
s020,30,6,0.2,0.14500000000000002
s020,30,7,0.2,0.16
s020,30,8,0.2,0.1481818181818182
s020,30,9,0.2,0.14823529411764705
s020,1,0,0.3,0.12222222222222223
s020,20,0,0.3,0.11151515151515151
s020,20,1,0.3,0.12413793103448276
s020,20,2,0.3,0.1325
s020,20,3,0.3,0.13058823529411764
s020,20,4,0.3,0.12325581395348838
s020,20,5,0.3,0.130625
s020,20,6,0.3,0.124
s020,20,7,0.3,0.123
s020,20,8,0.3,0.1254054054054054
s020,20,9,0.3,0.13
s020,30,0,0.3,0.13813953488372094
s020,30,1,0.3,0.14190476190476192
s020,30,2,0.3,0.13133333333333336
s020,30,3,0.3,0.12185185185185185
s020,30,4,0.3,0.14242424242424245
s020,30,5,0.3,0.125625
s020,30,6,0.3,0.13526315789473686
s020,30,7,0.3,0.15333333333333332
s020,30,8,0.3,0.14
s020,30,9,0.3,0.14444444444444443
s020,1,0,0.4,0.11243243243243244
s020,20,0,0.4,0.10666666666666666
s020,20,1,0.4,0.12380952380952381
s020,20,2,0.4,0.12558139534883722
s020,20,3,0.4,0.12461538461538461
s020,20,4,0.4,0.11421052631578947
s020,20,5,0.4,0.12064516129032259
s020,20,6,0.4,0.11906976744186047
s020,20,7,0.4,0.11266666666666666
s020,20,8,0.4,0.12114285714285714
s020,20,9,0.4,0.12324324324324325
s020,30,0,0.4,0.136
s020,30,1,0.4,0.1376470588235294
s020,30,2,0.4,0.12571428571428572
s020,30,3,0.4,0.11333333333333333
s020,30,4,0.4,0.1288888888888889
s020,30,5,0.4,0.1174468085106383
s020,30,6,0.4,0.12216216216216218
s020,30,7,0.4,0.14645161290322578
s020,30,8,0.4,0.128
s020,30,9,0.4,0.13904761904761906
s020,1,0,0.5,0.10857142857142857
s020,20,0,0.5,0.105
s020,20,1,0.5,0.12432432432432433
s020,20,2,0.5,0.11793103448275863
s020,20,3,0.5,0.12057142857142858
s020,20,4,0.5,0.1142857142857143
s020,20,5,0.5,0.11870967741935484
s020,20,6,0.5,0.11900000000000001
s020,20,7,0.5,0.10999999999999999
s020,20,8,0.5,0.11724137931034483
s020,20,9,0.5,0.11405405405405405
s020,30,0,0.5,0.12588235294117647
s020,30,1,0.5,0.13230769230769232
s020,30,2,0.5,0.12454545454545454
s020,30,3,0.5,0.1088888888888889
s020,30,4,0.5,0.12
s020,30,5,0.5,0.11636363636363636
s020,30,6,0.5,0.116
s020,30,7,0.5,0.13217391304347825
s020,30,8,0.5,0.12285714285714286
s020,30,9,0.5,0.13294117647058823
s020,1,0,0.6,0.105
s020,20,0,0.6,0.10999999999999999
s020,20,1,0.6,0.116
s020,20,2,0.6,0.1142857142857143
s020,20,3,0.6,0.10923076923076924
s020,20,4,0.6,0.12
s020,20,5,0.6,0.11555555555555555
s020,20,6,0.6,0.11818181818181818
s020,20,7,0.6,0.10857142857142857
s020,20,8,0.6,0.11333333333333334
s020,20,9,0.6,0.1111111111111111
s020,30,0,0.6,0.12181818181818183
s020,30,1,0.6,0.12461538461538461
s020,30,2,0.6,0.12157894736842106
s020,30,3,0.6,0.10666666666666666
s020,30,4,0.6,0.11839999999999999
s020,30,5,0.6,0.11111111111111112
s020,30,6,0.6,0.1123076923076923
s020,30,7,0.6,0.12142857142857143
s020,30,8,0.6,0.12235294117647058
s020,30,9,0.6,0.13333333333333336
s020,1,0,0.7,0.10499999999999998
s020,20,0,0.7,0.11333333333333334
s020,20,1,0.7,0.11333333333333334
s020,20,2,0.7,0.112
s020,20,3,0.7,0.1
s020,20,4,0.7,0.10695652173913044
s020,20,5,0.7,0.11
s020,20,6,0.7,0.11411764705882355
s020,20,7,0.7,0.10461538461538461
s020,20,8,0.7,0.11076923076923077
s020,20,9,0.7,0.10615384615384615
s020,30,0,0.7,0.11076923076923076
s020,30,1,0.7,0.12476190476190477
s020,30,2,0.7,0.115
s020,30,3,0.7,0.11
s020,30,4,0.7,0.11500000000000002
s020,30,5,0.7,0.11200000000000002
s020,30,6,0.7,0.11142857142857143
s020,30,7,0.7,0.11333333333333333
s020,30,8,0.7,0.12
s020,30,9,0.7,0.12105263157894738
s020,1,0,0.8,0.10222222222222221
s020,20,0,0.8,0.11333333333333334
s020,20,1,0.8,0.10615384615384615
s020,20,2,0.8,0.1111111111111111
s020,20,3,0.8,0.10500000000000001
s020,20,4,0.8,0.1
s020,20,5,0.8,0.10800000000000001
s020,20,6,0.8,0.1123076923076923
s020,20,7,0.8,0.1
s020,20,8,0.8,0.11
s020,20,9,0.8,0.1
s020,30,0,0.8,0.10615384615384615
s020,30,1,0.8,0.12
s020,30,2,0.8,0.115
s020,30,3,0.8,0.10666666666666666
s020,30,4,0.8,0.11882352941176469
s020,30,5,0.8,0.11571428571428571
s020,30,6,0.8,0.11285714285714286
s020,30,7,0.8,0.11600000000000002
s020,30,8,0.8,0.12222222222222222
s020,30,9,0.8,0.116
s020,1,0,0.9,0.0988235294117647
s020,20,0,0.9,0.105
s020,20,1,0.9,0.1
s020,20,2,0.9,0.10461538461538461
s020,20,3,0.9,0.104
s020,20,4,0.9,0.092
s020,20,5,0.9,0.1
s020,20,6,0.9,0.11199999999999999
s020,20,7,0.9,0.096
s020,20,8,0.9,0.1
s020,20,9,0.9,0.09999999999999998
s020,30,0,0.9,0.1
s020,30,1,0.9,0.12
s020,30,2,0.9,0.11
s020,30,3,0.9,0.09777777777777778
s020,30,4,0.9,0.115
s020,30,5,0.9,0.11000000000000001
s020,30,6,0.9,0.1111111111111111
s020,30,7,0.9,0.11333333333333334
s020,30,8,0.9,0.11500000000000002
s020,30,9,0.9,0.12
s020,1,0,1.0,0.1
s020,20,0,1.0,0.10400000000000001
s020,20,1,1.0,0.10399999999999997
s020,20,2,1.0,0.104
s020,20,3,1.0,0.09555555555555556
s020,20,4,1.0,0.09499999999999997
s020,20,5,1.0,0.096
s020,20,6,1.0,0.11333333333333334
s020,20,7,1.0,0.095
s020,20,8,1.0,0.09499999999999997
s020,20,9,1.0,0.096
s020,30,0,1.0,0.1
s020,30,1,1.0,0.12799999999999997
s020,30,2,1.0,0.11384615384615387
s020,30,3,1.0,0.09499999999999997
s020,30,4,1.0,0.115
s020,30,5,1.0,0.11111111111111112
s020,30,6,1.0,0.10500000000000002
s020,30,7,1.0,0.10499999999999997
s020,30,8,1.0,0.115
s020,30,9,1.0,0.12
s021,1,0,0.0,0.14
s021,20,0,0.0,0.13
s021,20,1,0.0,0.1396551724137931
s021,20,2,0.0,0.13294117647058823
s021,20,3,0.0,0.13529411764705884
s021,20,4,0.0,0.14190476190476192
s021,20,5,0.0,0.14041666666666666
s021,20,6,0.0,0.132
s021,20,7,0.0,0.13818181818181818
s021,20,8,0.0,0.14272727272727273
s021,20,9,0.0,0.1411764705882353
s021,30,0,0.0,0.14200000000000002
s021,30,1,0.0,0.13866666666666666
s021,30,2,0.0,0.13571428571428573
s021,30,3,0.0,0.1427272727272727
s021,30,4,0.0,0.14769230769230768
s021,30,5,0.0,0.14782608695652172
s021,30,6,0.0,0.14
s021,30,7,0.0,0.14
s021,30,8,0.0,0.13463414634146342
s021,30,9,0.0,0.1411764705882353
s021,1,0,0.1,0.13545454545454547
s021,20,0,0.1,0.126
s021,20,1,0.1,0.13102040816326532
s021,20,2,0.1,0.13076923076923078
s021,20,3,0.1,0.1345945945945946
s021,20,4,0.1,0.13840000000000002
s021,20,5,0.1,0.1328301886792453
s021,20,6,0.1,0.13333333333333333
s021,20,7,0.1,0.13
s021,20,8,0.1,0.14066666666666666
s021,20,9,0.1,0.13692307692307693
s021,30,0,0.1,0.1336
s021,30,1,0.1,0.1323076923076923
s021,30,2,0.1,0.13187500000000002
s021,30,3,0.1,0.13333333333333333
s021,30,4,0.1,0.14
s021,30,5,0.1,0.14181818181818184
s021,30,6,0.1,0.13548387096774195
s021,30,7,0.1,0.14
s021,30,8,0.1,0.1413793103448276
s021,30,9,0.1,0.13428571428571429
s021,1,0,0.2,0.12838709677419358
s021,20,0,0.2,0.12266666666666667
s021,20,1,0.2,0.1323076923076923
s021,20,2,0.2,0.13111111111111112
s021,20,3,0.2,0.13942857142857143
s021,20,4,0.2,0.14
s021,20,5,0.2,0.13
s021,20,6,0.2,0.13384615384615386
s021,20,7,0.2,0.13142857142857145
s021,20,8,0.2,0.1365217391304348
s021,20,9,0.2,0.13142857142857142
s021,30,0,0.2,0.12896551724137933
s021,30,1,0.2,0.1276923076923077
s021,30,2,0.2,0.1291891891891892
s021,30,3,0.2,0.136
s021,30,4,0.2,0.136
s021,30,5,0.2,0.13533333333333336
s021,30,6,0.2,0.13529411764705884
s021,30,7,0.2,0.14
s021,30,8,0.2,0.14500000000000002
s021,30,9,0.2,0.13846153846153847
s021,1,0,0.3,0.12260869565217392
s021,20,0,0.3,0.12153846153846154
s021,20,1,0.3,0.13523809523809527
s021,20,2,0.3,0.12454545454545454
s021,20,3,0.3,0.14235294117647057
s021,20,4,0.3,0.1411764705882353
s021,20,5,0.3,0.13
s021,20,6,0.3,0.13764705882352943
s021,20,7,0.3,0.13176470588235295
s021,20,8,0.3,0.13545454545454547
s021,20,9,0.3,0.12818181818181817
s021,30,0,0.3,0.12666666666666665
s021,30,1,0.3,0.1257894736842105
s021,30,2,0.3,0.13333333333333336
s021,30,3,0.3,0.13085714285714287
s021,30,4,0.3,0.13666666666666666
s021,30,5,0.3,0.13230769230769232
s021,30,6,0.3,0.13538461538461538
s021,30,7,0.3,0.13428571428571429
s021,30,8,0.3,0.14
s021,30,9,0.3,0.13714285714285715
s021,1,0,0.4,0.12733333333333333
s021,20,0,0.4,0.12142857142857144
s021,20,1,0.4,0.13523809523809524
s021,20,2,0.4,0.12153846153846154
s021,20,3,0.4,0.14
s021,20,4,0.4,0.13727272727272727
s021,20,5,0.4,0.13111111111111112
s021,20,6,0.4,0.1376470588235294
s021,20,7,0.4,0.135
s021,20,8,0.4,0.13333333333333336
s021,20,9,0.4,0.13076923076923078
s021,30,0,0.4,0.1276923076923077
s021,30,1,0.4,0.13363636363636364
s021,30,2,0.4,0.13363636363636364
s021,30,3,0.4,0.13
s021,30,4,0.4,0.13111111111111112
s021,30,5,0.4,0.13176470588235295
s021,30,6,0.4,0.13333333333333336
s021,30,7,0.4,0.12571428571428572
s021,30,8,0.4,0.14
s021,30,9,0.4,0.13652173913043478
s021,1,0,0.5,0.1290909090909091
s021,20,0,0.5,0.12235294117647058
s021,20,1,0.5,0.12705882352941178
s021,20,2,0.5,0.12615384615384617
s021,20,3,0.5,0.1336842105263158
s021,20,4,0.5,0.13655172413793104
s021,20,5,0.5,0.12761904761904763
s021,20,6,0.5,0.13538461538461538
s021,20,7,0.5,0.1288888888888889
s021,20,8,0.5,0.13333333333333333
s021,20,9,0.5,0.13333333333333336
s021,30,0,0.5,0.13058823529411767
s021,30,1,0.5,0.12866666666666665
s021,30,2,0.5,0.135
s021,30,3,0.5,0.12941176470588234
s021,30,4,0.5,0.13
s021,30,5,0.5,0.1288888888888889
s021,30,6,0.5,0.1290909090909091
s021,30,7,0.5,0.12
s021,30,8,0.5,0.14352941176470588
s021,30,9,0.5,0.13714285714285715
s021,1,0,0.6,0.1288888888888889
s021,20,0,0.6,0.1128
s021,20,1,0.6,0.12
s021,20,2,0.6,0.12571428571428572
s021,20,3,0.6,0.12818181818181817
s021,20,4,0.6,0.13333333333333336
s021,20,5,0.6,0.12000000000000001
s021,20,6,0.6,0.125
s021,20,7,0.6,0.124
s021,20,8,0.6,0.12347826086956523
s021,20,9,0.6,0.13
s021,30,0,0.6,0.135
s021,30,1,0.6,0.13181818181818183
s021,30,2,0.6,0.13500000000000004
s021,30,3,0.6,0.12117647058823529
s021,30,4,0.6,0.13230769230769232
s021,30,5,0.6,0.124
s021,30,6,0.6,0.12695652173913044
s021,30,7,0.6,0.12
s021,30,8,0.6,0.14
s021,30,9,0.6,0.13363636363636364
s021,1,0,0.7,0.12444444444444444
s021,20,0,0.7,0.11777777777777779
s021,20,1,0.7,0.12
s021,20,2,0.7,0.12428571428571428
s021,20,3,0.7,0.12461538461538463
s021,20,4,0.7,0.128
s021,20,5,0.7,0.12
s021,20,6,0.7,0.125
s021,20,7,0.7,0.12222222222222222
s021,20,8,0.7,0.12260869565217392
s021,20,9,0.7,0.125
s021,30,0,0.7,0.135
s021,30,1,0.7,0.135
s021,30,2,0.7,0.12823529411764706
s021,30,3,0.7,0.1211764705882353
s021,30,4,0.7,0.13600000000000004
s021,30,5,0.7,0.12
s021,30,6,0.7,0.12842105263157894
s021,30,7,0.7,0.12062500000000001
s021,30,8,0.7,0.13777777777777778
s021,30,9,0.7,0.13777777777777778
s021,1,0,0.8,0.12153846153846154
s021,20,0,0.8,0.12
s021,20,1,0.8,0.12222222222222222
s021,20,2,0.8,0.12
s021,20,3,0.8,0.12461538461538461
s021,20,4,0.8,0.12799999999999997
s021,20,5,0.8,0.12
s021,20,6,0.8,0.125
s021,20,7,0.8,0.12222222222222222
s021,20,8,0.8,0.125
s021,20,9,0.8,0.12
s021,30,0,0.8,0.13
s021,30,1,0.8,0.13111111111111112
s021,30,2,0.8,0.12666666666666668
s021,30,3,0.8,0.125
s021,30,4,0.8,0.1323076923076923
s021,30,5,0.8,0.11600000000000005
s021,30,6,0.8,0.12666666666666665
s021,30,7,0.8,0.12
s021,30,8,0.8,0.14
s021,30,9,0.8,0.13647058823529412
s021,1,0,0.9,0.12
s021,20,0,0.9,0.11857142857142858
s021,20,1,0.9,0.11846153846153845
s021,20,2,0.9,0.11571428571428574
s021,20,3,0.9,0.12
s021,20,4,0.9,0.128
s021,20,5,0.9,0.12
s021,20,6,0.9,0.12444444444444444
s021,20,7,0.9,0.11777777777777777
s021,20,8,0.9,0.12
s021,20,9,0.9,0.11500000000000002
s021,30,0,0.9,0.12
s021,30,1,0.9,0.13
s021,30,2,0.9,0.12
s021,30,3,0.9,0.125
s021,30,4,0.9,0.12428571428571428
s021,30,5,0.9,0.11200000000000002
s021,30,6,0.9,0.12499999999999999
s021,30,7,0.9,0.12
s021,30,8,0.9,0.136
s021,30,9,0.9,0.136
s021,1,0,1.0,0.12
s021,20,0,1.0,0.12
s021,20,1,1.0,0.11111111111111113
s021,20,2,1.0,0.11578947368421039
s021,20,3,1.0,0.12
s021,20,4,1.0,0.12
s021,20,5,1.0,0.11599999999999998
s021,20,6,1.0,0.12500000000000006
s021,20,7,1.0,0.11599999999999996
s021,20,8,1.0,0.11555555555555556
s021,20,9,1.0,0.11200000000000004
s021,30,0,1.0,0.12
s021,30,1,1.0,0.125
s021,30,2,1.0,0.12
s021,30,3,1.0,0.12
s021,30,4,1.0,0.124
s021,30,5,1.0,0.11
s021,30,6,1.0,0.12
s021,30,7,1.0,0.12
s021,30,8,1.0,0.125
s021,30,9,1.0,0.12499999999999994
s022,1,0,0.0,0.045
s022,20,0,0.0,0.042608695652173914
s022,20,1,0.0,0.048000000000000015
s022,20,2,0.0,0.046153846153846156
s022,20,3,0.0,0.04499999999999999
s022,20,4,0.0,0.04499999999999999
s022,20,5,0.0,0.04307692307692308
s022,20,6,0.0,0.04
s022,20,7,0.0,0.045
s022,20,8,0.0,0.05333333333333334
s022,20,9,0.0,0.05111111111111111
s022,30,0,0.0,0.055999999999999994
s022,30,1,0.0,0.046153846153846156
s022,30,2,0.0,0.05
s022,30,3,0.0,0.048
s022,30,4,0.0,0.045
s022,30,5,0.0,0.057777777777777775
s022,30,6,0.0,0.044999999999999984
s022,30,7,0.0,0.04769230769230769
s022,30,8,0.0,0.05600000000000001
s022,30,9,0.0,0.05600000000000001
s022,1,0,0.1,0.045
s022,20,0,0.1,0.04
s022,20,1,0.1,0.04888888888888889
s022,20,2,0.1,0.04800000000000001
s022,20,3,0.1,0.044999999999999984
s022,20,4,0.1,0.045
s022,20,5,0.1,0.04
s022,20,6,0.1,0.04
s022,20,7,0.1,0.044999999999999984
s022,20,8,0.1,0.05333333333333333
s022,20,9,0.1,0.05
s022,30,0,0.1,0.05500000000000001
s022,30,1,0.1,0.04500000000000001
s022,30,2,0.1,0.049230769230769245
s022,30,3,0.1,0.047999999999999994
s022,30,4,0.1,0.04500000000000001
s022,30,5,0.1,0.056
s022,30,6,0.1,0.045
s022,30,7,0.1,0.04666666666666666
s022,30,8,0.1,0.056
s022,30,9,0.1,0.05333333333333333
s022,1,0,0.2,0.045
s022,20,0,0.2,0.040000000000000036
s022,20,1,0.2,0.051111111111111114
s022,20,2,0.2,0.048000000000000015
s022,20,3,0.2,0.045000000000000005
s022,20,4,0.2,0.045000000000000005
s022,20,5,0.2,0.04
s022,20,6,0.2,0.04
s022,20,7,0.2,0.045
s022,20,8,0.2,0.05499999999999999
s022,20,9,0.2,0.05111111111111111
s022,30,0,0.2,0.05499999999999999
s022,30,1,0.2,0.04499999999999997
s022,30,2,0.2,0.04399999999999999
s022,30,3,0.2,0.05
s022,30,4,0.2,0.04444444444444444
s022,30,5,0.2,0.05857142857142855
s022,30,6,0.2,0.04500000000000001
s022,30,7,0.2,0.04666666666666666
s022,30,8,0.2,0.05600000000000001
s022,30,9,0.2,0.05199999999999999
s022,1,0,0.3,0.04499999999999999
s022,20,0,0.3,0.04
s022,20,1,0.3,0.05199999999999999
s022,20,2,0.3,0.04799999999999999
s022,20,3,0.3,0.04307692307692308
s022,20,4,0.3,0.045000000000000026
s022,20,5,0.3,0.04
s022,20,6,0.3,0.045000000000000005
s022,20,7,0.3,0.04500000000000001
s022,20,8,0.3,0.047999999999999994
s022,20,9,0.3,0.055
s022,30,0,0.3,0.05199999999999999
s022,30,1,0.3,0.04
s022,30,2,0.3,0.042222222222222223
s022,30,3,0.3,0.04888888888888889
s022,30,4,0.3,0.042222222222222223
s022,30,5,0.3,0.06105263157894737
s022,30,6,0.3,0.045000000000000005
s022,30,7,0.3,0.04153846153846154
s022,30,8,0.3,0.055999999999999994
s022,30,9,0.3,0.05199999999999999
s022,1,0,0.4,0.044444444444444446
s022,20,0,0.4,0.04399999999999999
s022,20,1,0.4,0.05111111111111111
s022,20,2,0.4,0.048
s022,20,3,0.4,0.0423529411764706
s022,20,4,0.4,0.044444444444444446
s022,20,5,0.4,0.04399999999999999
s022,20,6,0.4,0.045
s022,20,7,0.4,0.048
s022,20,8,0.4,0.045000000000000005
s022,20,9,0.4,0.055
s022,30,0,0.4,0.04799999999999997
s022,30,1,0.4,0.04
s022,30,2,0.4,0.04
s022,30,3,0.4,0.048
s022,30,4,0.4,0.04499999999999998
s022,30,5,0.4,0.06
s022,30,6,0.4,0.04
s022,30,7,0.4,0.04
s022,30,8,0.4,0.05333333333333333
s022,30,9,0.4,0.047999999999999994
s022,1,0,0.5,0.04499999999999999
s022,20,0,0.5,0.045
s022,20,1,0.5,0.05
s022,20,2,0.5,0.048888888888888885
s022,20,3,0.5,0.041428571428571426
s022,20,4,0.5,0.04
s022,20,5,0.5,0.04500000000000001
s022,20,6,0.5,0.044999999999999984
s022,20,7,0.5,0.05000000000000002
s022,20,8,0.5,0.04500000000000001
s022,20,9,0.5,0.055
s022,30,0,0.5,0.044999999999999984
s022,30,1,0.5,0.04
s022,30,2,0.5,0.04399999999999999
s022,30,3,0.5,0.05200000000000003
s022,30,4,0.5,0.04500000000000001
s022,30,5,0.5,0.055999999999999966
s022,30,6,0.5,0.04
s022,30,7,0.5,0.039999999999999994
s022,30,8,0.5,0.05500000000000001
s022,30,9,0.5,0.04799999999999999
s022,1,0,0.6,0.044999999999999984
s022,20,0,0.6,0.04500000000000001
s022,20,1,0.6,0.055
s022,20,2,0.6,0.04800000000000001
s022,20,3,0.6,0.04
s022,20,4,0.6,0.04
s022,20,5,0.6,0.04666666666666666
s022,20,6,0.6,0.045
s022,20,7,0.6,0.048888888888888885
s022,20,8,0.6,0.04400000000000002
s022,20,9,0.6,0.05500000000000001
s022,30,0,0.6,0.04444444444444444
s022,30,1,0.6,0.04615384615384615
s022,30,2,0.6,0.045
s022,30,3,0.6,0.050000000000000024
s022,30,4,0.6,0.04444444444444444
s022,30,5,0.6,0.05555555555555555
s022,30,6,0.6,0.04
s022,30,7,0.6,0.04399999999999998
s022,30,8,0.6,0.056
s022,30,9,0.6,0.05
s022,1,0,0.7,0.044999999999999984
s022,20,0,0.7,0.04800000000000001
s022,20,1,0.7,0.05
s022,20,2,0.7,0.05
s022,20,3,0.7,0.04352941176470589
s022,20,4,0.7,0.045
s022,20,5,0.7,0.05
s022,20,6,0.7,0.044000000000000004
s022,20,7,0.7,0.04500000000000004
s022,20,8,0.7,0.04
s022,20,9,0.7,0.055
s022,30,0,0.7,0.04666666666666667
s022,30,1,0.7,0.04800000000000003
s022,30,2,0.7,0.04499999999999994
s022,30,3,0.7,0.055
s022,30,4,0.7,0.05199999999999998
s022,30,5,0.7,0.06
s022,30,6,0.7,0.04399999999999997
s022,30,7,0.7,0.04857142857142857
s022,30,8,0.7,0.06
s022,30,9,0.7,0.06
s022,1,0,0.8,0.045
s022,20,0,0.8,0.04500000000000001
s022,20,1,0.8,0.048000000000000015
s022,20,2,0.8,0.05
s022,20,3,0.8,0.045
s022,20,4,0.8,0.045000000000000054
s022,20,5,0.8,0.045
s022,20,6,0.8,0.045
s022,20,7,0.8,0.04499999999999996
s022,20,8,0.8,0.045000000000000005
s022,20,9,0.8,0.055999999999999994
s022,30,0,0.8,0.052307692307692305
s022,30,1,0.8,0.05
s022,30,2,0.8,0.05
s022,30,3,0.8,0.06
s022,30,4,0.8,0.052000000000000005
s022,30,5,0.8,0.06500000000000003
s022,30,6,0.8,0.05000000000000004
s022,30,7,0.8,0.05999999999999991
s022,30,8,0.8,0.06714285714285718
s022,30,9,0.8,0.06
s022,1,0,0.9,0.05
s022,20,0,0.9,0.05599999999999997
s022,20,1,0.9,0.048
s022,20,2,0.9,0.06399999999999995
s022,20,3,0.9,0.05
s022,20,4,0.9,0.05
s022,20,5,0.9,0.05
s022,20,6,0.9,0.052000000000000005
s022,20,7,0.9,0.045000000000000026
s022,20,8,0.9,0.05199999999999997
s022,20,9,0.9,0.06
s022,30,0,0.9,0.05000000000000006
s022,30,1,0.9,0.05111111111111111
s022,30,2,0.9,0.055999999999999966
s022,30,3,0.9,0.06888888888888889
s022,30,4,0.9,0.055999999999999946
s022,30,5,0.9,0.07777777777777775
s022,30,6,0.9,0.05333333333333333
s022,30,7,0.9,0.07200000000000006
s022,30,8,0.9,0.07846153846153843
s022,30,9,0.9,0.06399999999999995
s022,1,0,1.0,0.05
s022,20,0,1.0,0.07
s022,20,1,1.0,0.055555555555555566
s022,20,2,1.0,0.06
s022,20,3,1.0,0.06
s022,20,4,1.0,0.065
s022,20,5,1.0,0.06500000000000006
s022,20,6,1.0,0.065
s022,20,7,1.0,0.06
s022,20,8,1.0,0.065
s022,20,9,1.0,0.07333333333333333
s022,30,0,1.0,0.08
s022,30,1,1.0,0.0699999999999999
s022,30,2,1.0,0.07199999999999988
s022,30,3,1.0,0.09500000000000006
s022,30,4,1.0,0.07499999999999987
s022,30,5,1.0,0.1
s022,30,6,1.0,0.08
s022,30,7,1.0,0.08500000000000013
s022,30,8,1.0,0.09555555555555557
s022,30,9,1.0,0.09599999999999989
s024,1,0,0.0,0.04769230769230769
s024,20,0,0.0,0.054285714285714284
s024,20,1,0.0,0.052
s024,20,2,0.0,0.06117647058823529
s024,20,3,0.0,0.064
s024,20,4,0.0,0.05384615384615385
s024,20,5,0.0,0.05111111111111111
s024,20,6,0.0,0.055714285714285716
s024,20,7,0.0,0.05555555555555555
s024,20,8,0.0,0.05692307692307692
s024,20,9,0.0,0.052
s024,30,0,0.0,0.05166666666666668
s024,30,1,0.0,0.05739130434782608
s024,30,2,0.0,0.050588235294117656
s024,30,3,0.0,0.07
s024,30,4,0.0,0.07230769230769231
s024,30,5,0.0,0.065
s024,30,6,0.0,0.05692307692307692
s024,30,7,0.0,0.06
s024,30,8,0.0,0.057142857142857134
s024,30,9,0.0,0.06
s024,1,0,0.1,0.04470588235294118
s024,20,0,0.1,0.052307692307692305
s024,20,1,0.1,0.051578947368421044
s024,20,2,0.1,0.06222222222222222
s024,20,3,0.1,0.06222222222222222
s024,20,4,0.1,0.05
s024,20,5,0.1,0.04769230769230769
s024,20,6,0.1,0.05172413793103449
s024,20,7,0.1,0.05555555555555555
s024,20,8,0.1,0.059130434782608696
s024,20,9,0.1,0.05384615384615385
s024,30,0,0.1,0.052000000000000005
s024,30,1,0.1,0.05333333333333333
s024,30,2,0.1,0.04888888888888889
s024,30,3,0.1,0.06888888888888889
s024,30,4,0.1,0.07294117647058823
s024,30,5,0.1,0.06615384615384616
s024,30,6,0.1,0.05499999999999999
s024,30,7,0.1,0.06
s024,30,8,0.1,0.057777777777777775
s024,30,9,0.1,0.06
s024,1,0,0.2,0.04571428571428571
s024,20,0,0.2,0.05
s024,20,1,0.2,0.05142857142857142
s024,20,2,0.2,0.06105263157894737
s024,20,3,0.2,0.06444444444444444
s024,20,4,0.2,0.05111111111111111
s024,20,5,0.2,0.05
s024,20,6,0.2,0.05142857142857142
s024,20,7,0.2,0.05499999999999999
s024,20,8,0.2,0.0590909090909091
s024,20,9,0.2,0.055
s024,30,0,0.2,0.055999999999999994
s024,30,1,0.2,0.05157894736842106
s024,30,2,0.2,0.045000000000000005
s024,30,3,0.2,0.06869565217391306
s024,30,4,0.2,0.07619047619047617
s024,30,5,0.2,0.0642105263157895
s024,30,6,0.2,0.05500000000000001
s024,30,7,0.2,0.06
s024,30,8,0.2,0.058571428571428566
s024,30,9,0.2,0.06
s024,1,0,0.3,0.045217391304347834
s024,20,0,0.3,0.048888888888888885
s024,20,1,0.3,0.047500000000000014
s024,20,2,0.3,0.059130434782608696
s024,20,3,0.3,0.06428571428571428
s024,20,4,0.3,0.05
s024,20,5,0.3,0.05
s024,20,6,0.3,0.05052631578947369
s024,20,7,0.3,0.05500000000000001
s024,20,8,0.3,0.06
s024,20,9,0.3,0.05555555555555555
s024,30,0,0.3,0.055714285714285716
s024,30,1,0.3,0.05111111111111111
s024,30,2,0.3,0.04470588235294118
s024,30,3,0.3,0.070625
s024,30,4,0.3,0.07142857142857144
s024,30,5,0.3,0.06
s024,30,6,0.3,0.055
s024,30,7,0.3,0.06
s024,30,8,0.3,0.05894736842105264
s024,30,9,0.3,0.06181818181818184
s024,1,0,0.4,0.044
s024,20,0,0.4,0.045
s024,20,1,0.4,0.045
s024,20,2,0.4,0.05555555555555555
s024,20,3,0.4,0.06153846153846154
s024,20,4,0.4,0.05
s024,20,5,0.4,0.047058823529411764
s024,20,6,0.4,0.04888888888888889
s024,20,7,0.4,0.05499999999999999
s024,20,8,0.4,0.0590909090909091
s024,20,9,0.4,0.052
s024,30,0,0.4,0.05777777777777778
s024,30,1,0.4,0.05285714285714286
s024,30,2,0.4,0.044
s024,30,3,0.4,0.06857142857142856
s024,30,4,0.4,0.07
s024,30,5,0.4,0.06
s024,30,6,0.4,0.05333333333333333
s024,30,7,0.4,0.06
s024,30,8,0.4,0.06000000000000002
s024,30,9,0.4,0.06571428571428573
s024,1,0,0.5,0.04
s024,20,0,0.5,0.04666666666666667
s024,20,1,0.5,0.048888888888888885
s024,20,2,0.5,0.05111111111111111
s024,20,3,0.5,0.06
s024,20,4,0.5,0.0463157894736842
s024,20,5,0.5,0.044444444444444446
s024,20,6,0.5,0.04571428571428572
s024,20,7,0.5,0.05499999999999999
s024,20,8,0.5,0.05571428571428571
s024,20,9,0.5,0.05172413793103449
s024,30,0,0.5,0.052000000000000005
s024,30,1,0.5,0.052000000000000005
s024,30,2,0.5,0.04444444444444444
s024,30,3,0.5,0.07000000000000002
s024,30,4,0.5,0.07
s024,30,5,0.5,0.064
s024,30,6,0.5,0.05333333333333333
s024,30,7,0.5,0.061538461538461535
s024,30,8,0.5,0.06166666666666665
s024,30,9,0.5,0.06888888888888889
s024,1,0,0.6,0.04
s024,20,0,0.6,0.045
s024,20,1,0.6,0.04769230769230769
s024,20,2,0.6,0.05
s024,20,3,0.6,0.055
s024,20,4,0.6,0.04634146341463416
s024,20,5,0.6,0.04285714285714285
s024,20,6,0.6,0.04444444444444444
s024,20,7,0.6,0.051304347826086956
s024,20,8,0.6,0.054285714285714284
s024,20,9,0.6,0.05333333333333333
s024,30,0,0.6,0.05555555555555555
s024,30,1,0.6,0.054285714285714284
s024,30,2,0.6,0.04799999999999999
s024,30,3,0.6,0.07230769230769232
s024,30,4,0.6,0.07538461538461538
s024,30,5,0.6,0.064
s024,30,6,0.6,0.05692307692307692
s024,30,7,0.6,0.06
s024,30,8,0.6,0.061428571428571416
s024,30,9,0.6,0.07428571428571429
s024,1,0,0.7,0.041052631578947354
s024,20,0,0.7,0.04222222222222222
s024,20,1,0.7,0.051428571428571435
s024,20,2,0.7,0.048
s024,20,3,0.7,0.05333333333333333
s024,20,4,0.7,0.04461538461538462
s024,20,5,0.7,0.045000000000000005
s024,20,6,0.7,0.044999999999999984
s024,20,7,0.7,0.05199999999999999
s024,20,8,0.7,0.056
s024,20,9,0.7,0.05739130434782609
s024,30,0,0.7,0.05599999999999999
s024,30,1,0.7,0.05789473684210524
s024,30,2,0.7,0.05230769230769231
s024,30,3,0.7,0.07500000000000001
s024,30,4,0.7,0.07600000000000001
s024,30,5,0.7,0.06399999999999997
s024,30,6,0.7,0.06
s024,30,7,0.7,0.064
s024,30,8,0.7,0.064
s024,30,9,0.7,0.08000000000000002
s024,1,0,0.8,0.04
s024,20,0,0.8,0.0476923076923077
s024,20,1,0.8,0.060000000000000005
s024,20,2,0.8,0.04799999999999999
s024,20,3,0.8,0.052000000000000005
s024,20,4,0.8,0.05199999999999999
s024,20,5,0.8,0.045
s024,20,6,0.8,0.04500000000000001
s024,20,7,0.8,0.05333333333333333
s024,20,8,0.8,0.064
s024,20,9,0.8,0.057777777777777775
s024,30,0,0.8,0.06444444444444444
s024,30,1,0.8,0.06
s024,30,2,0.8,0.05
s024,30,3,0.8,0.07846153846153847
s024,30,4,0.8,0.07666666666666663
s024,30,5,0.8,0.06800000000000003
s024,30,6,0.8,0.06500000000000003
s024,30,7,0.8,0.06666666666666667
s024,30,8,0.8,0.06
s024,30,9,0.8,0.07692307692307691
s024,1,0,0.9,0.035555555555555556
s024,20,0,0.9,0.055714285714285716
s024,20,1,0.9,0.06105263157894733
s024,20,2,0.9,0.04799999999999999
s024,20,3,0.9,0.05333333333333333
s024,20,4,0.9,0.05500000000000002
s024,20,5,0.9,0.04499999999999997
s024,20,6,0.9,0.04800000000000001
s024,20,7,0.9,0.050000000000000065
s024,20,8,0.9,0.07
s024,20,9,0.9,0.056000000000000015
s024,30,0,0.9,0.07714285714285718
s024,30,1,0.9,0.06666666666666667
s024,30,2,0.9,0.054999999999999966
s024,30,3,0.9,0.08
s024,30,4,0.9,0.075
s024,30,5,0.9,0.065
s024,30,6,0.9,0.06800000000000002
s024,30,7,0.9,0.07000000000000003
s024,30,8,0.9,0.06
s024,30,9,0.9,0.08
s024,1,0,1.0,0.03199999999999998
s024,20,0,1.0,0.06
s024,20,1,1.0,0.06499999999999996
s024,20,2,1.0,0.05777777777777778
s024,20,3,1.0,0.06400000000000004
s024,20,4,1.0,0.06
s024,20,5,1.0,0.055
s024,20,6,1.0,0.05200000000000002
s024,20,7,1.0,0.053333333333333344
s024,20,8,1.0,0.06666666666666667
s024,20,9,1.0,0.065
s024,30,0,1.0,0.085
s024,30,1,1.0,0.08
s024,30,2,1.0,0.07
s024,30,3,1.0,0.09538461538461546
s024,30,4,1.0,0.08499999999999996
s024,30,5,1.0,0.07599999999999996
s024,30,6,1.0,0.08799999999999991
s024,30,7,1.0,0.08
s024,30,8,1.0,0.07599999999999982
s024,30,9,1.0,0.08799999999999991
s025,1,0,0.0,0.10727272727272727
s025,20,0,0.0,0.11076923076923076
s025,20,1,0.0,0.09473684210526316
s025,20,2,0.0,0.11714285714285715
s025,20,3,0.0,0.115
s025,20,4,0.0,0.11199999999999999
s025,20,5,0.0,0.1168
s025,20,6,0.0,0.111875
s025,20,7,0.0,0.1030769230769231
s025,20,8,0.0,0.1111111111111111
s025,20,9,0.0,0.11846153846153847
s025,30,0,0.0,0.125
s025,30,1,0.0,0.1254054054054054
s025,30,2,0.0,0.11454545454545453
s025,30,3,0.0,0.12470588235294117
s025,30,4,0.0,0.12324324324324323
s025,30,5,0.0,0.12222222222222223
s025,30,6,0.0,0.12272727272727273
s025,30,7,0.0,0.1195
s025,30,8,0.0,0.13181818181818183
s025,30,9,0.0,0.1276923076923077
s025,1,0,0.1,0.10285714285714284
s025,20,0,0.1,0.10444444444444445
s025,20,1,0.1,0.09076923076923077
s025,20,2,0.1,0.11599999999999999
s025,20,3,0.1,0.11076923076923077
s025,20,4,0.1,0.11000000000000001
s025,20,5,0.1,0.11800000000000001
s025,20,6,0.1,0.11024390243902439
s025,20,7,0.1,0.10153846153846155
s025,20,8,0.1,0.1088888888888889
s025,20,9,0.1,0.11636363636363636
s025,30,0,0.1,0.12470588235294118
s025,30,1,0.1,0.12
s025,30,2,0.1,0.11225806451612903
s025,30,3,0.1,0.12342857142857143
s025,30,4,0.1,0.11777777777777779
s025,30,5,0.1,0.12
s025,30,6,0.1,0.12222222222222223
s025,30,7,0.1,0.12
s025,30,8,0.1,0.12466666666666666
s025,30,9,0.1,0.12139534883720932
s025,1,0,0.2,0.1
s025,20,0,0.2,0.1057142857142857
s025,20,1,0.2,0.08769230769230771
s025,20,2,0.2,0.1123076923076923
s025,20,3,0.2,0.10941176470588235
s025,20,4,0.2,0.11333333333333334
s025,20,5,0.2,0.11764705882352941
s025,20,6,0.2,0.10580645161290322
s025,20,7,0.2,0.1
s025,20,8,0.2,0.11
s025,20,9,0.2,0.11657142857142858
s025,30,0,0.2,0.12620689655172412
s025,30,1,0.2,0.12105263157894737
s025,30,2,0.2,0.10714285714285715
s025,30,3,0.2,0.12
s025,30,4,0.2,0.11846153846153847
s025,30,5,0.2,0.11529411764705882
s025,30,6,0.2,0.12
s025,30,7,0.2,0.11466666666666665
s025,30,8,0.2,0.12150943396226416
s025,30,9,0.2,0.11652173913043479
s025,1,0,0.3,0.1
s025,20,0,0.3,0.10444444444444445
s025,20,1,0.3,0.085
s025,20,2,0.3,0.112
s025,20,3,0.3,0.10709677419354838
s025,20,4,0.3,0.10476190476190475
s025,20,5,0.3,0.11257142857142857
s025,20,6,0.3,0.10235294117647059
s025,20,7,0.3,0.09652173913043478
s025,20,8,0.3,0.1057142857142857
s025,20,9,0.3,0.11133333333333334
s025,30,0,0.3,0.12235294117647058
s025,30,1,0.3,0.12142857142857143
s025,30,2,0.3,0.10823529411764707
s025,30,3,0.3,0.11733333333333335
s025,30,4,0.3,0.12
s025,30,5,0.3,0.11520000000000001
s025,30,6,0.3,0.12
s025,30,7,0.3,0.1142857142857143
s025,30,8,0.3,0.11333333333333334
s025,30,9,0.3,0.11636363636363636
s025,1,0,0.4,0.1
s025,20,0,0.4,0.10588235294117646
s025,20,1,0.4,0.088
s025,20,2,0.4,0.11
s025,20,3,0.4,0.10514285714285715
s025,20,4,0.4,0.10461538461538461
s025,20,5,0.4,0.1161904761904762
s025,20,6,0.4,0.1
s025,20,7,0.4,0.09538461538461539
s025,20,8,0.4,0.10285714285714287
s025,20,9,0.4,0.1123076923076923
s025,30,0,0.4,0.12090909090909091
s025,30,1,0.4,0.11599999999999999
s025,30,2,0.4,0.10857142857142857
s025,30,3,0.4,0.11333333333333334
s025,30,4,0.4,0.12428571428571428
s025,30,5,0.4,0.11066666666666666
s025,30,6,0.4,0.12571428571428572
s025,30,7,0.4,0.11499999999999999
s025,30,8,0.4,0.1111111111111111
s025,30,9,0.4,0.11212121212121214
s025,1,0,0.5,0.1
s025,20,0,0.5,0.11
s025,20,1,0.5,0.0923809523809524
s025,20,2,0.5,0.10588235294117647
s025,20,3,0.5,0.10444444444444445
s025,20,4,0.5,0.104
s025,20,5,0.5,0.11500000000000002
s025,20,6,0.5,0.1
s025,20,7,0.5,0.095
s025,20,8,0.5,0.1
s025,20,9,0.5,0.11555555555555555
s025,30,0,0.5,0.11571428571428571
s025,30,1,0.5,0.12210526315789474
s025,30,2,0.5,0.10500000000000001
s025,30,3,0.5,0.12
s025,30,4,0.5,0.12097560975609756
s025,30,5,0.5,0.10941176470588235
s025,30,6,0.5,0.12285714285714285
s025,30,7,0.5,0.11523809523809525
s025,30,8,0.5,0.11555555555555556
s025,30,9,0.5,0.11416666666666668
s025,1,0,0.6,0.09571428571428572
s025,20,0,0.6,0.11294117647058824
s025,20,1,0.6,0.09294117647058824
s025,20,2,0.6,0.10499999999999998
s025,20,3,0.6,0.105
s025,20,4,0.6,0.10142857142857142
s025,20,5,0.6,0.11058823529411765
s025,20,6,0.6,0.095
s025,20,7,0.6,0.095
s025,20,8,0.6,0.10068965517241382
s025,20,9,0.6,0.10952380952380952
s025,30,0,0.6,0.11545454545454545
s025,30,1,0.6,0.125
s025,30,2,0.6,0.1110344827586207
s025,30,3,0.6,0.12222222222222222
s025,30,4,0.6,0.12162162162162163
s025,30,5,0.6,0.10761904761904761
s025,30,6,0.6,0.12307692307692308
s025,30,7,0.6,0.11806451612903227
s025,30,8,0.6,0.11333333333333334
s025,30,9,0.6,0.11777777777777777
s025,1,0,0.7,0.09
s025,20,0,0.7,0.11499999999999999
s025,20,1,0.7,0.1
s025,20,2,0.7,0.10533333333333333
s025,20,3,0.7,0.10461538461538461
s025,20,4,0.7,0.10222222222222221
s025,20,5,0.7,0.10499999999999998
s025,20,6,0.7,0.10352941176470588
s025,20,7,0.7,0.08999999999999998
s025,20,8,0.7,0.105
s025,20,9,0.7,0.11
s025,30,0,0.7,0.11692307692307691
s025,30,1,0.7,0.12444444444444444
s025,30,2,0.7,0.11000000000000001
s025,30,3,0.7,0.12499999999999997
s025,30,4,0.7,0.11846153846153848
s025,30,5,0.7,0.1076923076923077
s025,30,6,0.7,0.12400000000000003
s025,30,7,0.7,0.11933333333333335
s025,30,8,0.7,0.11230769230769232
s025,30,9,0.7,0.12416666666666668
s025,1,0,0.8,0.09
s025,20,0,0.8,0.11000000000000001
s025,20,1,0.8,0.1
s025,20,2,0.8,0.10461538461538461
s025,20,3,0.8,0.10153846153846155
s025,20,4,0.8,0.1
s025,20,5,0.8,0.09777777777777777
s025,20,6,0.8,0.105
s025,20,7,0.8,0.09809523809523808
s025,20,8,0.8,0.10500000000000004
s025,20,9,0.8,0.11076923076923079
s025,30,0,0.8,0.11411764705882355
s025,30,1,0.8,0.12444444444444444
s025,30,2,0.8,0.10615384615384615
s025,30,3,0.8,0.12
s025,30,4,0.8,0.11571428571428574
s025,30,5,0.8,0.11000000000000001
s025,30,6,0.8,0.125
s025,30,7,0.8,0.12
s025,30,8,0.8,0.11076923076923076
s025,30,9,0.8,0.11599999999999999
s025,1,0,0.9,0.092
s025,20,0,0.9,0.11199999999999999
s025,20,1,0.9,0.105
s025,20,2,0.9,0.10500000000000001
s025,20,3,0.9,0.09846153846153848
s025,20,4,0.9,0.10222222222222221
s025,20,5,0.9,0.10499999999999998
s025,20,6,0.9,0.09523809523809526
s025,20,7,0.9,0.1
s025,20,8,0.9,0.10444444444444445
s025,20,9,0.9,0.11333333333333334
s025,30,0,0.9,0.11333333333333334
s025,30,1,0.9,0.12500000000000003
s025,30,2,0.9,0.11
s025,30,3,0.9,0.11857142857142852
s025,30,4,0.9,0.12
s025,30,5,0.9,0.11199999999999996
s025,30,6,0.9,0.1278260869565217
s025,30,7,0.9,0.12400000000000001
s025,30,8,0.9,0.112
s025,30,9,0.9,0.12
s025,1,0,1.0,0.09200000000000003
s025,20,0,1.0,0.11
s025,20,1,1.0,0.10500000000000004
s025,20,2,1.0,0.1
s025,20,3,1.0,0.1
s025,20,4,1.0,0.1
s025,20,5,1.0,0.10400000000000004
s025,20,6,1.0,0.095
s025,20,7,1.0,0.095
s025,20,8,1.0,0.09499999999999995
s025,20,9,1.0,0.11200000000000004
s025,30,0,1.0,0.116
s025,30,1,1.0,0.1349999999999999
s025,30,2,1.0,0.11555555555555558
s025,30,3,1.0,0.11555555555555556
s025,30,4,1.0,0.12
s025,30,5,1.0,0.1100000000000001
s025,30,6,1.0,0.1250000000000001
s025,30,7,1.0,0.13200000000000006
s025,30,8,1.0,0.12
s025,30,9,1.0,0.12399999999999989
s026,1,0,0.0,0.05818181818181818
s026,20,0,0.0,0.05647058823529412
s026,20,1,0.0,0.06631578947368422
s026,20,2,0.0,0.05555555555555555
s026,20,3,0.0,0.05999999999999999
s026,20,4,0.0,0.06888888888888889
s026,20,5,0.0,0.06235294117647059
s026,20,6,0.0,0.06838709677419355
s026,20,7,0.0,0.06888888888888889
s026,20,8,0.0,0.07111111111111111
s026,20,9,0.0,0.06352941176470589
s026,30,0,0.0,0.06923076923076923
s026,30,1,0.0,0.08
s026,30,2,0.0,0.08457142857142858
s026,30,3,0.0,0.0881081081081081
s026,30,4,0.0,0.0811764705882353
s026,30,5,0.0,0.07555555555555556
s026,30,6,0.0,0.09294117647058824
s026,30,7,0.0,0.07555555555555554
s026,30,8,0.0,0.06695652173913044
s026,30,9,0.0,0.08421052631578949
s026,1,0,0.1,0.05764705882352941
s026,20,0,0.1,0.055999999999999994
s026,20,1,0.1,0.06695652173913044
s026,20,2,0.1,0.055714285714285716
s026,20,3,0.1,0.06181818181818183
s026,20,4,0.1,0.0681081081081081
s026,20,5,0.1,0.06090909090909091
s026,20,6,0.1,0.06571428571428571
s026,20,7,0.1,0.06521739130434784
s026,20,8,0.1,0.07111111111111111
s026,20,9,0.1,0.06333333333333332
s026,30,0,0.1,0.06727272727272728
s026,30,1,0.1,0.08
s026,30,2,0.1,0.08052631578947368
s026,30,3,0.1,0.083125
s026,30,4,0.1,0.07933333333333334
s026,30,5,0.1,0.07181818181818182
s026,30,6,0.1,0.08761904761904762
s026,30,7,0.1,0.07217391304347825
s026,30,8,0.1,0.065
s026,30,9,0.1,0.08285714285714285
s026,1,0,0.2,0.05499999999999999
s026,20,0,0.2,0.05500000000000001
s026,20,1,0.2,0.06769230769230769
s026,20,2,0.2,0.055384615384615386
s026,20,3,0.2,0.06000000000000002
s026,20,4,0.2,0.065625
s026,20,5,0.2,0.064
s026,20,6,0.2,0.06315789473684211
s026,20,7,0.2,0.06888888888888889
s026,20,8,0.2,0.07111111111111111
s026,20,9,0.2,0.06380952380952382
s026,30,0,0.2,0.06714285714285714
s026,30,1,0.2,0.08
s026,30,2,0.2,0.07666666666666666
s026,30,3,0.2,0.08375
s026,30,4,0.2,0.07538461538461538
s026,30,5,0.2,0.07028571428571428
s026,30,6,0.2,0.08444444444444445
s026,30,7,0.2,0.07028571428571428
s026,30,8,0.2,0.065
s026,30,9,0.2,0.08340425531914894
s026,1,0,0.3,0.05500000000000001
s026,20,0,0.3,0.055
s026,20,1,0.3,0.06941176470588237
s026,20,2,0.3,0.058823529411764705
s026,20,3,0.3,0.06079999999999999
s026,20,4,0.3,0.066
s026,20,5,0.3,0.062000000000000006
s026,20,6,0.3,0.062
s026,20,7,0.3,0.06470588235294117
s026,20,8,0.3,0.07263157894736841
s026,20,9,0.3,0.060000000000000005
s026,30,0,0.3,0.06352941176470589
s026,30,1,0.3,0.08
s026,30,2,0.3,0.07354838709677419
s026,30,3,0.3,0.08434782608695653
s026,30,4,0.3,0.0712
s026,30,5,0.3,0.07111111111111111
s026,30,6,0.3,0.08421052631578949
s026,30,7,0.3,0.07111111111111111
s026,30,8,0.3,0.065
s026,30,9,0.3,0.07777777777777778
s026,1,0,0.4,0.05333333333333334
s026,20,0,0.4,0.055238095238095246
s026,20,1,0.4,0.06823529411764706
s026,20,2,0.4,0.060000000000000005
s026,20,3,0.4,0.06
s026,20,4,0.4,0.06307692307692309
s026,20,5,0.4,0.06
s026,20,6,0.4,0.06153846153846154
s026,20,7,0.4,0.06470588235294117
s026,20,8,0.4,0.07230769230769231
s026,20,9,0.4,0.06
s026,30,0,0.4,0.06307692307692309
s026,30,1,0.4,0.07391304347826087
s026,30,2,0.4,0.0696774193548387
s026,30,3,0.4,0.0809090909090909
s026,30,4,0.4,0.06941176470588235
s026,30,5,0.4,0.07
s026,30,6,0.4,0.07523809523809524
s026,30,7,0.4,0.06823529411764706
s026,30,8,0.4,0.06571428571428571
s026,30,9,0.4,0.07473684210526316
s026,1,0,0.5,0.051111111111111114
s026,20,0,0.5,0.052380952380952375
s026,20,1,0.5,0.06914285714285714
s026,20,2,0.5,0.06461538461538462
s026,20,3,0.5,0.06153846153846154
s026,20,4,0.5,0.06
s026,20,5,0.5,0.05846153846153846
s026,20,6,0.5,0.06210526315789473
s026,20,7,0.5,0.06363636363636363
s026,20,8,0.5,0.07
s026,20,9,0.5,0.06
s026,30,0,0.5,0.05999999999999999
s026,30,1,0.5,0.07
s026,30,2,0.5,0.06888888888888889
s026,30,3,0.5,0.07555555555555554
s026,30,4,0.5,0.06615384615384615
s026,30,5,0.5,0.06857142857142856
s026,30,6,0.5,0.06857142857142856
s026,30,7,0.5,0.07000000000000002
s026,30,8,0.5,0.06666666666666667
s026,30,9,0.5,0.07599999999999998
s026,1,0,0.6,0.04941176470588235
s026,20,0,0.6,0.05000000000000002
s026,20,1,0.6,0.07111111111111111
s026,20,2,0.6,0.065
s026,20,3,0.6,0.06153846153846154
s026,20,4,0.6,0.05555555555555556
s026,20,5,0.6,0.055
s026,20,6,0.6,0.06210526315789474
s026,20,7,0.6,0.06461538461538462
s026,20,8,0.6,0.07
s026,20,9,0.6,0.06235294117647058
s026,30,0,0.6,0.06
s026,30,1,0.6,0.07272727272727272
s026,30,2,0.6,0.064
s026,30,3,0.6,0.07111111111111111
s026,30,4,0.6,0.06615384615384616
s026,30,5,0.6,0.06545454545454546
s026,30,6,0.6,0.06588235294117648
s026,30,7,0.6,0.06857142857142859
s026,30,8,0.6,0.068
s026,30,9,0.6,0.07368421052631578
s026,1,0,0.7,0.05111111111111111
s026,20,0,0.7,0.05
s026,20,1,0.7,0.07230769230769231
s026,20,2,0.7,0.06222222222222222
s026,20,3,0.7,0.05904761904761903
s026,20,4,0.7,0.051428571428571435
s026,20,5,0.7,0.05555555555555555
s026,20,6,0.7,0.06428571428571428
s026,20,7,0.7,0.06222222222222223
s026,20,8,0.7,0.065
s026,20,9,0.7,0.06800000000000002
s026,30,0,0.7,0.05500000000000001
s026,30,1,0.7,0.068
s026,30,2,0.7,0.064
s026,30,3,0.7,0.07777777777777778
s026,30,4,0.7,0.06470588235294117
s026,30,5,0.7,0.06222222222222222
s026,30,6,0.7,0.06444444444444444
s026,30,7,0.7,0.065
s026,30,8,0.7,0.068
s026,30,9,0.7,0.068
s026,1,0,0.8,0.05384615384615384
s026,20,0,0.8,0.05199999999999999
s026,20,1,0.8,0.068
s026,20,2,0.8,0.06428571428571428
s026,20,3,0.8,0.057777777777777775
s026,20,4,0.8,0.05411764705882354
s026,20,5,0.8,0.058823529411764705
s026,20,6,0.8,0.06428571428571428
s026,20,7,0.8,0.06
s026,20,8,0.8,0.057777777777777775
s026,20,9,0.8,0.065
s026,30,0,0.8,0.05600000000000001
s026,30,1,0.8,0.07000000000000002
s026,30,2,0.8,0.06
s026,30,3,0.8,0.07200000000000002
s026,30,4,0.8,0.06500000000000002
s026,30,5,0.8,0.06500000000000002
s026,30,6,0.8,0.06285714285714286
s026,30,7,0.8,0.06
s026,30,8,0.8,0.06666666666666667
s026,30,9,0.8,0.06
s026,1,0,0.9,0.04800000000000001
s026,20,0,0.9,0.05599999999999998
s026,20,1,0.9,0.07
s026,20,2,0.9,0.06428571428571428
s026,20,3,0.9,0.06
s026,20,4,0.9,0.06
s026,20,5,0.9,0.065
s026,20,6,0.9,0.065
s026,20,7,0.9,0.06
s026,20,8,0.9,0.05555555555555555
s026,20,9,0.9,0.06666666666666667
s026,30,0,0.9,0.06222222222222222
s026,30,1,0.9,0.08
s026,30,2,0.9,0.05142857142857145
s026,30,3,0.9,0.07111111111111111
s026,30,4,0.9,0.06769230769230769
s026,30,5,0.9,0.06666666666666667
s026,30,6,0.9,0.06
s026,30,7,0.9,0.06
s026,30,8,0.9,0.065
s026,30,9,0.9,0.05692307692307692
s026,1,0,1.0,0.045
s026,20,0,1.0,0.06
s026,20,1,1.0,0.075
s026,20,2,1.0,0.06
s026,20,3,1.0,0.06400000000000008
s026,20,4,1.0,0.055
s026,20,5,1.0,0.075
s026,20,6,1.0,0.06
s026,20,7,1.0,0.06
s026,20,8,1.0,0.05600000000000005
s026,20,9,1.0,0.065
s026,30,0,1.0,0.06
s026,30,1,1.0,0.068
s026,30,2,1.0,0.05499999999999995
s026,30,3,1.0,0.0749999999999999
s026,30,4,1.0,0.0649999999999999
s026,30,5,1.0,0.0680000000000001
s026,30,6,1.0,0.07000000000000009
s026,30,7,1.0,0.0549999999999999
s026,30,8,1.0,0.0640000000000001
s026,30,9,1.0,0.0640000000000001
s027,1,0,0.0,0.10928571428571429
s027,20,0,0.0,0.1072
s027,20,1,0.0,0.09933333333333333
s027,20,2,0.0,0.10145454545454544
s027,20,3,0.0,0.1104
s027,20,4,0.0,0.1096969696969697
s027,20,5,0.0,0.10260869565217393
s027,20,6,0.0,0.1046808510638298
s027,20,7,0.0,0.10466666666666666
s027,20,8,0.0,0.10413793103448277
s027,20,9,0.0,0.09812499999999999
s027,30,0,0.0,0.10246575342465752
s027,30,1,0.0,0.10129032258064516
s027,30,2,0.0,0.1
s027,30,3,0.0,0.10375000000000001
s027,30,4,0.0,0.10162162162162161
s027,30,5,0.0,0.105
s027,30,6,0.0,0.11076923076923077
s027,30,7,0.0,0.10883720930232559
s027,30,8,0.0,0.09826086956521739
s027,30,9,0.0,0.10476190476190476
s027,1,0,0.1,0.1
s027,20,0,0.1,0.1021276595744681
s027,20,1,0.1,0.095
s027,20,2,0.1,0.09860465116279071
s027,20,3,0.1,0.10307692307692308
s027,20,4,0.1,0.10755555555555554
s027,20,5,0.1,0.09125
s027,20,6,0.1,0.09872340425531914
s027,20,7,0.1,0.10352941176470588
s027,20,8,0.1,0.0993103448275862
s027,20,9,0.1,0.095
s027,30,0,0.1,0.09333333333333334
s027,30,1,0.1,0.09674418604651162
s027,30,2,0.1,0.09260869565217392
s027,30,3,0.1,0.10326530612244898
s027,30,4,0.1,0.09869565217391305
s027,30,5,0.1,0.10212765957446808
s027,30,6,0.1,0.1048
s027,30,7,0.1,0.10040816326530612
s027,30,8,0.1,0.09567567567567568
s027,30,9,0.1,0.10413793103448277
s027,1,0,0.2,0.09771428571428571
s027,20,0,0.2,0.09767441860465116
s027,20,1,0.2,0.09280000000000001
s027,20,2,0.2,0.09133333333333334
s027,20,3,0.2,0.09947368421052631
s027,20,4,0.2,0.10500000000000001
s027,20,5,0.2,0.086
s027,20,6,0.2,0.09793103448275862
s027,20,7,0.2,0.09757575757575757
s027,20,8,0.2,0.09655172413793103
s027,20,9,0.2,0.09439999999999998
s027,30,0,0.2,0.08761904761904762
s027,30,1,0.2,0.09230769230769231
s027,30,2,0.2,0.09230769230769231
s027,30,3,0.2,0.09777777777777777
s027,30,4,0.2,0.0984
s027,30,5,0.2,0.09906976744186047
s027,30,6,0.2,0.10052631578947369
s027,30,7,0.2,0.09627906976744185
s027,30,8,0.2,0.0928
s027,30,9,0.2,0.10518518518518521
s027,1,0,0.3,0.08733333333333333
s027,20,0,0.3,0.0965
s027,20,1,0.3,0.09333333333333334
s027,20,2,0.3,0.08470588235294119
s027,20,3,0.3,0.09414634146341463
s027,20,4,0.3,0.1
s027,20,5,0.3,0.08588235294117647
s027,20,6,0.3,0.095
s027,20,7,0.3,0.0976
s027,20,8,0.3,0.09333333333333334
s027,20,9,0.3,0.09
s027,30,0,0.3,0.08478260869565218
s027,30,1,0.3,0.08742857142857142
s027,30,2,0.3,0.08888888888888889
s027,30,3,0.3,0.09225806451612904
s027,30,4,0.3,0.095
s027,30,5,0.3,0.09066666666666667
s027,30,6,0.3,0.09434782608695653
s027,30,7,0.3,0.0923404255319149
s027,30,8,0.3,0.08615384615384616
s027,30,9,0.3,0.09882352941176471
s027,1,0,0.4,0.07999999999999999
s027,20,0,0.4,0.09181818181818181
s027,20,1,0.4,0.08879999999999999
s027,20,2,0.4,0.08307692307692308
s027,20,3,0.4,0.095
s027,20,4,0.4,0.09384615384615384
s027,20,5,0.4,0.088
s027,20,6,0.4,0.08769230769230768
s027,20,7,0.4,0.096
s027,20,8,0.4,0.0876923076923077
s027,20,9,0.4,0.09
s027,30,0,0.4,0.08451612903225807
s027,30,1,0.4,0.08857142857142856
s027,30,2,0.4,0.08615384615384616
s027,30,3,0.4,0.086
s027,30,4,0.4,0.0928
s027,30,5,0.4,0.09
s027,30,6,0.4,0.09555555555555556
s027,30,7,0.4,0.08695652173913043
s027,30,8,0.4,0.08285714285714287
s027,30,9,0.4,0.09395348837209302
s027,1,0,0.5,0.07999999999999999
s027,20,0,0.5,0.0876923076923077
s027,20,1,0.5,0.08588235294117647
s027,20,2,0.5,0.08000000000000002
s027,20,3,0.5,0.09333333333333332
s027,20,4,0.5,0.08695652173913043
s027,20,5,0.5,0.08823529411764705
s027,20,6,0.5,0.08272727272727273
s027,20,7,0.5,0.08588235294117647
s027,20,8,0.5,0.085
s027,20,9,0.5,0.08888888888888888
s027,30,0,0.5,0.07733333333333334
s027,30,1,0.5,0.08666666666666666
s027,30,2,0.5,0.08461538461538462
s027,30,3,0.5,0.085
s027,30,4,0.5,0.09
s027,30,5,0.5,0.08823529411764705
s027,30,6,0.5,0.08888888888888888
s027,30,7,0.5,0.08615384615384616
s027,30,8,0.5,0.07885714285714285
s027,30,9,0.5,0.09176470588235294
s027,1,0,0.6,0.08
s027,20,0,0.6,0.0876923076923077
s027,20,1,0.6,0.08352941176470588
s027,20,2,0.6,0.08
s027,20,3,0.6,0.08923076923076922
s027,20,4,0.6,0.08560000000000001
s027,20,5,0.6,0.08476190476190476
s027,20,6,0.6,0.07846153846153846
s027,20,7,0.6,0.08
s027,20,8,0.6,0.08222222222222222
s027,20,9,0.6,0.08235294117647059
s027,30,0,0.6,0.07411764705882352
s027,30,1,0.6,0.08526315789473683
s027,30,2,0.6,0.0838095238095238
s027,30,3,0.6,0.08461538461538462
s027,30,4,0.6,0.08959999999999999
s027,30,5,0.6,0.08888888888888889
s027,30,6,0.6,0.08476190476190476
s027,30,7,0.6,0.08222222222222222
s027,30,8,0.6,0.07555555555555556
s027,30,9,0.6,0.085
s027,1,0,0.7,0.08
s027,20,0,0.7,0.08444444444444443
s027,20,1,0.7,0.08153846153846153
s027,20,2,0.7,0.07857142857142858
s027,20,3,0.7,0.08571428571428573
s027,20,4,0.7,0.085
s027,20,5,0.7,0.085
s027,20,6,0.7,0.07333333333333333
s027,20,7,0.7,0.07555555555555554
s027,20,8,0.7,0.08
s027,20,9,0.7,0.08222222222222222
s027,30,0,0.7,0.07294117647058825
s027,30,1,0.7,0.08235294117647059
s027,30,2,0.7,0.08499999999999999
s027,30,3,0.7,0.08000000000000002
s027,30,4,0.7,0.08999999999999998
s027,30,5,0.7,0.08857142857142856
s027,30,6,0.7,0.08
s027,30,7,0.7,0.07500000000000001
s027,30,8,0.7,0.07777777777777778
s027,30,9,0.7,0.08461538461538462
s027,1,0,0.8,0.07
s027,20,0,0.8,0.08
s027,20,1,0.8,0.08222222222222222
s027,20,2,0.8,0.07599999999999998
s027,20,3,0.8,0.08
s027,20,4,0.8,0.07846153846153847
s027,20,5,0.8,0.08
s027,20,6,0.8,0.07200000000000001
s027,20,7,0.8,0.07555555555555556
s027,20,8,0.8,0.08000000000000002
s027,20,9,0.8,0.08142857142857142
s027,30,0,0.8,0.07384615384615384
s027,30,1,0.8,0.08222222222222222
s027,30,2,0.8,0.08500000000000002
s027,30,3,0.8,0.08499999999999999
s027,30,4,0.8,0.08
s027,30,5,0.8,0.08888888888888889
s027,30,6,0.8,0.07600000000000001
s027,30,7,0.8,0.07500000000000001
s027,30,8,0.8,0.08
s027,30,9,0.8,0.08428571428571428
s027,1,0,0.9,0.068
s027,20,0,0.9,0.08
s027,20,1,0.9,0.07555555555555556
s027,20,2,0.9,0.076
s027,20,3,0.9,0.08
s027,20,4,0.9,0.07777777777777778
s027,20,5,0.9,0.07499999999999998
s027,20,6,0.9,0.07200000000000001
s027,20,7,0.9,0.07285714285714284
s027,20,8,0.9,0.07500000000000001
s027,20,9,0.9,0.07600000000000001
s027,30,0,0.9,0.07428571428571426
s027,30,1,0.9,0.08400000000000002
s027,30,2,0.9,0.08444444444444445
s027,30,3,0.9,0.08588235294117645
s027,30,4,0.9,0.07500000000000001
s027,30,5,0.9,0.084
s027,30,6,0.9,0.08
s027,30,7,0.9,0.07846153846153846
s027,30,8,0.9,0.07714285714285715
s027,30,9,0.9,0.08444444444444445
s027,1,0,1.0,0.06
s027,20,0,1.0,0.08399999999999999
s027,20,1,1.0,0.07
s027,20,2,1.0,0.07199999999999995
s027,20,3,1.0,0.07
s027,20,4,1.0,0.07333333333333333
s027,20,5,1.0,0.06666666666666667
s027,20,6,1.0,0.0719999999999999
s027,20,7,1.0,0.07
s027,20,8,1.0,0.07199999999999998
s027,20,9,1.0,0.07
s027,30,0,1.0,0.07499999999999996
s027,30,1,1.0,0.08400000000000005
s027,30,2,1.0,0.07200000000000002
s027,30,3,1.0,0.08
s027,30,4,1.0,0.08
s027,30,5,1.0,0.08400000000000005
s027,30,6,1.0,0.07600000000000001
s027,30,7,1.0,0.07500000000000004
s027,30,8,1.0,0.076
s027,30,9,1.0,0.07
s028,1,0,0.0,0.06428571428571428
s028,20,0,0.0,0.06823529411764706
s028,20,1,0.0,0.065
s028,20,2,0.0,0.06
s028,20,3,0.0,0.06702702702702704
s028,20,4,0.0,0.06
s028,20,5,0.0,0.05846153846153846
s028,20,6,0.0,0.05555555555555555
s028,20,7,0.0,0.06181818181818182
s028,20,8,0.0,0.07
s028,20,9,0.0,0.06562499999999999
s028,30,0,0.0,0.06888888888888889
s028,30,1,0.0,0.07120000000000001
s028,30,2,0.0,0.06342857142857143
s028,30,3,0.0,0.07189189189189188
s028,30,4,0.0,0.06888888888888889
s028,30,5,0.0,0.07176470588235295
s028,30,6,0.0,0.07647058823529412
s028,30,7,0.0,0.06272727272727273
s028,30,8,0.0,0.07658536585365854
s028,30,9,0.0,0.07384615384615384
s028,1,0,0.1,0.061212121212121204
s028,20,0,0.1,0.06689655172413793
s028,20,1,0.1,0.06461538461538462
s028,20,2,0.1,0.0593103448275862
s028,20,3,0.1,0.0673170731707317
s028,20,4,0.1,0.06222222222222222
s028,20,5,0.1,0.05565217391304348
s028,20,6,0.1,0.05555555555555555
s028,20,7,0.1,0.061818181818181814
s028,20,8,0.1,0.07
s028,20,9,0.1,0.06
s028,30,0,0.1,0.06702702702702704
s028,30,1,0.1,0.06720000000000001
s028,30,2,0.1,0.06352941176470589
s028,30,3,0.1,0.06888888888888889
s028,30,4,0.1,0.06461538461538462
s028,30,5,0.1,0.07111111111111111
s028,30,6,0.1,0.07621621621621621
s028,30,7,0.1,0.0625
s028,30,8,0.1,0.07314285714285715
s028,30,9,0.1,0.06971428571428571
s028,1,0,0.2,0.05600000000000001
s028,20,0,0.2,0.06639999999999999
s028,20,1,0.2,0.06461538461538462
s028,20,2,0.2,0.05894736842105264
s028,20,3,0.2,0.064
s028,20,4,0.2,0.06153846153846154
s028,20,5,0.2,0.05555555555555555
s028,20,6,0.2,0.05368421052631579
s028,20,7,0.2,0.06
s028,20,8,0.2,0.07
s028,20,9,0.2,0.06142857142857143
s028,30,0,0.2,0.06687500000000002
s028,30,1,0.2,0.07
s028,30,2,0.2,0.06137931034482759
s028,30,3,0.2,0.06606060606060607
s028,30,4,0.2,0.06222222222222222
s028,30,5,0.2,0.06888888888888889
s028,30,6,0.2,0.075
s028,30,7,0.2,0.06222222222222222
s028,30,8,0.2,0.07333333333333333
s028,30,9,0.2,0.07230769230769231
s028,1,0,0.3,0.05600000000000001
s028,20,0,0.3,0.06413793103448277
s028,20,1,0.3,0.06615384615384616
s028,20,2,0.3,0.05578947368421052
s028,20,3,0.3,0.06413793103448277
s028,20,4,0.3,0.05999999999999999
s028,20,5,0.3,0.05562500000000001
s028,20,6,0.3,0.05199999999999999
s028,20,7,0.3,0.057777777777777775
s028,20,8,0.3,0.06869565217391305
s028,20,9,0.3,0.05875
s028,30,0,0.3,0.06380952380952382
s028,30,1,0.3,0.06571428571428573
s028,30,2,0.3,0.06307692307692309
s028,30,3,0.3,0.06428571428571428
s028,30,4,0.3,0.0648
s028,30,5,0.3,0.06615384615384616
s028,30,6,0.3,0.075
s028,30,7,0.3,0.064375
s028,30,8,0.3,0.07533333333333334
s028,30,9,0.3,0.07304347826086957
s028,1,0,0.4,0.055999999999999994
s028,20,0,0.4,0.065
s028,20,1,0.4,0.06444444444444444
s028,20,2,0.4,0.05555555555555555
s028,20,3,0.4,0.06387096774193549
s028,20,4,0.4,0.058823529411764705
s028,20,5,0.4,0.05555555555555555
s028,20,6,0.4,0.052
s028,20,7,0.4,0.057777777777777775
s028,20,8,0.4,0.06545454545454546
s028,20,9,0.4,0.054117647058823534
s028,30,0,0.4,0.06
s028,30,1,0.4,0.06153846153846154
s028,30,2,0.4,0.06363636363636364
s028,30,3,0.4,0.06153846153846154
s028,30,4,0.4,0.06307692307692309
s028,30,5,0.4,0.06285714285714286
s028,30,6,0.4,0.07363636363636364
s028,30,7,0.4,0.06363636363636363
s028,30,8,0.4,0.07555555555555556
s028,30,9,0.4,0.07058823529411765
s028,1,0,0.5,0.05600000000000001
s028,20,0,0.5,0.057777777777777775
s028,20,1,0.5,0.06444444444444444
s028,20,2,0.5,0.053636363636363635
s028,20,3,0.5,0.06222222222222222
s028,20,4,0.5,0.05647058823529412
s028,20,5,0.5,0.05647058823529412
s028,20,6,0.5,0.05199999999999999
s028,20,7,0.5,0.05384615384615385
s028,20,8,0.5,0.06210526315789473
s028,20,9,0.5,0.05545454545454546
s028,30,0,0.5,0.06285714285714286
s028,30,1,0.5,0.05904761904761904
s028,30,2,0.5,0.06
s028,30,3,0.5,0.055714285714285716
s028,30,4,0.5,0.06461538461538462
s028,30,5,0.5,0.061818181818181814
s028,30,6,0.5,0.06888888888888889
s028,30,7,0.5,0.06222222222222222
s028,30,8,0.5,0.07225806451612904
s028,30,9,0.5,0.06636363636363637
s028,1,0,0.6,0.05
s028,20,0,0.6,0.05384615384615385
s028,20,1,0.6,0.06428571428571428
s028,20,2,0.6,0.05285714285714285
s028,20,3,0.6,0.06222222222222223
s028,20,4,0.6,0.05714285714285715
s028,20,5,0.6,0.05692307692307692
s028,20,6,0.6,0.05157894736842104
s028,20,7,0.6,0.05454545454545455
s028,20,8,0.6,0.057777777777777775
s028,20,9,0.6,0.05384615384615385
s028,30,0,0.6,0.06444444444444444
s028,30,1,0.6,0.05764705882352941
s028,30,2,0.6,0.0531578947368421
s028,30,3,0.6,0.05499999999999999
s028,30,4,0.6,0.065
s028,30,5,0.6,0.06307692307692309
s028,30,6,0.6,0.064
s028,30,7,0.6,0.0642857142857143
s028,30,8,0.6,0.068
s028,30,9,0.6,0.06636363636363637
s028,1,0,0.7,0.044
s028,20,0,0.7,0.054285714285714284
s028,20,1,0.7,0.06800000000000002
s028,20,2,0.7,0.05285714285714285
s028,20,3,0.7,0.06
s028,20,4,0.7,0.05809523809523809
s028,20,5,0.7,0.06
s028,20,6,0.7,0.048
s028,20,7,0.7,0.054285714285714284
s028,20,8,0.7,0.056
s028,20,9,0.7,0.05111111111111111
s028,30,0,0.7,0.06187499999999999
s028,30,1,0.7,0.059999999999999984
s028,30,2,0.7,0.05076923076923077
s028,30,3,0.7,0.05111111111111111
s028,30,4,0.7,0.057777777777777775
s028,30,5,0.7,0.06222222222222222
s028,30,6,0.7,0.06
s028,30,7,0.7,0.060000000000000005
s028,30,8,0.7,0.068
s028,30,9,0.7,0.065
s028,1,0,0.8,0.044
s028,20,0,0.8,0.057777777777777775
s028,20,1,0.8,0.06400000000000002
s028,20,2,0.8,0.052307692307692305
s028,20,3,0.8,0.05909090909090909
s028,20,4,0.8,0.06
s028,20,5,0.8,0.06
s028,20,6,0.8,0.05
s028,20,7,0.8,0.05142857142857142
s028,20,8,0.8,0.05600000000000001
s028,20,9,0.8,0.04714285714285714
s028,30,0,0.8,0.06222222222222222
s028,30,1,0.8,0.06
s028,30,2,0.8,0.05000000000000001
s028,30,3,0.8,0.048000000000000015
s028,30,4,0.8,0.055
s028,30,5,0.8,0.05600000000000001
s028,30,6,0.8,0.057777777777777775
s028,30,7,0.8,0.057777777777777775
s028,30,8,0.8,0.06
s028,30,9,0.8,0.06588235294117648
s028,1,0,0.9,0.04
s028,20,0,0.9,0.05578947368421054
s028,20,1,0.9,0.06
s028,20,2,0.9,0.06
s028,20,3,0.9,0.053684210526315806
s028,20,4,0.9,0.06
s028,20,5,0.9,0.06
s028,20,6,0.9,0.05500000000000001
s028,20,7,0.9,0.052000000000000005
s028,20,8,0.9,0.055999999999999966
s028,20,9,0.9,0.04857142857142856
s028,30,0,0.9,0.06222222222222222
s028,30,1,0.9,0.06222222222222222
s028,30,2,0.9,0.045217391304347834
s028,30,3,0.9,0.05000000000000002
s028,30,4,0.9,0.06142857142857144
s028,30,5,0.9,0.06
s028,30,6,0.9,0.06222222222222223
s028,30,7,0.9,0.057777777777777775
s028,30,8,0.9,0.05111111111111111
s028,30,9,0.9,0.06888888888888889
s028,1,0,1.0,0.044
s028,20,0,1.0,0.06799999999999995
s028,20,1,1.0,0.059999999999999803
s028,20,2,1.0,0.0680000000000001
s028,20,3,1.0,0.06
s028,20,4,1.0,0.0700000000000001
s028,20,5,1.0,0.0649999999999999
s028,20,6,1.0,0.06
s028,20,7,1.0,0.06
s028,20,8,1.0,0.06500000000000006
s028,20,9,1.0,0.07199999999999995
s028,30,0,1.0,0.07200000000000005
s028,30,1,1.0,0.0719999999999999
s028,30,2,1.0,0.0639999999999999
s028,30,3,1.0,0.07
s028,30,4,1.0,0.08800000000000005
s028,30,5,1.0,0.068
s028,30,6,1.0,0.076
s028,30,7,1.0,0.07
s028,30,8,1.0,0.06800000000000006
s028,30,9,1.0,0.08
s029,1,0,0.0,0.08328358208955222
s029,20,0,0.0,0.08769230769230771
s029,20,1,0.0,0.09023255813953489
s029,20,2,0.0,0.08750000000000001
s029,20,3,0.0,0.08765957446808512
s029,20,4,0.0,0.09058823529411766
s029,20,5,0.0,0.08484848484848484
s029,20,6,0.0,0.08476190476190476
s029,20,7,0.0,0.08942857142857144
s029,20,8,0.0,0.08813559322033898
s029,20,9,0.0,0.09381818181818181
s029,30,0,0.0,0.08263157894736842
s029,30,1,0.0,0.08787878787878789
s029,30,2,0.0,0.09622641509433963
s029,30,3,0.0,0.0863157894736842
s029,30,4,0.0,0.08941176470588236
s029,30,5,0.0,0.0848
s029,30,6,0.0,0.08157894736842106
s029,30,7,0.0,0.08499999999999999
s029,30,8,0.0,0.08491803278688524
s029,30,9,0.0,0.08800000000000001
s029,1,0,0.1,0.08476190476190476
s029,20,0,0.1,0.08893617021276595
s029,20,1,0.1,0.0890909090909091
s029,20,2,0.1,0.08571428571428572
s029,20,3,0.1,0.08480000000000001
s029,20,4,0.1,0.08872727272727272
s029,20,5,0.1,0.08
s029,20,6,0.1,0.08571428571428572
s029,20,7,0.1,0.08666666666666667
s029,20,8,0.1,0.08484848484848485
s029,20,9,0.1,0.09319148936170213
s029,30,0,0.1,0.08307692307692308
s029,30,1,0.1,0.08
s029,30,2,0.1,0.09787234042553192
s029,30,3,0.1,0.07999999999999999
s029,30,4,0.1,0.08636363636363636
s029,30,5,0.1,0.08793103448275862
s029,30,6,0.1,0.08333333333333334
s029,30,7,0.1,0.08439024390243902
s029,30,8,0.1,0.08399999999999999
s029,30,9,0.1,0.08744186046511629
s029,1,0,0.2,0.08399999999999999
s029,20,0,0.2,0.08769230769230768
s029,20,1,0.2,0.088
s029,20,2,0.2,0.0825
s029,20,3,0.2,0.08476190476190476
s029,20,4,0.2,0.09157894736842105
s029,20,5,0.2,0.0787878787878788
s029,20,6,0.2,0.08363636363636365
s029,20,7,0.2,0.08608695652173913
s029,20,8,0.2,0.08480000000000001
s029,20,9,0.2,0.08945454545454545
s029,30,0,0.2,0.07666666666666667
s029,30,1,0.2,0.08206896551724138
s029,30,2,0.2,0.09529411764705883
s029,30,3,0.2,0.08157894736842106
s029,30,4,0.2,0.08511627906976743
s029,30,5,0.2,0.08816326530612245
s029,30,6,0.2,0.0823529411764706
s029,30,7,0.2,0.0836734693877551
s029,30,8,0.2,0.07965517241379311
s029,30,9,0.2,0.0912
s029,1,0,0.3,0.08171428571428571
s029,20,0,0.3,0.08958333333333335
s029,20,1,0.3,0.08625
s029,20,2,0.3,0.07770491803278688
s029,20,3,0.3,0.08645161290322581
s029,20,4,0.3,0.08965517241379312
s029,20,5,0.3,0.08
s029,20,6,0.3,0.07999999999999999
s029,20,7,0.3,0.08470588235294119
s029,20,8,0.3,0.08285714285714285
s029,20,9,0.3,0.088
s029,30,0,0.3,0.07384615384615385
s029,30,1,0.3,0.0819047619047619
s029,30,2,0.3,0.08933333333333332
s029,30,3,0.3,0.07999999999999999
s029,30,4,0.3,0.08
s029,30,5,0.3,0.0824
s029,30,6,0.3,0.08461538461538462
s029,30,7,0.3,0.08470588235294117
s029,30,8,0.3,0.0773913043478261
s029,30,9,0.3,0.08615384615384615
s029,1,0,0.4,0.08
s029,20,0,0.4,0.092
s029,20,1,0.4,0.08444444444444446
s029,20,2,0.4,0.07591836734693877
s029,20,3,0.4,0.0845
s029,20,4,0.4,0.08888888888888889
s029,20,5,0.4,0.07454545454545455
s029,20,6,0.4,0.07999999999999999
s029,20,7,0.4,0.0790909090909091
s029,20,8,0.4,0.07846153846153847
s029,20,9,0.4,0.0860377358490566
s029,30,0,0.4,0.06866666666666667
s029,30,1,0.4,0.08175438596491227
s029,30,2,0.4,0.09428571428571428
s029,30,3,0.4,0.08000000000000002
s029,30,4,0.4,0.07636363636363636
s029,30,5,0.4,0.08301886792452831
s029,30,6,0.4,0.08818181818181818
s029,30,7,0.4,0.08363636363636363
s029,30,8,0.4,0.07542857142857143
s029,30,9,0.4,0.08307692307692308
s029,1,0,0.5,0.07478260869565218
s029,20,0,0.5,0.09076923076923077
s029,20,1,0.5,0.08285714285714285
s029,20,2,0.5,0.07219512195121952
s029,20,3,0.5,0.08
s029,20,4,0.5,0.08432432432432432
s029,20,5,0.5,0.07674418604651163
s029,20,6,0.5,0.0775
s029,20,7,0.5,0.07806451612903226
s029,20,8,0.5,0.0811764705882353
s029,20,9,0.5,0.08
s029,30,0,0.5,0.068
s029,30,1,0.5,0.0811764705882353
s029,30,2,0.5,0.09028571428571429
s029,30,3,0.5,0.07846153846153847
s029,30,4,0.5,0.07777777777777778
s029,30,5,0.5,0.0825
s029,30,6,0.5,0.08615384615384616
s029,30,7,0.5,0.08125
s029,30,8,0.5,0.07655172413793103
s029,30,9,0.5,0.07555555555555556
s029,1,0,0.6,0.07142857142857142
s029,20,0,0.6,0.08466666666666667
s029,20,1,0.6,0.07951219512195122
s029,20,2,0.6,0.0665
s029,20,3,0.6,0.07818181818181819
s029,20,4,0.6,0.075625
s029,20,5,0.6,0.07230769230769231
s029,20,6,0.6,0.07555555555555554
s029,20,7,0.6,0.07414634146341464
s029,20,8,0.6,0.07846153846153846
s029,20,9,0.6,0.07428571428571429
s029,30,0,0.6,0.06307692307692309
s029,30,1,0.6,0.08
s029,30,2,0.6,0.08909090909090908
s029,30,3,0.6,0.07419354838709677
s029,30,4,0.6,0.07538461538461538
s029,30,5,0.6,0.08
s029,30,6,0.6,0.08608695652173913
s029,30,7,0.6,0.07935483870967741
s029,30,8,0.6,0.0728
s029,30,9,0.6,0.07714285714285715
s029,1,0,0.7,0.07058823529411765
s029,20,0,0.7,0.08303030303030304
s029,20,1,0.7,0.07419354838709677
s029,20,2,0.7,0.065
s029,20,3,0.7,0.07538461538461538
s029,20,4,0.7,0.07555555555555556
s029,20,5,0.7,0.072
s029,20,6,0.7,0.07714285714285714
s029,20,7,0.7,0.07090909090909091
s029,20,8,0.7,0.07374999999999998
s029,20,9,0.7,0.07200000000000001
s029,30,0,0.7,0.05840000000000001
s029,30,1,0.7,0.07538461538461538
s029,30,2,0.7,0.08666666666666667
s029,30,3,0.7,0.07555555555555554
s029,30,4,0.7,0.07272727272727272
s029,30,5,0.7,0.0790909090909091
s029,30,6,0.7,0.08153846153846155
s029,30,7,0.7,0.08
s029,30,8,0.7,0.07111111111111111
s029,30,9,0.7,0.07290322580645162
s029,1,0,0.8,0.06705882352941177
s029,20,0,0.8,0.08571428571428572
s029,20,1,0.8,0.07157894736842105
s029,20,2,0.8,0.065
s029,20,3,0.8,0.07500000000000001
s029,20,4,0.8,0.08000000000000002
s029,20,5,0.8,0.07199999999999998
s029,20,6,0.8,0.07384615384615384
s029,20,7,0.8,0.07333333333333333
s029,20,8,0.8,0.06857142857142856
s029,20,9,0.8,0.07478260869565218
s029,30,0,0.8,0.06428571428571428
s029,30,1,0.8,0.07846153846153846
s029,30,2,0.8,0.08222222222222222
s029,30,3,0.8,0.07714285714285715
s029,30,4,0.8,0.07058823529411765
s029,30,5,0.8,0.07499999999999998
s029,30,6,0.8,0.07777777777777778
s029,30,7,0.8,0.07904761904761906
s029,30,8,0.8,0.07
s029,30,9,0.8,0.07272727272727272
s029,1,0,0.9,0.06444444444444444
s029,20,0,0.9,0.08666666666666667
s029,20,1,0.9,0.07384615384615384
s029,20,2,0.9,0.05846153846153847
s029,20,3,0.9,0.07333333333333333
s029,20,4,0.9,0.07
s029,20,5,0.9,0.07
s029,20,6,0.9,0.068
s029,20,7,0.9,0.07199999999999998
s029,20,8,0.9,0.06499999999999997
s029,20,9,0.9,0.08222222222222222
s029,30,0,0.9,0.06461538461538463
s029,30,1,0.9,0.08
s029,30,2,0.9,0.07857142857142856
s029,30,3,0.9,0.08
s029,30,4,0.9,0.06888888888888889
s029,30,5,0.9,0.07499999999999997
s029,30,6,0.9,0.08
s029,30,7,0.9,0.07647058823529412
s029,30,8,0.9,0.07285714285714284
s029,30,9,0.9,0.08
s029,1,0,1.0,0.06
s029,20,0,1.0,0.07499999999999996
s029,20,1,1.0,0.07
s029,20,2,1.0,0.04799999999999996
s029,20,3,1.0,0.06500000000000004
s029,20,4,1.0,0.06500000000000009
s029,20,5,1.0,0.07199999999999991
s029,20,6,1.0,0.06500000000000004
s029,20,7,1.0,0.06500000000000009
s029,20,8,1.0,0.05500000000000009
s029,20,9,1.0,0.07499999999999996
s029,30,0,1.0,0.055
s029,30,1,1.0,0.08
s029,30,2,1.0,0.07200000000000004
s029,30,3,1.0,0.068
s029,30,4,1.0,0.06399999999999992
s029,30,5,1.0,0.07333333333333333
s029,30,6,1.0,0.06799999999999992
s029,30,7,1.0,0.076
s029,30,8,1.0,0.06400000000000004
s029,30,9,1.0,0.07200000000000004
s030,1,0,0.0,0.17384615384615384
s030,20,0,0.0,0.185
s030,20,1,0.0,0.2
s030,20,2,0.0,0.18
s030,20,3,0.0,0.20470588235294118
s030,20,4,0.0,0.192
s030,20,5,0.0,0.21263157894736842
s030,20,6,0.0,0.18470588235294116
s030,20,7,0.0,0.19714285714285715
s030,20,8,0.0,0.18608695652173912
s030,20,9,0.0,0.1688
s030,30,0,0.0,0.19142857142857145
s030,30,1,0.0,0.19
s030,30,2,0.0,0.192
s030,30,3,0.0,0.19
s030,30,4,0.0,0.19846153846153847
s030,30,5,0.0,0.18615384615384614
s030,30,6,0.0,0.19
s030,30,7,0.0,0.185
s030,30,8,0.0,0.19
s030,30,9,0.0,0.18588235294117647
s030,1,0,0.1,0.1523076923076923
s030,20,0,0.1,0.17777777777777776
s030,20,1,0.1,0.17555555555555555
s030,20,2,0.1,0.16666666666666669
s030,20,3,0.1,0.18444444444444444
s030,20,4,0.1,0.172
s030,20,5,0.1,0.19294117647058823
s030,20,6,0.1,0.165
s030,20,7,0.1,0.1756521739130435
s030,20,8,0.1,0.16818181818181815
s030,20,9,0.1,0.15411764705882353
s030,30,0,0.1,0.17777777777777776
s030,30,1,0.1,0.175
s030,30,2,0.1,0.18153846153846154
s030,30,3,0.1,0.1814285714285714
s030,30,4,0.1,0.192
s030,30,5,0.1,0.17
s030,30,6,0.1,0.18461538461538463
s030,30,7,0.1,0.1764705882352941
s030,30,8,0.1,0.1769230769230769
s030,30,9,0.1,0.175
s030,1,0,0.2,0.15523809523809523
s030,20,0,0.2,0.15473684210526314
s030,20,1,0.2,0.1685714285714286
s030,20,2,0.2,0.16
s030,20,3,0.2,0.1582608695652174
s030,20,4,0.2,0.1623529411764706
s030,20,5,0.2,0.17904761904761904
s030,20,6,0.2,0.15111111111111108
s030,20,7,0.2,0.1577777777777778
s030,20,8,0.2,0.16285714285714287
s030,20,9,0.2,0.14
s030,30,0,0.2,0.16272727272727272
s030,30,1,0.2,0.1676923076923077
s030,30,2,0.2,0.165
s030,30,3,0.2,0.1611764705882353
s030,30,4,0.2,0.17384615384615382
s030,30,5,0.2,0.17000000000000004
s030,30,6,0.2,0.17000000000000004
s030,30,7,0.2,0.1688888888888889
s030,30,8,0.2,0.1617391304347826
s030,30,9,0.2,0.16
s030,1,0,0.3,0.135
s030,20,0,0.3,0.14500000000000002
s030,20,1,0.3,0.15384615384615385
s030,20,2,0.3,0.1446153846153846
s030,20,3,0.3,0.1446153846153846
s030,20,4,0.3,0.1573913043478261
s030,20,5,0.3,0.165
s030,20,6,0.3,0.15499999999999997
s030,20,7,0.3,0.148
s030,20,8,0.3,0.145
s030,20,9,0.3,0.14222222222222222
s030,30,0,0.3,0.1511111111111111
s030,30,1,0.3,0.155
s030,30,2,0.3,0.165
s030,30,3,0.3,0.16000000000000003
s030,30,4,0.3,0.16
s030,30,5,0.3,0.16000000000000003
s030,30,6,0.3,0.16
s030,30,7,0.3,0.16
s030,30,8,0.3,0.16
s030,30,9,0.3,0.15500000000000003
s030,1,0,0.4,0.132
s030,20,0,0.4,0.135
s030,20,1,0.4,0.14941176470588236
s030,20,2,0.4,0.13777777777777778
s030,20,3,0.4,0.135
s030,20,4,0.4,0.14399999999999996
s030,20,5,0.4,0.16
s030,20,6,0.4,0.14857142857142858
s030,20,7,0.4,0.14
s030,20,8,0.4,0.14400000000000002
s030,20,9,0.4,0.14222222222222225
s030,30,0,0.4,0.14181818181818184
s030,30,1,0.4,0.15199999999999997
s030,30,2,0.4,0.152
s030,30,3,0.4,0.15499999999999997
s030,30,4,0.4,0.16
s030,30,5,0.4,0.155
s030,30,6,0.4,0.15
s030,30,7,0.4,0.14888888888888888
s030,30,8,0.4,0.15
s030,30,9,0.4,0.15142857142857144
s030,1,0,0.5,0.12499999999999999
s030,20,0,0.5,0.135
s030,20,1,0.5,0.14800000000000002
s030,20,2,0.5,0.12799999999999997
s030,20,3,0.5,0.135
s030,20,4,0.5,0.13
s030,20,5,0.5,0.16
s030,20,6,0.5,0.14
s030,20,7,0.5,0.13500000000000006
s030,20,8,0.5,0.13090909090909092
s030,20,9,0.5,0.135
s030,30,0,0.5,0.135
s030,30,1,0.5,0.14800000000000002
s030,30,2,0.5,0.145
s030,30,3,0.5,0.15499999999999997
s030,30,4,0.5,0.15
s030,30,5,0.5,0.14285714285714288
s030,30,6,0.5,0.14499999999999996
s030,30,7,0.5,0.14
s030,30,8,0.5,0.145
s030,30,9,0.5,0.15
s030,1,0,0.6,0.124
s030,20,0,0.6,0.12999999999999998
s030,20,1,0.6,0.14400000000000002
s030,20,2,0.6,0.12769230769230772
s030,20,3,0.6,0.13
s030,20,4,0.6,0.1285714285714286
s030,20,5,0.6,0.15076923076923077
s030,20,6,0.6,0.136
s030,20,7,0.6,0.13000000000000003
s030,20,8,0.6,0.125
s030,20,9,0.6,0.13
s030,30,0,0.6,0.135
s030,30,1,0.6,0.14400000000000002
s030,30,2,0.6,0.14500000000000002
s030,30,3,0.6,0.15
s030,30,4,0.6,0.14800000000000002
s030,30,5,0.6,0.13
s030,30,6,0.6,0.14500000000000002
s030,30,7,0.6,0.13777777777777778
s030,30,8,0.6,0.14499999999999996
s030,30,9,0.6,0.14499999999999996
s030,1,0,0.7,0.124
s030,20,0,0.7,0.12999999999999995
s030,20,1,0.7,0.13538461538461538
s030,20,2,0.7,0.124
s030,20,3,0.7,0.128
s030,20,4,0.7,0.12444444444444444
s030,20,5,0.7,0.14500000000000002
s030,20,6,0.7,0.14142857142857146
s030,20,7,0.7,0.12499999999999997
s030,20,8,0.7,0.12
s030,20,9,0.7,0.13
s030,30,0,0.7,0.128
s030,30,1,0.7,0.14444444444444443
s030,30,2,0.7,0.14400000000000002
s030,30,3,0.7,0.1389473684210526
s030,30,4,0.7,0.14222222222222222
s030,30,5,0.7,0.12399999999999997
s030,30,6,0.7,0.14
s030,30,7,0.7,0.136
s030,30,8,0.7,0.145
s030,30,9,0.7,0.14
s030,1,0,0.8,0.11555555555555556
s030,20,0,0.8,0.12499999999999997
s030,20,1,0.8,0.13500000000000004
s030,20,2,0.8,0.128
s030,20,3,0.8,0.12499999999999997
s030,20,4,0.8,0.12
s030,20,5,0.8,0.15
s030,20,6,0.8,0.1414285714285714
s030,20,7,0.8,0.125
s030,20,8,0.8,0.12
s030,20,9,0.8,0.128
s030,30,0,0.8,0.12500000000000003
s030,30,1,0.8,0.14
s030,30,2,0.8,0.14
s030,30,3,0.8,0.13555555555555557
s030,30,4,0.8,0.136
s030,30,5,0.8,0.12
s030,30,6,0.8,0.135
s030,30,7,0.8,0.13200000000000003
s030,30,8,0.8,0.14
s030,30,9,0.8,0.13199999999999998
s030,1,0,0.9,0.11
s030,20,0,0.9,0.12
s030,20,1,0.9,0.13
s030,20,2,0.9,0.12666666666666665
s030,20,3,0.9,0.124
s030,20,4,0.9,0.12399999999999997
s030,20,5,0.9,0.14500000000000002
s030,20,6,0.9,0.13777777777777778
s030,20,7,0.9,0.12399999999999999
s030,20,8,0.9,0.12
s030,20,9,0.9,0.13
s030,30,0,0.9,0.12
s030,30,1,0.9,0.13111111111111112
s030,30,2,0.9,0.135
s030,30,3,0.9,0.13500000000000006
s030,30,4,0.9,0.135
s030,30,5,0.9,0.12
s030,30,6,0.9,0.12500000000000006
s030,30,7,0.9,0.12
s030,30,8,0.9,0.12800000000000003
s030,30,9,0.9,0.13
s030,1,0,1.0,0.11
s030,20,0,1.0,0.11777777777777777
s030,20,1,1.0,0.125
s030,20,2,1.0,0.12799999999999997
s030,20,3,1.0,0.12
s030,20,4,1.0,0.12444444444444444
s030,20,5,1.0,0.14
s030,20,6,1.0,0.136
s030,20,7,1.0,0.12400000000000001
s030,20,8,1.0,0.11500000000000002
s030,20,9,1.0,0.13
s030,30,0,1.0,0.1250000000000001
s030,30,1,1.0,0.13230769230769235
s030,30,2,1.0,0.1338461538461539
s030,30,3,1.0,0.135
s030,30,4,1.0,0.13500000000000006
s030,30,5,1.0,0.12
s030,30,6,1.0,0.12500000000000006
s030,30,7,1.0,0.11
s030,30,8,1.0,0.13
s030,30,9,1.0,0.12500000000000006
s031,1,0,0.0,0.24
s031,20,0,0.0,0.24210526315789474
s031,20,1,0.0,0.24727272727272726
s031,20,2,0.0,0.2435
s031,20,3,0.0,0.24444444444444444
s031,20,4,0.0,0.25384615384615383
s031,20,5,0.0,0.2432
s031,20,6,0.0,0.24256410256410255
s031,20,7,0.0,0.24862068965517242
s031,20,8,0.0,0.24818181818181817
s031,20,9,0.0,0.26029850746268657
s031,30,0,0.0,0.25083333333333335
s031,30,1,0.0,0.24936170212765957
s031,30,2,0.0,0.2254054054054054
s031,30,3,0.0,0.25517241379310346
s031,30,4,0.0,0.2534883720930233
s031,30,5,0.0,0.25720930232558137
s031,30,6,0.0,0.24867924528301888
s031,30,7,0.0,0.23675675675675675
s031,30,8,0.0,0.2509677419354839
s031,30,9,0.0,0.24
s031,1,0,0.1,0.2426086956521739
s031,20,0,0.1,0.24571428571428572
s031,20,1,0.1,0.248
s031,20,2,0.1,0.24333333333333335
s031,20,3,0.1,0.24222222222222223
s031,20,4,0.1,0.2511111111111111
s031,20,5,0.1,0.2441860465116279
s031,20,6,0.1,0.24823529411764705
s031,20,7,0.1,0.2534883720930233
s031,20,8,0.1,0.2545454545454545
s031,20,9,0.1,0.26
s031,30,0,0.1,0.26
s031,30,1,0.1,0.24838709677419354
s031,30,2,0.1,0.22695652173913045
s031,30,3,0.1,0.2577777777777778
s031,30,4,0.1,0.2576
s031,30,5,0.1,0.265
s031,30,6,0.1,0.25261538461538463
s031,30,7,0.1,0.24307692307692308
s031,30,8,0.1,0.25526315789473686
s031,30,9,0.1,0.23
s031,1,0,0.2,0.24461538461538462
s031,20,0,0.2,0.25058823529411767
s031,20,1,0.2,0.2537142857142857
s031,20,2,0.2,0.25257142857142856
s031,20,3,0.2,0.2425
s031,20,4,0.2,0.2448
s031,20,5,0.2,0.2316666666666667
s031,20,6,0.2,0.2542857142857143
s031,20,7,0.2,0.2531428571428571
s031,20,8,0.2,0.25627906976744186
s031,20,9,0.2,0.2642553191489362
s031,30,0,0.2,0.2615384615384615
s031,30,1,0.2,0.2563157894736842
s031,30,2,0.2,0.23555555555555552
s031,30,3,0.2,0.26439024390243904
s031,30,4,0.2,0.25142857142857145
s031,30,5,0.2,0.26
s031,30,6,0.2,0.24326530612244895
s031,30,7,0.2,0.2458064516129032
s031,30,8,0.2,0.2523809523809524
s031,30,9,0.2,0.24285714285714285
s031,1,0,0.3,0.24451612903225806
s031,20,0,0.3,0.25555555555555554
s031,20,1,0.3,0.25548387096774194
s031,20,2,0.3,0.2577777777777778
s031,20,3,0.3,0.24562499999999998
s031,20,4,0.3,0.24571428571428572
s031,20,5,0.3,0.23741935483870968
s031,20,6,0.3,0.24972972972972973
s031,20,7,0.3,0.256
s031,20,8,0.3,0.2683333333333333
s031,20,9,0.3,0.2565217391304348
s031,30,0,0.3,0.2539130434782608
s031,30,1,0.3,0.2569230769230769
s031,30,2,0.3,0.25176470588235295
s031,30,3,0.3,0.2671428571428571
s031,30,4,0.3,0.25555555555555554
s031,30,5,0.3,0.25870967741935486
s031,30,6,0.3,0.2511111111111111
s031,30,7,0.3,0.25534883720930235
s031,30,8,0.3,0.255
s031,30,9,0.3,0.2421052631578947
s031,1,0,0.4,0.245
s031,20,0,0.4,0.25857142857142856
s031,20,1,0.4,0.26105263157894737
s031,20,2,0.4,0.2575
s031,20,3,0.4,0.252
s031,20,4,0.4,0.252
s031,20,5,0.4,0.24608695652173912
s031,20,6,0.4,0.24666666666666665
s031,20,7,0.4,0.26
s031,20,8,0.4,0.2672727272727273
s031,20,9,0.4,0.26
s031,30,0,0.4,0.24923076923076926
s031,30,1,0.4,0.26
s031,30,2,0.4,0.2569230769230769
s031,30,3,0.4,0.26896551724137935
s031,30,4,0.4,0.2648275862068966
s031,30,5,0.4,0.26086956521739135
s031,30,6,0.4,0.2578947368421053
s031,30,7,0.4,0.2615384615384615
s031,30,8,0.4,0.26
s031,30,9,0.4,0.244
s031,1,0,0.5,0.24153846153846154
s031,20,0,0.5,0.26
s031,20,1,0.5,0.27
s031,20,2,0.5,0.26142857142857145
s031,20,3,0.5,0.25
s031,20,4,0.5,0.2533333333333333
s031,20,5,0.5,0.2539393939393939
s031,20,6,0.5,0.2496774193548387
s031,20,7,0.5,0.2638709677419355
s031,20,8,0.5,0.2690909090909091
s031,20,9,0.5,0.26608695652173914
s031,30,0,0.5,0.2570588235294118
s031,30,1,0.5,0.2666666666666667
s031,30,2,0.5,0.26142857142857145
s031,30,3,0.5,0.2733333333333333
s031,30,4,0.5,0.2590909090909091
s031,30,5,0.5,0.26153846153846155
s031,30,6,0.5,0.2681818181818182
s031,30,7,0.5,0.2628571428571429
s031,30,8,0.5,0.26
s031,30,9,0.5,0.24
s031,1,0,0.6,0.24
s031,20,0,0.6,0.26
s031,20,1,0.6,0.27230769230769236
s031,20,2,0.6,0.2663157894736842
s031,20,3,0.6,0.25130434782608696
s031,20,4,0.6,0.2617391304347826
s031,20,5,0.6,0.2539130434782609
s031,20,6,0.6,0.25176470588235295
s031,20,7,0.6,0.27111111111111114
s031,20,8,0.6,0.264
s031,20,9,0.6,0.26842105263157895
s031,30,0,0.6,0.2606060606060606
s031,30,1,0.6,0.2647058823529412
s031,30,2,0.6,0.2646153846153846
s031,30,3,0.6,0.28159999999999996
s031,30,4,0.6,0.26
s031,30,5,0.6,0.2657142857142857
s031,30,6,0.6,0.27225806451612905
s031,30,7,0.6,0.26857142857142857
s031,30,8,0.6,0.26222222222222225
s031,30,9,0.6,0.23714285714285716
s031,1,0,0.7,0.24
s031,20,0,0.7,0.26222222222222225
s031,20,1,0.7,0.265
s031,20,2,0.7,0.26
s031,20,3,0.7,0.252
s031,20,4,0.7,0.264
s031,20,5,0.7,0.255
s031,20,6,0.7,0.255
s031,20,7,0.7,0.275
s031,20,8,0.7,0.26
s031,20,9,0.7,0.2670588235294118
s031,30,0,0.7,0.2615384615384615
s031,30,1,0.7,0.276
s031,30,2,0.7,0.28222222222222226
s031,30,3,0.7,0.2828571428571429
s031,30,4,0.7,0.2557142857142857
s031,30,5,0.7,0.2692307692307693
s031,30,6,0.7,0.2742857142857143
s031,30,7,0.7,0.26588235294117646
s031,30,8,0.7,0.26666666666666666
s031,30,9,0.7,0.24434782608695652
s031,1,0,0.8,0.24285714285714285
s031,20,0,0.8,0.268
s031,20,1,0.8,0.26210526315789473
s031,20,2,0.8,0.264
s031,20,3,0.8,0.2577777777777778
s031,20,4,0.8,0.264
s031,20,5,0.8,0.2533333333333333
s031,20,6,0.8,0.26
s031,20,7,0.8,0.27076923076923076
s031,20,8,0.8,0.264
s031,20,9,0.8,0.2617391304347826
s031,30,0,0.8,0.265
s031,30,1,0.8,0.2813333333333333
s031,30,2,0.8,0.28
s031,30,3,0.8,0.2857142857142857
s031,30,4,0.8,0.26
s031,30,5,0.8,0.2688888888888889
s031,30,6,0.8,0.27555555555555555
s031,30,7,0.8,0.265
s031,30,8,0.8,0.27076923076923076
s031,30,9,0.8,0.24888888888888888
s031,1,0,0.9,0.24444444444444444
s031,20,0,0.9,0.268
s031,20,1,0.9,0.264
s031,20,2,0.9,0.264
s031,20,3,0.9,0.2577777777777778
s031,20,4,0.9,0.264
s031,20,5,0.9,0.255
s031,20,6,0.9,0.26
s031,20,7,0.9,0.265
s031,20,8,0.9,0.265
s031,20,9,0.9,0.2661538461538462
s031,30,0,0.9,0.26
s031,30,1,0.9,0.2777777777777778
s031,30,2,0.9,0.2777777777777778
s031,30,3,0.9,0.2919999999999999
s031,30,4,0.9,0.264
s031,30,5,0.9,0.2688888888888889
s031,30,6,0.9,0.2733333333333333
s031,30,7,0.9,0.26499999999999996
s031,30,8,0.9,0.272
s031,30,9,0.9,0.24588235294117644
s031,1,0,1.0,0.245
s031,20,0,1.0,0.265
s031,20,1,1.0,0.26799999999999996
s031,20,2,1.0,0.26222222222222225
s031,20,3,1.0,0.256
s031,20,4,1.0,0.272
s031,20,5,1.0,0.255
s031,20,6,1.0,0.26
s031,20,7,1.0,0.264
s031,20,8,1.0,0.272
s031,20,9,1.0,0.27
s031,30,0,1.0,0.255
s031,30,1,1.0,0.2777777777777778
s031,30,2,1.0,0.28
s031,30,3,1.0,0.3
s031,30,4,1.0,0.268
s031,30,5,1.0,0.26500000000000007
s031,30,6,1.0,0.27
s031,30,7,1.0,0.252
s031,30,8,1.0,0.2749999999999999
s031,30,9,1.0,0.2447058823529412
s032,1,0,0.0,0.26832
s032,20,0,0.0,0.2717293233082707
s032,20,1,0.0,0.26895238095238094
s032,20,2,0.0,0.25366336633663367
s032,20,3,0.0,0.2571428571428571
s032,20,4,0.0,0.2695
s032,20,5,0.0,0.26195121951219513
s032,20,6,0.0,0.25915966386554623
s032,20,7,0.0,0.2627027027027027
s032,20,8,0.0,0.2712820512820513
s032,20,9,0.0,0.26537815126050424
s032,30,0,0.0,0.2642424242424243
s032,30,1,0.0,0.27632911392405063
s032,30,2,0.0,0.268
s032,30,3,0.0,0.2773913043478261
s032,30,4,0.0,0.28184873949579836
s032,30,5,0.0,0.26757142857142857
s032,30,6,0.0,0.28
s032,30,7,0.0,0.27649122807017545
s032,30,8,0.0,0.2676056338028169
s032,30,9,0.0,0.26125
s032,1,0,0.1,0.2644444444444445
s032,20,0,0.1,0.26125
s032,20,1,0.1,0.26202247191011235
s032,20,2,0.1,0.255
s032,20,3,0.1,0.2571428571428572
s032,20,4,0.1,0.2688888888888889
s032,20,5,0.1,0.2580952380952381
s032,20,6,0.1,0.254
s032,20,7,0.1,0.2578666666666667
s032,20,8,0.1,0.2733333333333333
s032,20,9,0.1,0.26560747663551404
s032,30,0,0.1,0.27008
s032,30,1,0.1,0.272436974789916
s032,30,2,0.1,0.2646153846153846
s032,30,3,0.1,0.2752577319587629
s032,30,4,0.1,0.27803921568627454
s032,30,5,0.1,0.26031496062992127
s032,30,6,0.1,0.2787596899224806
s032,30,7,0.1,0.2714942528735632
s032,30,8,0.1,0.27111111111111114
s032,30,9,0.1,0.2569747899159664
s032,1,0,0.2,0.2617857142857143
s032,20,0,0.2,0.2593023255813953
s032,20,1,0.2,0.27294117647058824
s032,20,2,0.2,0.25275862068965516
s032,20,3,0.2,0.25555555555555554
s032,20,4,0.2,0.2627272727272727
s032,20,5,0.2,0.256822429906542
s032,20,6,0.2,0.2562745098039216
s032,20,7,0.2,0.2643589743589744
s032,20,8,0.2,0.26842105263157895
s032,20,9,0.2,0.2641935483870968
s032,30,0,0.2,0.2644444444444444
s032,30,1,0.2,0.2817391304347826
s032,30,2,0.2,0.2645833333333333
s032,30,3,0.2,0.2711111111111111
s032,30,4,0.2,0.2772727272727273
s032,30,5,0.2,0.2590825688073395
s032,30,6,0.2,0.2832258064516129
s032,30,7,0.2,0.26426666666666665
s032,30,8,0.2,0.27384615384615385
s032,30,9,0.2,0.25306122448979596
s032,1,0,0.3,0.26677966101694917
s032,20,0,0.3,0.256
s032,20,1,0.3,0.25741176470588234
s032,20,2,0.3,0.24915254237288137
s032,20,3,0.3,0.2580952380952381
s032,20,4,0.3,0.25973684210526315
s032,20,5,0.3,0.25731343283582087
s032,20,6,0.3,0.25313131313131315
s032,20,7,0.3,0.26575342465753427
s032,20,8,0.3,0.26222222222222225
s032,20,9,0.3,0.26249999999999996
s032,30,0,0.3,0.26
s032,30,1,0.3,0.277
s032,30,2,0.3,0.26333333333333336
s032,30,3,0.3,0.26222222222222225
s032,30,4,0.3,0.2657831325301204
s032,30,5,0.3,0.25333333333333335
s032,30,6,0.3,0.2697142857142857
s032,30,7,0.3,0.2577777777777778
s032,30,8,0.3,0.27694915254237285
s032,30,9,0.3,0.2533333333333333
s032,1,0,0.4,0.2569230769230769
s032,20,0,0.4,0.25872340425531914
s032,20,1,0.4,0.2528571428571429
s032,20,2,0.4,0.2533333333333333
s032,20,3,0.4,0.26
s032,20,4,0.4,0.25659574468085106
s032,20,5,0.4,0.25555555555555554
s032,20,6,0.4,0.252
s032,20,7,0.4,0.2630769230769231
s032,20,8,0.4,0.26193548387096777
s032,20,9,0.4,0.27291139240506335
s032,30,0,0.4,0.25826086956521743
s032,30,1,0.4,0.26888888888888884
s032,30,2,0.4,0.2637037037037037
s032,30,3,0.4,0.2657142857142857
s032,30,4,0.4,0.26363636363636367
s032,30,5,0.4,0.2511764705882353
s032,30,6,0.4,0.27384615384615385
s032,30,7,0.4,0.2546938775510204
s032,30,8,0.4,0.2808
s032,30,9,0.4,0.25204819277108437
s032,1,0,0.5,0.26170212765957446
s032,20,0,0.5,0.26
s032,20,1,0.5,0.25435897435897437
s032,20,2,0.5,0.2501754385964913
s032,20,3,0.5,0.2643478260869565
s032,20,4,0.5,0.25636363636363635
s032,20,5,0.5,0.25515151515151513
s032,20,6,0.5,0.2523809523809524
s032,20,7,0.5,0.26535211267605635
s032,20,8,0.5,0.26125
s032,20,9,0.5,0.27116279069767446
s032,30,0,0.5,0.2577777777777778
s032,30,1,0.5,0.26625
s032,30,2,0.5,0.2611764705882353
s032,30,3,0.5,0.26
s032,30,4,0.5,0.25555555555555554
s032,30,5,0.5,0.2392452830188679
s032,30,6,0.5,0.2716216216216216
s032,30,7,0.5,0.2506896551724138
s032,30,8,0.5,0.2836363636363637
s032,30,9,0.5,0.26439024390243904
s032,1,0,0.6,0.26171428571428573
s032,20,0,0.6,0.2542857142857142
s032,20,1,0.6,0.2531707317073171
s032,20,2,0.6,0.24771929824561403
s032,20,3,0.6,0.264
s032,20,4,0.6,0.25846153846153846
s032,20,5,0.6,0.2525
s032,20,6,0.6,0.2516279069767442
s032,20,7,0.6,0.26181818181818184
s032,20,8,0.6,0.2581818181818182
s032,20,9,0.6,0.265
s032,30,0,0.6,0.26
s032,30,1,0.6,0.2634042553191489
s032,30,2,0.6,0.25796610169491524
s032,30,3,0.6,0.2553846153846154
s032,30,4,0.6,0.25953488372093025
s032,30,5,0.6,0.242972972972973
s032,30,6,0.6,0.26666666666666666
s032,30,7,0.6,0.25384615384615383
s032,30,8,0.6,0.2782608695652174
s032,30,9,0.6,0.25846153846153846
s032,1,0,0.7,0.2617857142857143
s032,20,0,0.7,0.25813953488372093
s032,20,1,0.7,0.2535483870967742
s032,20,2,0.7,0.2503225806451613
s032,20,3,0.7,0.2711111111111111
s032,20,4,0.7,0.26363636363636367
s032,20,5,0.7,0.24914285714285714
s032,20,6,0.7,0.2533333333333333
s032,20,7,0.7,0.2626666666666667
s032,20,8,0.7,0.254375
s032,20,9,0.7,0.2644444444444445
s032,30,0,0.7,0.26222222222222225
s032,30,1,0.7,0.2642857142857143
s032,30,2,0.7,0.26131147540983607
s032,30,3,0.7,0.2534883720930233
s032,30,4,0.7,0.25555555555555554
s032,30,5,0.7,0.24958333333333332
s032,30,6,0.7,0.26142857142857145
s032,30,7,0.7,0.26222222222222225
s032,30,8,0.7,0.2668571428571429
s032,30,9,0.7,0.2609090909090909
s032,1,0,0.8,0.2638095238095238
s032,20,0,0.8,0.26
s032,20,1,0.8,0.2548387096774194
s032,20,2,0.8,0.25384615384615383
s032,20,3,0.8,0.2777777777777778
s032,20,4,0.8,0.2728571428571429
s032,20,5,0.8,0.25555555555555554
s032,20,6,0.8,0.25176470588235295
s032,20,7,0.8,0.26631578947368423
s032,20,8,0.8,0.2609090909090909
s032,20,9,0.8,0.2634782608695652
s032,30,0,0.8,0.26571428571428574
s032,30,1,0.8,0.2644444444444445
s032,30,2,0.8,0.2658064516129032
s032,30,3,0.8,0.25333333333333335
s032,30,4,0.8,0.26
s032,30,5,0.8,0.2505263157894737
s032,30,6,0.8,0.264
s032,30,7,0.8,0.27
s032,30,8,0.8,0.2705263157894737
s032,30,9,0.8,0.25870967741935486
s032,1,0,0.9,0.2628571428571429
s032,20,0,0.9,0.26086956521739135
s032,20,1,0.9,0.26
s032,20,2,0.9,0.2557894736842105
s032,20,3,0.9,0.2754545454545455
s032,20,4,0.9,0.2688888888888889
s032,20,5,0.9,0.26
s032,20,6,0.9,0.2533333333333333
s032,20,7,0.9,0.2671428571428571
s032,20,8,0.9,0.2692307692307693
s032,20,9,0.9,0.2671428571428571
s032,30,0,0.9,0.27
s032,30,1,0.9,0.268
s032,30,2,0.9,0.2630769230769231
s032,30,3,0.9,0.24769230769230768
s032,30,4,0.9,0.26
s032,30,5,0.9,0.24916666666666665
s032,30,6,0.9,0.26
s032,30,7,0.9,0.2713333333333333
s032,30,8,0.9,0.27555555555555555
s032,30,9,0.9,0.255
s032,1,0,1.0,0.272
s032,20,0,1.0,0.255
s032,20,1,1.0,0.26
s032,20,2,1.0,0.2542857142857142
s032,20,3,1.0,0.275
s032,20,4,1.0,0.272
s032,20,5,1.0,0.26
s032,20,6,1.0,0.24799999999999997
s032,20,7,1.0,0.2644444444444445
s032,20,8,1.0,0.27599999999999997
s032,20,9,1.0,0.264
s032,30,0,1.0,0.27111111111111114
s032,30,1,1.0,0.27
s032,30,2,1.0,0.26
s032,30,3,1.0,0.25
s032,30,4,1.0,0.26
s032,30,5,1.0,0.252
s032,30,6,1.0,0.2657142857142858
s032,30,7,1.0,0.2733333333333334
s032,30,8,1.0,0.27
s032,30,9,1.0,0.256
s033,1,0,0.0,0.2181818181818182
s033,20,0,0.0,0.214
s033,20,1,0.0,0.2153846153846154
s033,20,2,0.0,0.212
s033,20,3,0.0,0.2152
s033,20,4,0.0,0.2018181818181818
s033,20,5,0.0,0.22689655172413792
s033,20,6,0.0,0.2169230769230769
s033,20,7,0.0,0.22666666666666668
s033,20,8,0.0,0.21314285714285713
s033,20,9,0.0,0.22
s033,30,0,0.0,0.2
s033,30,1,0.0,0.2154054054054054
s033,30,2,0.0,0.2172549019607843
s033,30,3,0.0,0.22097560975609754
s033,30,4,0.0,0.19836065573770495
s033,30,5,0.0,0.21
s033,30,6,0.0,0.22035087719298246
s033,30,7,0.0,0.22923076923076924
s033,30,8,0.0,0.22341463414634144
s033,30,9,0.0,0.2123076923076923
s033,1,0,0.1,0.20609756097560974
s033,20,0,0.1,0.20444444444444446
s033,20,1,0.1,0.2128358208955224
s033,20,2,0.1,0.2
s033,20,3,0.1,0.2121311475409836
s033,20,4,0.1,0.18732394366197183
s033,20,5,0.1,0.2177777777777778
s033,20,6,0.1,0.2111111111111111
s033,20,7,0.1,0.20903225806451614
s033,20,8,0.1,0.20666666666666667
s033,20,9,0.1,0.21047619047619048
s033,30,0,0.1,0.18472727272727274
s033,30,1,0.1,0.2051851851851852
s033,30,2,0.1,0.21642857142857144
s033,30,3,0.1,0.20346666666666668
s033,30,4,0.1,0.19123595505617974
s033,30,5,0.1,0.20266666666666666
s033,30,6,0.1,0.2123076923076923
s033,30,7,0.1,0.21793103448275863
s033,30,8,0.1,0.21714285714285714
s033,30,9,0.1,0.20666666666666667
s033,1,0,0.2,0.1948936170212766
s033,20,0,0.2,0.20124999999999998
s033,20,1,0.2,0.2
s033,20,2,0.2,0.18894736842105264
s033,20,3,0.2,0.20553191489361702
s033,20,4,0.2,0.1824390243902439
s033,20,5,0.2,0.20285714285714285
s033,20,6,0.2,0.1926530612244898
s033,20,7,0.2,0.20124999999999998
s033,20,8,0.2,0.19164556962025317
s033,20,9,0.2,0.2
s033,30,0,0.2,0.1775
s033,30,1,0.2,0.20095238095238097
s033,30,2,0.2,0.21134328358208954
s033,30,3,0.2,0.2
s033,30,4,0.2,0.18153846153846154
s033,30,5,0.2,0.19868852459016392
s033,30,6,0.2,0.20500000000000002
s033,30,7,0.2,0.21066666666666667
s033,30,8,0.2,0.20800000000000002
s033,30,9,0.2,0.21056603773584903
s033,1,0,0.3,0.18352941176470589
s033,20,0,0.3,0.19052631578947368
s033,20,1,0.3,0.19176470588235295
s033,20,2,0.3,0.18301886792452832
s033,20,3,0.3,0.19755102040816327
s033,20,4,0.3,0.17935483870967742
s033,20,5,0.3,0.20666666666666667
s033,20,6,0.3,0.19272727272727275
s033,20,7,0.3,0.19548387096774195
s033,20,8,0.3,0.18222222222222223
s033,20,9,0.3,0.19116279069767442
s033,30,0,0.3,0.1672727272727273
s033,30,1,0.3,0.19049180327868853
s033,30,2,0.3,0.20153846153846156
s033,30,3,0.3,0.2
s033,30,4,0.3,0.17343283582089553
s033,30,5,0.3,0.1878688524590164
s033,30,6,0.3,0.20687499999999998
s033,30,7,0.3,0.20214285714285715
s033,30,8,0.3,0.2033333333333333
s033,30,9,0.3,0.19846153846153847
s033,1,0,0.4,0.17294117647058824
s033,20,0,0.4,0.18444444444444444
s033,20,1,0.4,0.18588235294117647
s033,20,2,0.4,0.182
s033,20,3,0.4,0.19209302325581395
s033,20,4,0.4,0.17517241379310344
s033,20,5,0.4,0.19692307692307692
s033,20,6,0.4,0.1836
s033,20,7,0.4,0.1848
s033,20,8,0.4,0.18272727272727274
s033,20,9,0.4,0.18769230769230769
s033,30,0,0.4,0.16181818181818183
s033,30,1,0.4,0.1764
s033,30,2,0.4,0.19414634146341464
s033,30,3,0.4,0.1885
s033,30,4,0.4,0.17891891891891892
s033,30,5,0.4,0.18
s033,30,6,0.4,0.20444444444444443
s033,30,7,0.4,0.19571428571428573
s033,30,8,0.4,0.2017391304347826
s033,30,9,0.4,0.19428571428571428
s033,1,0,0.5,0.17
s033,20,0,0.5,0.18545454545454548
s033,20,1,0.5,0.17727272727272725
s033,20,2,0.5,0.18
s033,20,3,0.5,0.18153846153846154
s033,20,4,0.5,0.17018867924528303
s033,20,5,0.5,0.1904
s033,20,6,0.5,0.17764705882352944
s033,20,7,0.5,0.18146341463414634
s033,20,8,0.5,0.1785
s033,20,9,0.5,0.17875000000000002
s033,30,0,0.5,0.16
s033,30,1,0.5,0.16782608695652174
s033,30,2,0.5,0.1923076923076923
s033,30,3,0.5,0.18774193548387097
s033,30,4,0.5,0.1835
s033,30,5,0.5,0.17333333333333334
s033,30,6,0.5,0.20636363636363636
s033,30,7,0.5,0.17945945945945946
s033,30,8,0.5,0.193125
s033,30,9,0.5,0.18428571428571427
s033,1,0,0.6,0.1676190476190476
s033,20,0,0.6,0.18142857142857144
s033,20,1,0.6,0.16952380952380952
s033,20,2,0.6,0.17411764705882352
s033,20,3,0.6,0.1724137931034483
s033,20,4,0.6,0.16382978723404257
s033,20,5,0.6,0.18545454545454546
s033,20,6,0.6,0.17384615384615384
s033,20,7,0.6,0.17727272727272725
s033,20,8,0.6,0.17391304347826086
s033,20,9,0.6,0.17538461538461536
s033,30,0,0.6,0.15902439024390244
s033,30,1,0.6,0.17272727272727273
s033,30,2,0.6,0.1826086956521739
s033,30,3,0.6,0.19
s033,30,4,0.6,0.17551020408163265
s033,30,5,0.6,0.16888888888888887
s033,30,6,0.6,0.203030303030303
s033,30,7,0.6,0.17777777777777776
s033,30,8,0.6,0.18769230769230769
s033,30,9,0.6,0.18
s033,1,0,0.7,0.16999999999999998
s033,20,0,0.7,0.178125
s033,20,1,0.7,0.16482758620689653
s033,20,2,0.7,0.1782608695652174
s033,20,3,0.7,0.17
s033,20,4,0.7,0.16
s033,20,5,0.7,0.18639999999999998
s033,20,6,0.7,0.18153846153846154
s033,20,7,0.7,0.1784
s033,20,8,0.7,0.17619047619047618
s033,20,9,0.7,0.17548387096774193
s033,30,0,0.7,0.1622222222222222
s033,30,1,0.7,0.17545454545454545
s033,30,2,0.7,0.18159999999999998
s033,30,3,0.7,0.1973913043478261
s033,30,4,0.7,0.17333333333333334
s033,30,5,0.7,0.1769230769230769
s033,30,6,0.7,0.19846153846153847
s033,30,7,0.7,0.18352941176470589
s033,30,8,0.7,0.18
s033,30,9,0.7,0.18
s033,1,0,0.8,0.17
s033,20,0,0.8,0.175
s033,20,1,0.8,0.1619047619047619
s033,20,2,0.8,0.182
s033,20,3,0.8,0.172
s033,20,4,0.8,0.16444444444444445
s033,20,5,0.8,0.18
s033,20,6,0.8,0.185
s033,20,7,0.8,0.1758333333333333
s033,20,8,0.8,0.18
s033,20,9,0.8,0.1711111111111111
s033,30,0,0.8,0.16636363636363638
s033,30,1,0.8,0.18588235294117647
s033,30,2,0.8,0.1704761904761905
s033,30,3,0.8,0.19500000000000003
s033,30,4,0.8,0.185
s033,30,5,0.8,0.17555555555555555
s033,30,6,0.8,0.192
s033,30,7,0.8,0.19076923076923077
s033,30,8,0.8,0.18666666666666668
s033,30,9,0.8,0.1926315789473684
s033,1,0,0.9,0.168
s033,20,0,0.9,0.17857142857142858
s033,20,1,0.9,0.16000000000000003
s033,20,2,0.9,0.18454545454545454
s033,20,3,0.9,0.1711111111111111
s033,20,4,0.9,0.16999999999999998
s033,20,5,0.9,0.18
s033,20,6,0.9,0.19
s033,20,7,0.9,0.17777777777777776
s033,20,8,0.9,0.175
s033,20,9,0.9,0.17599999999999996
s033,30,0,0.9,0.17846153846153845
s033,30,1,0.9,0.19538461538461538
s033,30,2,0.9,0.17142857142857143
s033,30,3,0.9,0.196
s033,30,4,0.9,0.1838095238095238
s033,30,5,0.9,0.18
s033,30,6,0.9,0.20121212121212118
s033,30,7,0.9,0.195
s033,30,8,0.9,0.19
s033,30,9,0.9,0.19142857142857145
s033,1,0,1.0,0.16799999999999998
s033,20,0,1.0,0.18
s033,20,1,1.0,0.1685714285714286
s033,20,2,1.0,0.19500000000000006
s033,20,3,1.0,0.18
s033,20,4,1.0,0.18444444444444447
s033,20,5,1.0,0.184
s033,20,6,1.0,0.196
s033,20,7,1.0,0.16999999999999998
s033,20,8,1.0,0.17555555555555552
s033,20,9,1.0,0.18444444444444447
s033,30,0,1.0,0.18
s033,30,1,1.0,0.2
s033,30,2,1.0,0.16999999999999998
s033,30,3,1.0,0.20800000000000002
s033,30,4,1.0,0.19499999999999995
s033,30,5,1.0,0.17777777777777776
s033,30,6,1.0,0.2088888888888889
s033,30,7,1.0,0.188
s033,30,8,1.0,0.195
s033,30,9,1.0,0.19599999999999995
s034,1,0,0.0,0.19636363636363635
s034,20,0,0.0,0.2
s034,20,1,0.0,0.20636363636363636
s034,20,2,0.0,0.18981132075471696
s034,20,3,0.0,0.19609756097560976
s034,20,4,0.0,0.20985074626865674
s034,20,5,0.0,0.19846153846153847
s034,20,6,0.0,0.1896551724137931
s034,20,7,0.0,0.19627118644067798
s034,20,8,0.0,0.19538461538461538
s034,20,9,0.0,0.18705882352941178
s034,30,0,0.0,0.20266666666666666
s034,30,1,0.0,0.2072463768115942
s034,30,2,0.0,0.21275862068965518
s034,30,3,0.0,0.2135185185185185
s034,30,4,0.0,0.20588235294117646
s034,30,5,0.0,0.21333333333333332
s034,30,6,0.0,0.2076595744680851
s034,30,7,0.0,0.19777777777777777
s034,30,8,0.0,0.19395348837209303
s034,30,9,0.0,0.19580645161290322
s034,1,0,0.1,0.18823529411764706
s034,20,0,0.1,0.19696969696969696
s034,20,1,0.1,0.18866666666666665
s034,20,2,0.1,0.17661016949152541
s034,20,3,0.1,0.18
s034,20,4,0.1,0.20142857142857143
s034,20,5,0.1,0.19142857142857145
s034,20,6,0.1,0.19047619047619047
s034,20,7,0.1,0.18666666666666668
s034,20,8,0.1,0.1824
s034,20,9,0.1,0.1775
s034,30,0,0.1,0.19652173913043477
s034,30,1,0.1,0.2
s034,30,2,0.1,0.201
s034,30,3,0.1,0.19943661971830984
s034,30,4,0.1,0.19111111111111112
s034,30,5,0.1,0.20782608695652172
s034,30,6,0.1,0.19793103448275862
s034,30,7,0.1,0.19098039215686274
s034,30,8,0.1,0.192
s034,30,9,0.1,0.18945454545454546
s034,1,0,0.2,0.18
s034,20,0,0.2,0.19428571428571428
s034,20,1,0.2,0.18461538461538463
s034,20,2,0.2,0.16949999999999998
s034,20,3,0.2,0.17619047619047618
s034,20,4,0.2,0.1905
s034,20,5,0.2,0.18952380952380954
s034,20,6,0.2,0.18761904761904763
s034,20,7,0.2,0.17652173913043478
s034,20,8,0.2,0.18333333333333335
s034,20,9,0.2,0.16791666666666666
s034,30,0,0.2,0.18666666666666665
s034,30,1,0.2,0.19714285714285712
s034,30,2,0.2,0.1936842105263158
s034,30,3,0.2,0.19130434782608696
s034,30,4,0.2,0.18413793103448275
s034,30,5,0.2,0.20206896551724138
s034,30,6,0.2,0.18666666666666665
s034,30,7,0.2,0.1773913043478261
s034,30,8,0.2,0.18769230769230769
s034,30,9,0.2,0.18
s034,1,0,0.3,0.17526315789473684
s034,20,0,0.3,0.19083333333333333
s034,20,1,0.3,0.17791666666666667
s034,20,2,0.3,0.17063829787234042
s034,20,3,0.3,0.17172413793103447
s034,20,4,0.3,0.17510204081632652
s034,20,5,0.3,0.18923076923076923
s034,20,6,0.3,0.1844
s034,20,7,0.3,0.16612244897959183
s034,20,8,0.3,0.18
s034,20,9,0.3,0.1627586206896552
s034,30,0,0.3,0.17485714285714288
s034,30,1,0.3,0.18636363636363637
s034,30,2,0.3,0.18222222222222223
s034,30,3,0.3,0.18521739130434783
s034,30,4,0.3,0.17414634146341462
s034,30,5,0.3,0.19333333333333333
s034,30,6,0.3,0.18292682926829268
s034,30,7,0.3,0.1723076923076923
s034,30,8,0.3,0.17759999999999998
s034,30,9,0.3,0.17625000000000002
s034,1,0,0.4,0.16466666666666668
s034,20,0,0.4,0.1697560975609756
s034,20,1,0.4,0.1763157894736842
s034,20,2,0.4,0.16636363636363638
s034,20,3,0.4,0.17
s034,20,4,0.4,0.166875
s034,20,5,0.4,0.17933333333333334
s034,20,6,0.4,0.1720754716981132
s034,20,7,0.4,0.15857142857142859
s034,20,8,0.4,0.17266666666666666
s034,20,9,0.4,0.1552941176470588
s034,30,0,0.4,0.171875
s034,30,1,0.4,0.18086956521739128
s034,30,2,0.4,0.17806451612903224
s034,30,3,0.4,0.1829787234042553
s034,30,4,0.4,0.1725
s034,30,5,0.4,0.18666666666666668
s034,30,6,0.4,0.18222222222222223
s034,30,7,0.4,0.1716666666666667
s034,30,8,0.4,0.17263157894736844
s034,30,9,0.4,0.17058823529411765
s034,1,0,0.5,0.155625
s034,20,0,0.5,0.15846153846153846
s034,20,1,0.5,0.17333333333333334
s034,20,2,0.5,0.15904761904761905
s034,20,3,0.5,0.16999999999999998
s034,20,4,0.5,0.1663157894736842
s034,20,5,0.5,0.17411764705882352
s034,20,6,0.5,0.16090909090909092
s034,20,7,0.5,0.1497297297297297
s034,20,8,0.5,0.16666666666666669
s034,20,9,0.5,0.1528
s034,30,0,0.5,0.17
s034,30,1,0.5,0.17739130434782607
s034,30,2,0.5,0.17470588235294116
s034,30,3,0.5,0.17846153846153845
s034,30,4,0.5,0.16363636363636364
s034,30,5,0.5,0.1835
s034,30,6,0.5,0.1753333333333333
s034,30,7,0.5,0.17172413793103447
s034,30,8,0.5,0.164
s034,30,9,0.5,0.1697142857142857
s034,1,0,0.6,0.15
s034,20,0,0.6,0.15391304347826085
s034,20,1,0.6,0.16583333333333333
s034,20,2,0.6,0.16428571428571428
s034,20,3,0.6,0.17076923076923078
s034,20,4,0.6,0.15714285714285714
s034,20,5,0.6,0.16
s034,20,6,0.6,0.1610526315789474
s034,20,7,0.6,0.1431578947368421
s034,20,8,0.6,0.1588235294117647
s034,20,9,0.6,0.15555555555555556
s034,30,0,0.6,0.16923076923076924
s034,30,1,0.6,0.16454545454545455
s034,30,2,0.6,0.1685714285714286
s034,30,3,0.6,0.18
s034,30,4,0.6,0.16444444444444445
s034,30,5,0.6,0.18142857142857144
s034,30,6,0.6,0.17304347826086955
s034,30,7,0.6,0.1657142857142857
s034,30,8,0.6,0.16
s034,30,9,0.6,0.16125
s034,1,0,0.7,0.1553846153846154
s034,20,0,0.7,0.15599999999999997
s034,20,1,0.7,0.16222222222222224
s034,20,2,0.7,0.1523076923076923
s034,20,3,0.7,0.1711111111111111
s034,20,4,0.7,0.156
s034,20,5,0.7,0.155
s034,20,6,0.7,0.15523809523809523
s034,20,7,0.7,0.14
s034,20,8,0.7,0.15714285714285714
s034,20,9,0.7,0.15142857142857144
s034,30,0,0.7,0.16666666666666669
s034,30,1,0.7,0.1622222222222222
s034,30,2,0.7,0.16615384615384615
s034,30,3,0.7,0.172
s034,30,4,0.7,0.15217391304347827
s034,30,5,0.7,0.17904761904761904
s034,30,6,0.7,0.16608695652173913
s034,30,7,0.7,0.1657142857142857
s034,30,8,0.7,0.16153846153846155
s034,30,9,0.7,0.15411764705882353
s034,1,0,0.8,0.15285714285714286
s034,20,0,0.8,0.16
s034,20,1,0.8,0.16400000000000003
s034,20,2,0.8,0.15000000000000002
s034,20,3,0.8,0.168
s034,20,4,0.8,0.15555555555555556
s034,20,5,0.8,0.15599999999999997
s034,20,6,0.8,0.155
s034,20,7,0.8,0.14
s034,20,8,0.8,0.15913043478260872
s034,20,9,0.8,0.152
s034,30,0,0.8,0.16000000000000003
s034,30,1,0.8,0.16
s034,30,2,0.8,0.16285714285714284
s034,30,3,0.8,0.16888888888888887
s034,30,4,0.8,0.14315789473684212
s034,30,5,0.8,0.16818181818181815
s034,30,6,0.8,0.168
s034,30,7,0.8,0.16571428571428573
s034,30,8,0.8,0.15478260869565216
s034,30,9,0.8,0.1514285714285714
s034,1,0,0.9,0.14499999999999996
s034,20,0,0.9,0.16
s034,20,1,0.9,0.16
s034,20,2,0.9,0.14222222222222222
s034,20,3,0.9,0.16
s034,20,4,0.9,0.15200000000000002
s034,20,5,0.9,0.1523076923076923
s034,20,6,0.9,0.15000000000000002
s034,20,7,0.9,0.14222222222222222
s034,20,8,0.9,0.1553846153846154
s034,20,9,0.9,0.15333333333333332
s034,30,0,0.9,0.16
s034,30,1,0.9,0.1622222222222222
s034,30,2,0.9,0.164
s034,30,3,0.9,0.16571428571428576
s034,30,4,0.9,0.14153846153846156
s034,30,5,0.9,0.16
s034,30,6,0.9,0.16499999999999998
s034,30,7,0.9,0.16500000000000004
s034,30,8,0.9,0.15
s034,30,9,0.9,0.15499999999999997
s034,1,0,1.0,0.15
s034,20,0,1.0,0.16
s034,20,1,1.0,0.155
s034,20,2,1.0,0.14
s034,20,3,1.0,0.156
s034,20,4,1.0,0.14799999999999996
s034,20,5,1.0,0.15200000000000005
s034,20,6,1.0,0.14399999999999996
s034,20,7,1.0,0.1359999999999999
s034,20,8,1.0,0.15599999999999997
s034,20,9,1.0,0.15500000000000005
s034,30,0,1.0,0.16000000000000014
s034,30,1,1.0,0.16222222222222224
s034,30,2,1.0,0.168
s034,30,3,1.0,0.16857142857142854
s034,30,4,1.0,0.145
s034,30,5,1.0,0.16
s034,30,6,1.0,0.16400000000000006
s034,30,7,1.0,0.16
s034,30,8,1.0,0.152
s034,30,9,1.0,0.155
s035,1,0,0.0,0.11245283018867924
s035,20,0,0.0,0.12226415094339624
s035,20,1,0.0,0.11714285714285713
s035,20,2,0.0,0.12378378378378377
s035,20,3,0.0,0.1291891891891892
s035,20,4,0.0,0.13225806451612904
s035,20,5,0.0,0.12666666666666668
s035,20,6,0.0,0.13773584905660377
s035,20,7,0.0,0.12390243902439024
s035,20,8,0.0,0.13166666666666665
s035,20,9,0.0,0.13963636363636364
s035,30,0,0.0,0.13777777777777778
s035,30,1,0.0,0.1545
s035,30,2,0.0,0.13411764705882354
s035,30,3,0.0,0.13538461538461538
s035,30,4,0.0,0.12941176470588237
s035,30,5,0.0,0.14
s035,30,6,0.0,0.15400000000000003
s035,30,7,0.0,0.14340425531914894
s035,30,8,0.0,0.1394202898550725
s035,30,9,0.0,0.13263157894736843
s035,1,0,0.1,0.10923076923076924
s035,20,0,0.1,0.11428571428571428
s035,20,1,0.1,0.11774647887323943
s035,20,2,0.1,0.1290909090909091
s035,20,3,0.1,0.12727272727272726
s035,20,4,0.1,0.13535714285714284
s035,20,5,0.1,0.12923076923076923
s035,20,6,0.1,0.13714285714285715
s035,20,7,0.1,0.11818181818181818
s035,20,8,0.1,0.1335
s035,20,9,0.1,0.13818181818181818
s035,30,0,0.1,0.1355
s035,30,1,0.1,0.1474666666666667
s035,30,2,0.1,0.13272727272727275
s035,30,3,0.1,0.13291666666666666
s035,30,4,0.1,0.1325581395348837
s035,30,5,0.1,0.14545454545454545
s035,30,6,0.1,0.15636363636363637
s035,30,7,0.1,0.14
s035,30,8,0.1,0.13647058823529412
s035,30,9,0.1,0.12833333333333333
s035,1,0,0.2,0.11473684210526316
s035,20,0,0.2,0.12066666666666667
s035,20,1,0.2,0.11853658536585365
s035,20,2,0.2,0.13052631578947368
s035,20,3,0.2,0.12791666666666668
s035,20,4,0.2,0.1333333333333333
s035,20,5,0.2,0.12645161290322582
s035,20,6,0.2,0.13891891891891894
s035,20,7,0.2,0.11924528301886793
s035,20,8,0.2,0.1288888888888889
s035,20,9,0.2,0.13755102040816328
s035,30,0,0.2,0.1311864406779661
s035,30,1,0.2,0.14222222222222222
s035,30,2,0.2,0.12838709677419355
s035,30,3,0.2,0.13066666666666665
s035,30,4,0.2,0.13047619047619047
s035,30,5,0.2,0.14615384615384613
s035,30,6,0.2,0.15294117647058825
s035,30,7,0.2,0.13869565217391305
s035,30,8,0.2,0.13302325581395347
s035,30,9,0.2,0.1281081081081081
s035,1,0,0.3,0.11333333333333334
s035,20,0,0.3,0.12097560975609756
s035,20,1,0.3,0.12
s035,20,2,0.3,0.12771929824561404
s035,20,3,0.3,0.1272
s035,20,4,0.3,0.12285714285714286
s035,20,5,0.3,0.1249056603773585
s035,20,6,0.3,0.13454545454545455
s035,20,7,0.3,0.11545454545454546
s035,20,8,0.3,0.1328
s035,20,9,0.3,0.13142857142857145
s035,30,0,0.3,0.128
s035,30,1,0.3,0.14
s035,30,2,0.3,0.1269565217391304
s035,30,3,0.3,0.13161290322580643
s035,30,4,0.3,0.13111111111111112
s035,30,5,0.3,0.14
s035,30,6,0.3,0.15063829787234045
s035,30,7,0.3,0.1375609756097561
s035,30,8,0.3,0.13818181818181818
s035,30,9,0.3,0.12363636363636364
s035,1,0,0.4,0.114
s035,20,0,0.4,0.11724137931034484
s035,20,1,0.4,0.12
s035,20,2,0.4,0.13384615384615386
s035,20,3,0.4,0.1264
s035,20,4,0.4,0.12454545454545454
s035,20,5,0.4,0.12266666666666667
s035,20,6,0.4,0.13142857142857145
s035,20,7,0.4,0.11760000000000001
s035,20,8,0.4,0.12971428571428573
s035,20,9,0.4,0.128125
s035,30,0,0.4,0.13272727272727275
s035,30,1,0.4,0.14
s035,30,2,0.4,0.13020408163265307
s035,30,3,0.4,0.13777777777777778
s035,30,4,0.4,0.12941176470588234
s035,30,5,0.4,0.14
s035,30,6,0.4,0.14878048780487804
s035,30,7,0.4,0.13547169811320756
s035,30,8,0.4,0.1435294117647059
s035,30,9,0.4,0.13111111111111112
s035,1,0,0.5,0.1211764705882353
s035,20,0,0.5,0.1186206896551724
s035,20,1,0.5,0.12666666666666665
s035,20,2,0.5,0.13384615384615384
s035,20,3,0.5,0.1290909090909091
s035,20,4,0.5,0.12375
s035,20,5,0.5,0.12444444444444444
s035,20,6,0.5,0.13263157894736843
s035,20,7,0.5,0.12342857142857143
s035,20,8,0.5,0.13111111111111112
s035,20,9,0.5,0.128125
s035,30,0,0.5,0.1288888888888889
s035,30,1,0.5,0.1355
s035,30,2,0.5,0.13111111111111112
s035,30,3,0.5,0.14153846153846156
s035,30,4,0.5,0.13
s035,30,5,0.5,0.13957446808510637
s035,30,6,0.5,0.1552542372881356
s035,30,7,0.5,0.14981132075471698
s035,30,8,0.5,0.14
s035,30,9,0.5,0.13411764705882354
s035,1,0,0.6,0.12086956521739131
s035,20,0,0.6,0.13120000000000004
s035,20,1,0.6,0.13090909090909092
s035,20,2,0.6,0.13666666666666666
s035,20,3,0.6,0.13529411764705884
s035,20,4,0.6,0.12294117647058825
s035,20,5,0.6,0.128
s035,20,6,0.6,0.13757575757575757
s035,20,7,0.6,0.12941176470588234
s035,20,8,0.6,0.1430769230769231
s035,20,9,0.6,0.1359183673469388
s035,30,0,0.6,0.13285714285714287
s035,30,1,0.6,0.1455813953488372
s035,30,2,0.6,0.1362162162162162
s035,30,3,0.6,0.1488888888888889
s035,30,4,0.6,0.1305
s035,30,5,0.6,0.13428571428571429
s035,30,6,0.6,0.15161290322580645
s035,30,7,0.6,0.14823529411764705
s035,30,8,0.6,0.14416666666666667
s035,30,9,0.6,0.14451612903225808
s035,1,0,0.7,0.13052631578947368
s035,20,0,0.7,0.14380952380952383
s035,20,1,0.7,0.152
s035,20,2,0.7,0.1472
s035,20,3,0.7,0.145
s035,20,4,0.7,0.13818181818181818
s035,20,5,0.7,0.138
s035,20,6,0.7,0.14444444444444443
s035,20,7,0.7,0.141875
s035,20,8,0.7,0.14888888888888888
s035,20,9,0.7,0.14612244897959184
s035,30,0,0.7,0.12756756756756757
s035,30,1,0.7,0.15379310344827588
s035,30,2,0.7,0.144
s035,30,3,0.7,0.1514285714285714
s035,30,4,0.7,0.13777777777777778
s035,30,5,0.7,0.14
s035,30,6,0.7,0.15578947368421053
s035,30,7,0.7,0.15454545454545454
s035,30,8,0.7,0.14521739130434783
s035,30,9,0.7,0.14615384615384616
s035,1,0,0.8,0.14666666666666667
s035,20,0,0.8,0.15111111111111108
s035,20,1,0.8,0.16714285714285715
s035,20,2,0.8,0.15677419354838712
s035,20,3,0.8,0.15368421052631578
s035,20,4,0.8,0.15200000000000002
s035,20,5,0.8,0.14941176470588236
s035,20,6,0.8,0.14923076923076922
s035,20,7,0.8,0.14888888888888888
s035,20,8,0.8,0.1591304347826087
s035,20,9,0.8,0.16
s035,30,0,0.8,0.13
s035,30,1,0.8,0.15647058823529414
s035,30,2,0.8,0.1514285714285714
s035,30,3,0.8,0.16
s035,30,4,0.8,0.1511111111111111
s035,30,5,0.8,0.14153846153846156
s035,30,6,0.8,0.16756756756756758
s035,30,7,0.8,0.1676923076923077
s035,30,8,0.8,0.15250000000000002
s035,30,9,0.8,0.16
s035,1,0,0.9,0.1623529411764706
s035,20,0,0.9,0.16666666666666669
s035,20,1,0.9,0.18857142857142856
s035,20,2,0.9,0.16999999999999998
s035,20,3,0.9,0.16947368421052628
s035,20,4,0.9,0.1623529411764706
s035,20,5,0.9,0.1688888888888889
s035,20,6,0.9,0.1608695652173913
s035,20,7,0.9,0.15500000000000003
s035,20,8,0.9,0.16666666666666669
s035,20,9,0.9,0.1752941176470588
s035,30,0,0.9,0.16090909090909092
s035,30,1,0.9,0.16285714285714287
s035,30,2,0.9,0.16444444444444445
s035,30,3,0.9,0.16666666666666666
s035,30,4,0.9,0.16999999999999998
s035,30,5,0.9,0.15200000000000002
s035,30,6,0.9,0.17142857142857146
s035,30,7,0.9,0.1682352941176471
s035,30,8,0.9,0.1622222222222222
s035,30,9,0.9,0.17076923076923078
s035,1,0,1.0,0.172
s035,20,0,1.0,0.18399999999999997
s035,20,1,1.0,0.19599999999999995
s035,20,2,1.0,0.18
s035,20,3,1.0,0.17333333333333334
s035,20,4,1.0,0.16800000000000004
s035,20,5,1.0,0.184
s035,20,6,1.0,0.18399999999999994
s035,20,7,1.0,0.16499999999999995
s035,20,8,1.0,0.17555555555555552
s035,20,9,1.0,0.19111111111111112
s035,30,0,1.0,0.17199999999999993
s035,30,1,1.0,0.17600000000000005
s035,30,2,1.0,0.18
s035,30,3,1.0,0.17199999999999993
s035,30,4,1.0,0.19
s035,30,5,1.0,0.15499999999999994
s035,30,6,1.0,0.1880000000000001
s035,30,7,1.0,0.17333333333333334
s035,30,8,1.0,0.18400000000000002
s035,30,9,1.0,0.18799999999999997
s036,1,0,0.0,0.015
s036,20,0,0.0,0.02
s036,20,1,0.0,0.011999999999999997
s036,20,2,0.0,0.016
s036,20,3,0.0,0.016923076923076923
s036,20,4,0.0,0.02
s036,20,5,0.0,0.017142857142857147
s036,20,6,0.0,0.01111111111111111
s036,20,7,0.0,0.012
s036,20,8,0.0,0.025
s036,20,9,0.0,0.02
s036,30,0,0.0,0.024
s036,30,1,0.0,0.036
s036,30,2,0.0,0.024999999999999994
s036,30,3,0.0,0.027368421052631577
s036,30,4,0.0,0.03
s036,30,5,0.0,0.029999999999999985
s036,30,6,0.0,0.027999999999999997
s036,30,7,0.0,0.028888888888888888
s036,30,8,0.0,0.027142857142857142
s036,30,9,0.0,0.02799999999999999
s036,1,0,0.1,0.011999999999999995
s036,20,0,0.1,0.015555555555555555
s036,20,1,0.1,0.011999999999999997
s036,20,2,0.1,0.016
s036,20,3,0.1,0.011999999999999993
s036,20,4,0.1,0.017777777777777774
s036,20,5,0.1,0.015999999999999993
s036,20,6,0.1,0.01
s036,20,7,0.1,0.011999999999999997
s036,20,8,0.1,0.02222222222222222
s036,20,9,0.1,0.018571428571428565
s036,30,0,0.1,0.024000000000000004
s036,30,1,0.1,0.035
s036,30,2,0.1,0.024000000000000018
s036,30,3,0.1,0.02888888888888889
s036,30,4,0.1,0.028888888888888888
s036,30,5,0.1,0.025
s036,30,6,0.1,0.028
s036,30,7,0.1,0.024444444444444446
s036,30,8,0.1,0.024444444444444446
s036,30,9,0.1,0.027999999999999997
s036,1,0,0.2,0.011999999999999999
s036,20,0,0.2,0.012307692307692308
s036,20,1,0.2,0.011999999999999993
s036,20,2,0.2,0.016000000000000004
s036,20,3,0.2,0.011999999999999993
s036,20,4,0.2,0.016000000000000007
s036,20,5,0.2,0.016000000000000004
s036,20,6,0.2,0.010000000000000005
s036,20,7,0.2,0.012000000000000007
s036,20,8,0.2,0.02
s036,20,9,0.2,0.016000000000000014
s036,30,0,0.2,0.023999999999999994
s036,30,1,0.2,0.035
s036,30,2,0.2,0.024000000000000028
s036,30,3,0.2,0.028888888888888895
s036,30,4,0.2,0.02500000000000001
s036,30,5,0.2,0.024000000000000007
s036,30,6,0.2,0.028
s036,30,7,0.2,0.02
s036,30,8,0.2,0.023999999999999994
s036,30,9,0.2,0.028000000000000004
s036,1,0,0.3,0.011999999999999997
s036,20,0,0.3,0.01111111111111111
s036,20,1,0.3,0.012000000000000004
s036,20,2,0.3,0.016000000000000007
s036,20,3,0.3,0.011111111111111113
s036,20,4,0.3,0.015
s036,20,5,0.3,0.01599999999999998
s036,20,6,0.3,0.006153846153846151
s036,20,7,0.3,0.01199999999999999
s036,20,8,0.3,0.02
s036,20,9,0.3,0.014285714285714284
s036,30,0,0.3,0.02
s036,30,1,0.3,0.035
s036,30,2,0.3,0.023999999999999994
s036,30,3,0.3,0.028888888888888888
s036,30,4,0.3,0.02
s036,30,5,0.3,0.02
s036,30,6,0.3,0.028000000000000004
s036,30,7,0.3,0.02
s036,30,8,0.3,0.024000000000000007
s036,30,9,0.3,0.026666666666666665
s036,1,0,0.4,0.01
s036,20,0,0.4,0.00800000000000002
s036,20,1,0.4,0.011999999999999993
s036,20,2,0.4,0.015
s036,20,3,0.4,0.006666666666666666
s036,20,4,0.4,0.012
s036,20,5,0.4,0.011999999999999997
s036,20,6,0.4,0.004999999999999996
s036,20,7,0.4,0.007999999999999993
s036,20,8,0.4,0.01230769230769231
s036,20,9,0.4,0.009999999999999992
s036,30,0,0.4,0.02
s036,30,1,0.4,0.03500000000000002
s036,30,2,0.4,0.02399999999999998
s036,30,3,0.4,0.03111111111111111
s036,30,4,0.4,0.02
s036,30,5,0.4,0.02
s036,30,6,0.4,0.028000000000000004
s036,30,7,0.4,0.02
s036,30,8,0.4,0.023999999999999987
s036,30,9,0.4,0.025
s036,1,0,0.5,0.01
s036,20,0,0.5,0.008000000000000004
s036,20,1,0.5,0.01199999999999999
s036,20,2,0.5,0.015
s036,20,3,0.5,0.005
s036,20,4,0.5,0.010769230769230767
s036,20,5,0.5,0.01200000000000001
s036,20,6,0.5,0.004615384615384612
s036,20,7,0.5,0.008
s036,20,8,0.5,0.010000000000000009
s036,20,9,0.5,0.010000000000000009
s036,30,0,0.5,0.02
s036,30,1,0.5,0.029999999999999978
s036,30,2,0.5,0.02153846153846154
s036,30,3,0.5,0.028888888888888888
s036,30,4,0.5,0.015999999999999993
s036,30,5,0.5,0.01692307692307693
s036,30,6,0.5,0.02800000000000001
s036,30,7,0.5,0.02
s036,30,8,0.5,0.022857142857142847
s036,30,9,0.5,0.022222222222222227
s036,1,0,0.6,0.005000000000000006
s036,20,0,0.6,0.00888888888888889
s036,20,1,0.6,0.011999999999999993
s036,20,2,0.6,0.012307692307692299
s036,20,3,0.6,0.005000000000000006
s036,20,4,0.6,0.009999999999999988
s036,20,5,0.6,0.01
s036,20,6,0.6,0.007142857142857152
s036,20,7,0.6,0.007999999999999995
s036,20,8,0.6,0.009999999999999988
s036,20,9,0.6,0.010000000000000023
s036,30,0,0.6,0.016
s036,30,1,0.6,0.027999999999999994
s036,30,2,0.6,0.02
s036,30,3,0.6,0.02
s036,30,4,0.6,0.015555555555555557
s036,30,5,0.6,0.015555555555555555
s036,30,6,0.6,0.028
s036,30,7,0.6,0.02
s036,30,8,0.6,0.01571428571428573
s036,30,9,0.6,0.02
s036,1,0,0.7,0.005000000000000015
s036,20,0,0.7,0.007999999999999986
s036,20,1,0.7,0.004999999999999985
s036,20,2,0.7,0.01111111111111111
s036,20,3,0.7,0.004999999999999984
s036,20,4,0.7,0.009999999999999985
s036,20,5,0.7,0.007999999999999993
s036,20,6,0.7,0.008
s036,20,7,0.7,0.007999999999999985
s036,20,8,0.7,0.01
s036,20,9,0.7,0.009999999999999985
s036,30,0,0.7,0.015000000000000015
s036,30,1,0.7,0.018571428571428572
s036,30,2,0.7,0.015555555555555557
s036,30,3,0.7,0.02
s036,30,4,0.7,0.012
s036,30,5,0.7,0.015000000000000017
s036,30,6,0.7,0.02
s036,30,7,0.7,0.024000000000000007
s036,30,8,0.7,0.015999999999999993
s036,30,9,0.7,0.014999999999999986
s036,1,0,0.8,0.005
s036,20,0,0.8,0.005
s036,20,1,0.8,0.005
s036,20,2,0.8,0.008000000000000021
s036,20,3,0.8,0.008000000000000023
s036,20,4,0.8,0.010000000000000023
s036,20,5,0.8,0.006666666666666666
s036,20,6,0.8,0.01
s036,20,7,0.8,0.00799999999999999
s036,20,8,0.8,0.00888888888888889
s036,20,9,0.8,0.013333333333333329
s036,30,0,0.8,0.015
s036,30,1,0.8,0.014999999999999989
s036,30,2,0.8,0.012000000000000023
s036,30,3,0.8,0.02
s036,30,4,0.8,0.01500000000000003
s036,30,5,0.8,0.012
s036,30,6,0.8,0.01600000000000002
s036,30,7,0.8,0.02399999999999999
s036,30,8,0.8,0.02
s036,30,9,0.8,0.014999999999999979
s036,1,0,0.9,0.01
s036,20,0,0.9,0.004999999999999982
s036,20,1,0.9,0.007999999999999981
s036,20,2,0.9,0.008000000000000038
s036,20,3,0.9,0.01
s036,20,4,0.9,0.01
s036,20,5,0.9,0.007999999999999962
s036,20,6,0.9,0.009999999999999964
s036,20,7,0.9,0.01
s036,20,8,0.9,0.01
s036,20,9,0.9,0.015
s036,30,0,0.9,0.011999999999999959
s036,30,1,0.9,0.01000000000000004
s036,30,2,0.9,0.012
s036,30,3,0.9,0.015555555555555559
s036,30,4,0.9,0.012857142857142841
s036,30,5,0.9,0.011999999999999915
s036,30,6,0.9,0.015555555555555555
s036,30,7,0.9,0.02
s036,30,8,0.9,0.02
s036,30,9,0.9,0.01
s036,1,0,1.0,0.009999999999999877
s036,20,0,1.0,0.01
s036,20,1,1.0,0.01
s036,20,2,1.0,0.01
s036,20,3,1.0,0.015
s036,20,4,1.0,0.011999999999999875
s036,20,5,1.0,0.008000000000000125
s036,20,6,1.0,0.010000000000000127
s036,20,7,1.0,0.01
s036,20,8,1.0,0.010000000000000127
s036,20,9,1.0,0.02
s036,30,0,1.0,0.01
s036,30,1,1.0,0.011999999999999927
s036,30,2,1.0,0.014999999999999849
s036,30,3,1.0,0.015000000000000076
s036,30,4,1.0,0.015555555555555524
s036,30,5,1.0,0.014999999999999923
s036,30,6,1.0,0.015000000000000076
s036,30,7,1.0,0.02
s036,30,8,1.0,0.02
s036,30,9,1.0,0.02
s037,1,0,0.0,0.140625
s037,20,0,0.0,0.14923076923076922
s037,20,1,0.0,0.15483870967741936
s037,20,2,0.0,0.14545454545454545
s037,20,3,0.0,0.14769230769230768
s037,20,4,0.0,0.1317241379310345
s037,20,5,0.0,0.14761904761904762
s037,20,6,0.0,0.13813953488372094
s037,20,7,0.0,0.14444444444444443
s037,20,8,0.0,0.15842105263157896
s037,20,9,0.0,0.14
s037,30,0,0.0,0.1526530612244898
s037,30,1,0.0,0.15485714285714286
s037,30,2,0.0,0.14432432432432432
s037,30,3,0.0,0.15692307692307694
s037,30,4,0.0,0.1511111111111111
s037,30,5,0.0,0.140625
s037,30,6,0.0,0.1482758620689655
s037,30,7,0.0,0.1438095238095238
s037,30,8,0.0,0.16549999999999998
s037,30,9,0.0,0.15358490566037736
s037,1,0,0.1,0.13517241379310346
s037,20,0,0.1,0.14
s037,20,1,0.1,0.14250000000000002
s037,20,2,0.1,0.13096774193548388
s037,20,3,0.1,0.14
s037,20,4,0.1,0.125
s037,20,5,0.1,0.14470588235294118
s037,20,6,0.1,0.12823529411764706
s037,20,7,0.1,0.13411764705882354
s037,20,8,0.1,0.1502325581395349
s037,20,9,0.1,0.13225806451612904
s037,30,0,0.1,0.14285714285714285
s037,30,1,0.1,0.14615384615384616
s037,30,2,0.1,0.13657142857142857
s037,30,3,0.1,0.1488888888888889
s037,30,4,0.1,0.14057142857142857
s037,30,5,0.1,0.13365853658536586
s037,30,6,0.1,0.14758620689655172
s037,30,7,0.1,0.14
s037,30,8,0.1,0.16086956521739132
s037,30,9,0.1,0.1457142857142857
s037,1,0,0.2,0.1310344827586207
s037,20,0,0.2,0.13133333333333333
s037,20,1,0.2,0.13789473684210526
s037,20,2,0.2,0.13
s037,20,3,0.2,0.13076923076923078
s037,20,4,0.2,0.12307692307692308
s037,20,5,0.2,0.14
s037,20,6,0.2,0.125
s037,20,7,0.2,0.13076923076923078
s037,20,8,0.2,0.14190476190476192
s037,20,9,0.2,0.12171428571428572
s037,30,0,0.2,0.13545454545454544
s037,30,1,0.2,0.13428571428571429
s037,30,2,0.2,0.1288888888888889
s037,30,3,0.2,0.136
s037,30,4,0.2,0.13692307692307693
s037,30,5,0.2,0.12810810810810813
s037,30,6,0.2,0.14153846153846156
s037,30,7,0.2,0.13294117647058823
s037,30,8,0.2,0.14714285714285713
s037,30,9,0.2,0.13365853658536586
s037,1,0,0.3,0.13
s037,20,0,0.3,0.12727272727272726
s037,20,1,0.3,0.12956521739130436
s037,20,2,0.3,0.11953488372093024
s037,20,3,0.3,0.124
s037,20,4,0.3,0.12
s037,20,5,0.3,0.13647058823529412
s037,20,6,0.3,0.11904761904761905
s037,20,7,0.3,0.1276923076923077
s037,20,8,0.3,0.13111111111111112
s037,20,9,0.3,0.1211764705882353
s037,30,0,0.3,0.1285
s037,30,1,0.3,0.13
s037,30,2,0.3,0.11857142857142858
s037,30,3,0.3,0.1368421052631579
s037,30,4,0.3,0.13
s037,30,5,0.3,0.12444444444444444
s037,30,6,0.3,0.14105263157894737
s037,30,7,0.3,0.13
s037,30,8,0.3,0.13959183673469389
s037,30,9,0.3,0.13
s037,1,0,0.4,0.12333333333333335
s037,20,0,0.4,0.125
s037,20,1,0.4,0.1225
s037,20,2,0.4,0.11285714285714285
s037,20,3,0.4,0.1180952380952381
s037,20,4,0.4,0.116
s037,20,5,0.4,0.12341463414634146
s037,20,6,0.4,0.1167741935483871
s037,20,7,0.4,0.12235294117647058
s037,20,8,0.4,0.125
s037,20,9,0.4,0.11545454545454546
s037,30,0,0.4,0.1264
s037,30,1,0.4,0.12941176470588234
s037,30,2,0.4,0.1142857142857143
s037,30,3,0.4,0.12923076923076923
s037,30,4,0.4,0.12769230769230772
s037,30,5,0.4,0.12
s037,30,6,0.4,0.13545454545454547
s037,30,7,0.4,0.12285714285714286
s037,30,8,0.4,0.1288888888888889
s037,30,9,0.4,0.12923076923076923
s037,1,0,0.5,0.1190909090909091
s037,20,0,0.5,0.12
s037,20,1,0.5,0.12
s037,20,2,0.5,0.1088888888888889
s037,20,3,0.5,0.11499999999999999
s037,20,4,0.5,0.115
s037,20,5,0.5,0.1190909090909091
s037,20,6,0.5,0.10461538461538461
s037,20,7,0.5,0.11714285714285716
s037,20,8,0.5,0.125
s037,20,9,0.5,0.11500000000000002
s037,30,0,0.5,0.12
s037,30,1,0.5,0.12
s037,30,2,0.5,0.11176470588235295
s037,30,3,0.5,0.12470588235294117
s037,30,4,0.5,0.12736842105263158
s037,30,5,0.5,0.12
s037,30,6,0.5,0.1290909090909091
s037,30,7,0.5,0.11846153846153847
s037,30,8,0.5,0.1276923076923077
s037,30,9,0.5,0.12444444444444444
s037,1,0,0.6,0.11555555555555555
s037,20,0,0.6,0.11529411764705882
s037,20,1,0.6,0.11217391304347826
s037,20,2,0.6,0.105
s037,20,3,0.6,0.11692307692307692
s037,20,4,0.6,0.11230769230769232
s037,20,5,0.6,0.12222222222222223
s037,20,6,0.6,0.1
s037,20,7,0.6,0.11333333333333334
s037,20,8,0.6,0.12444444444444444
s037,20,9,0.6,0.11500000000000002
s037,30,0,0.6,0.1111111111111111
s037,30,1,0.6,0.11578947368421053
s037,30,2,0.6,0.11
s037,30,3,0.6,0.12615384615384617
s037,30,4,0.6,0.12818181818181817
s037,30,5,0.6,0.11999999999999997
s037,30,6,0.6,0.1288888888888889
s037,30,7,0.6,0.12
s037,30,8,0.6,0.11999999999999997
s037,30,9,0.6,0.11692307692307692
s037,1,0,0.7,0.11
s037,20,0,0.7,0.11360000000000002
s037,20,1,0.7,0.10800000000000001
s037,20,2,0.7,0.10500000000000001
s037,20,3,0.7,0.10799999999999998
s037,20,4,0.7,0.10705882352941178
s037,20,5,0.7,0.11599999999999999
s037,20,6,0.7,0.09571428571428571
s037,20,7,0.7,0.11
s037,20,8,0.7,0.11384615384615385
s037,20,9,0.7,0.112
s037,30,0,0.7,0.11
s037,30,1,0.7,0.1111111111111111
s037,30,2,0.7,0.11384615384615385
s037,30,3,0.7,0.11499999999999999
s037,30,4,0.7,0.12307692307692308
s037,30,5,0.7,0.12
s037,30,6,0.7,0.115
s037,30,7,0.7,0.12
s037,30,8,0.7,0.11500000000000003
s037,30,9,0.7,0.1123076923076923
s037,1,0,0.8,0.11
s037,20,0,0.8,0.10499999999999998
s037,20,1,0.8,0.108
s037,20,2,0.8,0.10399999999999998
s037,20,3,0.8,0.10857142857142857
s037,20,4,0.8,0.105
s037,20,5,0.8,0.12
s037,20,6,0.8,0.09230769230769231
s037,20,7,0.8,0.108
s037,20,8,0.8,0.10444444444444444
s037,20,9,0.8,0.1111111111111111
s037,30,0,0.8,0.10666666666666666
s037,30,1,0.8,0.11
s037,30,2,0.8,0.11777777777777779
s037,30,3,0.8,0.11
s037,30,4,0.8,0.11111111111111112
s037,30,5,0.8,0.11111111111111112
s037,30,6,0.8,0.11692307692307692
s037,30,7,0.8,0.11999999999999997
s037,30,8,0.8,0.11500000000000002
s037,30,9,0.8,0.11200000000000002
s037,1,0,0.9,0.11200000000000002
s037,20,0,0.9,0.105
s037,20,1,0.9,0.1
s037,20,2,0.9,0.1
s037,20,3,0.9,0.11
s037,20,4,0.9,0.1
s037,20,5,0.9,0.11499999999999999
s037,20,6,0.9,0.09599999999999996
s037,20,7,0.9,0.10399999999999998
s037,20,8,0.9,0.1
s037,20,9,0.9,0.10500000000000001
s037,30,0,0.9,0.105
s037,30,1,0.9,0.11111111111111112
s037,30,2,0.9,0.11199999999999999
s037,30,3,0.9,0.1076923076923077
s037,30,4,0.9,0.10799999999999996
s037,30,5,0.9,0.10666666666666666
s037,30,6,0.9,0.11555555555555555
s037,30,7,0.9,0.12
s037,30,8,0.9,0.11
s037,30,9,0.9,0.11076923076923076
s037,1,0,1.0,0.112
s037,20,0,1.0,0.1
s037,20,1,1.0,0.10399999999999998
s037,20,2,1.0,0.09
s037,20,3,1.0,0.104
s037,20,4,1.0,0.08799999999999997
s037,20,5,1.0,0.108
s037,20,6,1.0,0.09
s037,20,7,1.0,0.1
s037,20,8,1.0,0.09200000000000003
s037,20,9,1.0,0.09230769230769229
s037,30,0,1.0,0.09500000000000006
s037,30,1,1.0,0.105
s037,30,2,1.0,0.11199999999999996
s037,30,3,1.0,0.10499999999999995
s037,30,4,1.0,0.10499999999999995
s037,30,5,1.0,0.1
s037,30,6,1.0,0.11111111111111112
s037,30,7,1.0,0.11599999999999996
s037,30,8,1.0,0.10666666666666666
s037,30,9,1.0,0.11200000000000004
s038,1,0,0.0,0.12281786941580757
s038,20,0,0.0,0.13508670520231214
s038,20,1,0.0,0.1445679012345679
s038,20,2,0.0,0.14745098039215687
s038,20,3,0.0,0.1217665615141956
s038,20,4,0.0,0.14444444444444443
s038,20,5,0.0,0.14023668639053255
s038,20,6,0.0,0.1256441717791411
s038,20,7,0.0,0.13498432601880878
s038,20,8,0.0,0.14135977337110484
s038,20,9,0.0,0.14626865671641792
s038,30,0,0.0,0.12736842105263158
s038,30,1,0.0,0.14140127388535034
s038,30,2,0.0,0.13133333333333336
s038,30,3,0.0,0.1346188340807175
s038,30,4,0.0,0.13266666666666665
s038,30,5,0.0,0.13971291866028707
s038,30,6,0.0,0.14971153846153845
s038,30,7,0.0,0.13603112840466927
s038,30,8,0.0,0.15121568627450982
s038,30,9,0.0,0.13225806451612904
s038,1,0,0.1,0.10800000000000001
s038,20,0,0.1,0.11155963302752295
s038,20,1,0.1,0.11823343848580439
s038,20,2,0.1,0.11995337995337993
s038,20,3,0.1,0.1
s038,20,4,0.1,0.1291150442477876
s038,20,5,0.1,0.11786666666666668
s038,20,6,0.1,0.11921397379912665
s038,20,7,0.1,0.1061244019138756
s038,20,8,0.1,0.12093406593406593
s038,20,9,0.1,0.11431192660550459
s038,30,0,0.1,0.11720930232558141
s038,30,1,0.1,0.1359825327510917
s038,30,2,0.1,0.129438202247191
s038,30,3,0.1,0.13428571428571429
s038,30,4,0.1,0.12763948497854077
s038,30,5,0.1,0.1320909090909091
s038,30,6,0.1,0.13385365853658537
s038,30,7,0.1,0.13670967741935486
s038,30,8,0.1,0.13634146341463416
s038,30,9,0.1,0.12719999999999998
s038,1,0,0.2,0.10087431693989071
s038,20,0,0.2,0.11897233201581028
s038,20,1,0.2,0.12083769633507854
s038,20,2,0.2,0.1157429718875502
s038,20,3,0.2,0.10228571428571429
s038,20,4,0.2,0.11818181818181818
s038,20,5,0.2,0.1123076923076923
s038,20,6,0.2,0.10995073891625615
s038,20,7,0.2,0.114
s038,20,8,0.2,0.12153846153846154
s038,20,9,0.2,0.1192626728110599
s038,30,0,0.2,0.11529411764705882
s038,30,1,0.2,0.13090909090909092
s038,30,2,0.2,0.11395744680851064
s038,30,3,0.2,0.1173529411764706
s038,30,4,0.2,0.1259504132231405
s038,30,5,0.2,0.12222222222222222
s038,30,6,0.2,0.13449814126394052
s038,30,7,0.2,0.11299638989169677
s038,30,8,0.2,0.13333333333333336
s038,30,9,0.2,0.11113725490196077
s038,1,0,0.3,0.09660377358490566
s038,20,0,0.3,0.09561643835616437
s038,20,1,0.3,0.10903225806451614
s038,20,2,0.3,0.1015
s038,20,3,0.3,0.08504854368932038
s038,20,4,0.3,0.1096629213483146
s038,20,5,0.3,0.10763636363636364
s038,20,6,0.3,0.10419753086419753
s038,20,7,0.3,0.09932960893854749
s038,20,8,0.3,0.10666666666666666
s038,20,9,0.3,0.1023391812865497
s038,30,0,0.3,0.10809248554913295
s038,30,1,0.3,0.11846938775510205
s038,30,2,0.3,0.11375
s038,30,3,0.3,0.10860927152317881
s038,30,4,0.3,0.11757225433526011
s038,30,5,0.3,0.1080503144654088
s038,30,6,0.3,0.12121212121212122
s038,30,7,0.3,0.11836538461538461
s038,30,8,0.3,0.12141304347826087
s038,30,9,0.3,0.11365853658536586
s038,1,0,0.4,0.08753623188405799
s038,20,0,0.4,0.09777777777777777
s038,20,1,0.4,0.10746268656716418
s038,20,2,0.4,0.10039735099337749
s038,20,3,0.4,0.08661654135338347
s038,20,4,0.4,0.10300000000000001
s038,20,5,0.4,0.09460122699386503
s038,20,6,0.4,0.09673469387755101
s038,20,7,0.4,0.09606299212598425
s038,20,8,0.4,0.10938775510204082
s038,20,9,0.4,0.10294478527607362
s038,30,0,0.4,0.09590551181102362
s038,30,1,0.4,0.11515151515151514
s038,30,2,0.4,0.1
s038,30,3,0.4,0.09614973262032085
s038,30,4,0.4,0.09869158878504672
s038,30,5,0.4,0.09126436781609194
s038,30,6,0.4,0.11350515463917527
s038,30,7,0.4,0.10776470588235293
s038,30,8,0.4,0.11337579617834395
s038,30,9,0.4,0.09692307692307692
s038,1,0,0.5,0.08548672566371682
s038,20,0,0.5,0.09506024096385543
s038,20,1,0.5,0.10630630630630632
s038,20,2,0.5,0.09679389312977099
s038,20,3,0.5,0.08
s038,20,4,0.5,0.0911504424778761
s038,20,5,0.5,0.0968421052631579
s038,20,6,0.5,0.08888888888888889
s038,20,7,0.5,0.08588235294117647
s038,20,8,0.5,0.10222222222222221
s038,20,9,0.5,0.08920353982300885
s038,30,0,0.5,0.0911578947368421
s038,30,1,0.5,0.10454545454545455
s038,30,2,0.5,0.09272727272727273
s038,30,3,0.5,0.09333333333333332
s038,30,4,0.5,0.094
s038,30,5,0.5,0.0930188679245283
s038,30,6,0.5,0.10666666666666667
s038,30,7,0.5,0.10175182481751824
s038,30,8,0.5,0.10918518518518519
s038,30,9,0.5,0.09842519685039369
s038,1,0,0.6,0.07460674157303371
s038,20,0,0.6,0.09037037037037038
s038,20,1,0.6,0.09777777777777777
s038,20,2,0.6,0.09637931034482758
s038,20,3,0.6,0.0816
s038,20,4,0.6,0.09833333333333333
s038,20,5,0.6,0.08660000000000001
s038,20,6,0.6,0.08935779816513761
s038,20,7,0.6,0.0851685393258427
s038,20,8,0.6,0.09885714285714287
s038,20,9,0.6,0.09759259259259259
s038,30,0,0.6,0.09119047619047618
s038,30,1,0.6,0.10200000000000001
s038,30,2,0.6,0.09514018691588785
s038,30,3,0.6,0.09076923076923077
s038,30,4,0.6,0.09666666666666666
s038,30,5,0.6,0.09473684210526315
s038,30,6,0.6,0.10336000000000001
s038,30,7,0.6,0.09520661157024793
s038,30,8,0.6,0.09891304347826087
s038,30,9,0.6,0.09350649350649351
s038,1,0,0.7,0.07538461538461538
s038,20,0,0.7,0.0912
s038,20,1,0.7,0.09652173913043478
s038,20,2,0.7,0.08666666666666667
s038,20,3,0.7,0.0771794871794872
s038,20,4,0.7,0.09116279069767441
s038,20,5,0.7,0.09076923076923077
s038,20,6,0.7,0.08444444444444445
s038,20,7,0.7,0.08181818181818182
s038,20,8,0.7,0.09098591549295773
s038,20,9,0.7,0.08473684210526317
s038,30,0,0.7,0.08
s038,30,1,0.7,0.09942857142857142
s038,30,2,0.7,0.088
s038,30,3,0.7,0.09173333333333333
s038,30,4,0.7,0.09049180327868853
s038,30,5,0.7,0.08888888888888888
s038,30,6,0.7,0.09379310344827586
s038,30,7,0.7,0.092
s038,30,8,0.7,0.09844155844155844
s038,30,9,0.7,0.09257142857142858
s038,1,0,0.8,0.07224489795918368
s038,20,0,0.8,0.08837209302325581
s038,20,1,0.8,0.0955
s038,20,2,0.8,0.08758620689655172
s038,20,3,0.8,0.07555555555555556
s038,20,4,0.8,0.08756756756756758
s038,20,5,0.8,0.08615384615384615
s038,20,6,0.8,0.0784
s038,20,7,0.8,0.0775
s038,20,8,0.8,0.08366666666666667
s038,20,9,0.8,0.08
s038,30,0,0.8,0.07916666666666666
s038,30,1,0.8,0.09972972972972972
s038,30,2,0.8,0.08597014925373134
s038,30,3,0.8,0.08150943396226415
s038,30,4,0.8,0.08790697674418604
s038,30,5,0.8,0.08857142857142858
s038,30,6,0.8,0.0928
s038,30,7,0.8,0.0925
s038,30,8,0.8,0.09490909090909092
s038,30,9,0.8,0.09842105263157894
s038,1,0,0.9,0.06687500000000002
s038,20,0,0.9,0.083
s038,20,1,0.9,0.09555555555555556
s038,20,2,0.9,0.08571428571428572
s038,20,3,0.9,0.07870967741935483
s038,20,4,0.9,0.09142857142857141
s038,20,5,0.9,0.08454545454545455
s038,20,6,0.9,0.07454545454545455
s038,20,7,0.9,0.0790909090909091
s038,20,8,0.9,0.08399999999999999
s038,20,9,0.9,0.08285714285714285
s038,30,0,0.9,0.08181818181818182
s038,30,1,0.9,0.09529411764705882
s038,30,2,0.9,0.08615384615384616
s038,30,3,0.9,0.07809523809523809
s038,30,4,0.9,0.08903225806451612
s038,30,5,0.9,0.09066666666666667
s038,30,6,0.9,0.09176470588235294
s038,30,7,0.9,0.09096774193548388
s038,30,8,0.9,0.08666666666666667
s038,30,9,0.9,0.09529411764705882
s038,1,0,1.0,0.068
s038,20,0,1.0,0.084
s038,20,1,1.0,0.09777777777777778
s038,20,2,1.0,0.08444444444444445
s038,20,3,1.0,0.07599999999999998
s038,20,4,1.0,0.09200000000000003
s038,20,5,1.0,0.08
s038,20,6,1.0,0.08
s038,20,7,1.0,0.076
s038,20,8,1.0,0.08
s038,20,9,1.0,0.08
s038,30,0,1.0,0.08
s038,30,1,1.0,0.09500000000000003
s038,30,2,1.0,0.088
s038,30,3,1.0,0.08
s038,30,4,1.0,0.09
s038,30,5,1.0,0.09
s038,30,6,1.0,0.085
s038,30,7,1.0,0.09199999999999998
s038,30,8,1.0,0.08800000000000001
s038,30,9,1.0,0.09599999999999995
s039,1,0,0.0,0.1
s039,20,0,0.0,0.09359999999999999
s039,20,1,0.0,0.09230769230769231
s039,20,2,0.0,0.095
s039,20,3,0.0,0.09939393939393942
s039,20,4,0.0,0.0912
s039,20,5,0.0,0.095
s039,20,6,0.0,0.09000000000000001
s039,20,7,0.0,0.08666666666666667
s039,20,8,0.0,0.095
s039,20,9,0.0,0.10500000000000001
s039,30,0,0.0,0.09692307692307692
s039,30,1,0.0,0.10705882352941176
s039,30,2,0.0,0.1
s039,30,3,0.0,0.10499999999999998
s039,30,4,0.0,0.10095238095238096
s039,30,5,0.0,0.10153846153846155
s039,30,6,0.0,0.1
s039,30,7,0.0,0.09
s039,30,8,0.0,0.10500000000000001
s039,30,9,0.0,0.10894736842105263
s039,1,0,0.1,0.09241379310344829
s039,20,0,0.1,0.08823529411764706
s039,20,1,0.1,0.0888
s039,20,2,0.1,0.09428571428571428
s039,20,3,0.1,0.096
s039,20,4,0.1,0.09000000000000001
s039,20,5,0.1,0.09384615384615386
s039,20,6,0.1,0.09
s039,20,7,0.1,0.08500000000000002
s039,20,8,0.1,0.095
s039,20,9,0.1,0.09846153846153846
s039,30,0,0.1,0.09555555555555556
s039,30,1,0.1,0.1
s039,30,2,0.1,0.1
s039,30,3,0.1,0.105
s039,30,4,0.1,0.1
s039,30,5,0.1,0.1
s039,30,6,0.1,0.1
s039,30,7,0.1,0.09
s039,30,8,0.1,0.10499999999999998
s039,30,9,0.1,0.105
s039,1,0,0.2,0.08480000000000001
s039,20,0,0.2,0.08960000000000001
s039,20,1,0.2,0.088
s039,20,2,0.2,0.08909090909090908
s039,20,3,0.2,0.095
s039,20,4,0.2,0.08705882352941176
s039,20,5,0.2,0.08720000000000001
s039,20,6,0.2,0.08733333333333335
s039,20,7,0.2,0.08499999999999999
s039,20,8,0.2,0.09076923076923077
s039,20,9,0.2,0.09538461538461539
s039,30,0,0.2,0.09818181818181818
s039,30,1,0.2,0.09523809523809523
s039,30,2,0.2,0.1
s039,30,3,0.2,0.10499999999999998
s039,30,4,0.2,0.1
s039,30,5,0.2,0.09384615384615386
s039,30,6,0.2,0.09499999999999999
s039,30,7,0.2,0.09
s039,30,8,0.2,0.10500000000000001
s039,30,9,0.2,0.10181818181818182
s039,1,0,0.3,0.085
s039,20,0,0.3,0.08800000000000001
s039,20,1,0.3,0.08800000000000001
s039,20,2,0.3,0.08000000000000002
s039,20,3,0.3,0.09285714285714286
s039,20,4,0.3,0.08500000000000002
s039,20,5,0.3,0.08823529411764706
s039,20,6,0.3,0.08500000000000002
s039,20,7,0.3,0.08571428571428572
s039,20,8,0.3,0.09000000000000001
s039,20,9,0.3,0.09000000000000001
s039,30,0,0.3,0.09555555555555556
s039,30,1,0.3,0.09272727272727273
s039,30,2,0.3,0.09692307692307692
s039,30,3,0.3,0.10000000000000002
s039,30,4,0.3,0.094
s039,30,5,0.3,0.08705882352941177
s039,30,6,0.3,0.095
s039,30,7,0.3,0.09
s039,30,8,0.3,0.095
s039,30,9,0.3,0.09727272727272727
s039,1,0,0.4,0.08461538461538462
s039,20,0,0.4,0.09
s039,20,1,0.4,0.09
s039,20,2,0.4,0.08000000000000002
s039,20,3,0.4,0.08444444444444445
s039,20,4,0.4,0.085
s039,20,5,0.4,0.08761904761904762
s039,20,6,0.4,0.08499999999999999
s039,20,7,0.4,0.08222222222222222
s039,20,8,0.4,0.0872
s039,20,9,0.4,0.09
s039,30,0,0.4,0.092
s039,30,1,0.4,0.0881818181818182
s039,30,2,0.4,0.095
s039,30,3,0.4,0.09499999999999997
s039,30,4,0.4,0.08923076923076922
s039,30,5,0.4,0.08500000000000002
s039,30,6,0.4,0.09111111111111111
s039,30,7,0.4,0.08923076923076922
s039,30,8,0.4,0.095
s039,30,9,0.4,0.09333333333333334
s039,1,0,0.5,0.08499999999999999
s039,20,0,0.5,0.09
s039,20,1,0.5,0.08352941176470588
s039,20,2,0.5,0.07999999999999999
s039,20,3,0.5,0.08
s039,20,4,0.5,0.08499999999999999
s039,20,5,0.5,0.08
s039,20,6,0.5,0.085
s039,20,7,0.5,0.08
s039,20,8,0.5,0.08
s039,20,9,0.5,0.09
s039,30,0,0.5,0.09
s039,30,1,0.5,0.08499999999999999
s039,30,2,0.5,0.09499999999999999
s039,30,3,0.5,0.09047619047619046
s039,30,4,0.5,0.08705882352941177
s039,30,5,0.5,0.08461538461538462
s039,30,6,0.5,0.09
s039,30,7,0.5,0.08823529411764705
s039,30,8,0.5,0.09076923076923077
s039,30,9,0.5,0.09384615384615384
s039,1,0,0.6,0.08500000000000002
s039,20,0,0.6,0.09
s039,20,1,0.6,0.08461538461538462
s039,20,2,0.6,0.08
s039,20,3,0.6,0.07999999999999999
s039,20,4,0.6,0.085
s039,20,5,0.6,0.085
s039,20,6,0.6,0.08500000000000002
s039,20,7,0.6,0.08235294117647059
s039,20,8,0.6,0.08
s039,20,9,0.6,0.09
s039,30,0,0.6,0.08499999999999999
s039,30,1,0.6,0.08714285714285715
s039,30,2,0.6,0.095
s039,30,3,0.6,0.08888888888888888
s039,30,4,0.6,0.08153846153846155
s039,30,5,0.6,0.08000000000000002
s039,30,6,0.6,0.08941176470588236
s039,30,7,0.6,0.08769230769230768
s039,30,8,0.6,0.09
s039,30,9,0.6,0.09058823529411764
s039,1,0,0.7,0.08
s039,20,0,0.7,0.09000000000000001
s039,20,1,0.7,0.08153846153846153
s039,20,2,0.7,0.08
s039,20,3,0.7,0.08222222222222222
s039,20,4,0.7,0.085
s039,20,5,0.7,0.08823529411764705
s039,20,6,0.7,0.08769230769230768
s039,20,7,0.7,0.08000000000000002
s039,20,8,0.7,0.08
s039,20,9,0.7,0.08500000000000002
s039,30,0,0.7,0.085
s039,30,1,0.7,0.08888888888888889
s039,30,2,0.7,0.095
s039,30,3,0.7,0.08666666666666667
s039,30,4,0.7,0.08222222222222222
s039,30,5,0.7,0.08
s039,30,6,0.7,0.085
s039,30,7,0.7,0.08499999999999998
s039,30,8,0.7,0.09
s039,30,9,0.7,0.085
s039,1,0,0.8,0.08000000000000002
s039,20,0,0.8,0.09
s039,20,1,0.8,0.08
s039,20,2,0.8,0.08
s039,20,3,0.8,0.08
s039,20,4,0.8,0.08
s039,20,5,0.8,0.09
s039,20,6,0.8,0.08941176470588236
s039,20,7,0.8,0.08000000000000004
s039,20,8,0.8,0.08
s039,20,9,0.8,0.085
s039,30,0,0.8,0.08
s039,30,1,0.8,0.08769230769230768
s039,30,2,0.8,0.09
s039,30,3,0.8,0.08400000000000002
s039,30,4,0.8,0.08307692307692308
s039,30,5,0.8,0.07500000000000001
s039,30,6,0.8,0.085
s039,30,7,0.8,0.08500000000000002
s039,30,8,0.8,0.09333333333333332
s039,30,9,0.8,0.08500000000000002
s039,1,0,0.9,0.07
s039,20,0,0.9,0.08
s039,20,1,0.9,0.07777777777777778
s039,20,2,0.9,0.08
s039,20,3,0.9,0.07600000000000001
s039,20,4,0.9,0.07333333333333333
s039,20,5,0.9,0.08399999999999999
s039,20,6,0.9,0.08
s039,20,7,0.9,0.08
s039,20,8,0.9,0.07500000000000007
s039,20,9,0.9,0.088
s039,30,0,0.9,0.08
s039,30,1,0.9,0.08500000000000002
s039,30,2,0.9,0.08500000000000002
s039,30,3,0.9,0.08
s039,30,4,0.9,0.08
s039,30,5,0.9,0.07499999999999993
s039,30,6,0.9,0.08
s039,30,7,0.9,0.09285714285714286
s039,30,8,0.9,0.09
s039,30,9,0.9,0.08
s039,1,0,1.0,0.04400000000000005
s039,20,0,1.0,0.06
s039,20,1,1.0,0.05499999999999995
s039,20,2,1.0,0.06
s039,20,3,1.0,0.06
s039,20,4,1.0,0.06888888888888889
s039,20,5,1.0,0.06666666666666667
s039,20,6,1.0,0.06499999999999995
s039,20,7,1.0,0.05599999999999995
s039,20,8,1.0,0.055
s039,20,9,1.0,0.06444444444444444
s039,30,0,1.0,0.065
s039,30,1,1.0,0.08500000000000005
s039,30,2,1.0,0.07
s039,30,3,1.0,0.06222222222222222
s039,30,4,1.0,0.06
s039,30,5,1.0,0.05600000000000005
s039,30,6,1.0,0.06
s039,30,7,1.0,0.08
s039,30,8,1.0,0.08
s039,30,9,1.0,0.07199999999999995
s040,1,0,0.0,0.2624691358024691
s040,20,0,0.0,0.25627906976744186
s040,20,1,0.0,0.25176470588235295
s040,20,2,0.0,0.2641975308641975
s040,20,3,0.0,0.26862068965517244
s040,20,4,0.0,0.25957446808510637
s040,20,5,0.0,0.2757377049180328
s040,20,6,0.0,0.25755102040816324
s040,20,7,0.0,0.2633802816901408
s040,20,8,0.0,0.25922077922077924
s040,20,9,0.0,0.26382978723404255
s040,30,0,0.0,0.25384615384615383
s040,30,1,0.0,0.2464
s040,30,2,0.0,0.2647058823529412
s040,30,3,0.0,0.2661538461538462
s040,30,4,0.0,0.2712
s040,30,5,0.0,0.254
s040,30,6,0.0,0.2671428571428571
s040,30,7,0.0,0.2760714285714286
s040,30,8,0.0,0.26823529411764707
s040,30,9,0.0,0.2907692307692308
s040,1,0,0.1,0.2518918918918919
s040,20,0,0.1,0.24857142857142855
s040,20,1,0.1,0.2425
s040,20,2,0.1,0.24732394366197186
s040,20,3,0.1,0.26263157894736844
s040,20,4,0.1,0.25043478260869567
s040,20,5,0.1,0.2695081967213115
s040,20,6,0.1,0.24909090909090909
s040,20,7,0.1,0.24615384615384617
s040,20,8,0.1,0.25244444444444447
s040,20,9,0.1,0.25708333333333333
s040,30,0,0.1,0.24458333333333332
s040,30,1,0.1,0.23555555555555557
s040,30,2,0.1,0.25133333333333335
s040,30,3,0.1,0.256
s040,30,4,0.1,0.26911392405063295
s040,30,5,0.1,0.2404
s040,30,6,0.1,0.25701149425287356
s040,30,7,0.1,0.2728301886792453
s040,30,8,0.1,0.2636842105263158
s040,30,9,0.1,0.2753191489361702
s040,1,0,0.2,0.23741935483870968
s040,20,0,0.2,0.24307692307692308
s040,20,1,0.2,0.22999999999999998
s040,20,2,0.2,0.23492537313432837
s040,20,3,0.2,0.2528813559322034
s040,20,4,0.2,0.24
s040,20,5,0.2,0.2505454545454545
s040,20,6,0.2,0.24
s040,20,7,0.2,0.2309090909090909
s040,20,8,0.2,0.23633802816901406
s040,20,9,0.2,0.23921052631578948
s040,30,0,0.2,0.22888888888888892
s040,30,1,0.2,0.22943396226415094
s040,30,2,0.2,0.24125
s040,30,3,0.2,0.24545454545454545
s040,30,4,0.2,0.25384615384615383
s040,30,5,0.2,0.23485714285714288
s040,30,6,0.2,0.245
s040,30,7,0.2,0.2580821917808219
s040,30,8,0.2,0.2523809523809524
s040,30,9,0.2,0.26115942028985506
s040,1,0,0.3,0.22375
s040,20,0,0.3,0.23540983606557375
s040,20,1,0.3,0.22153846153846155
s040,20,2,0.3,0.22677966101694916
s040,20,3,0.3,0.24307692307692308
s040,20,4,0.3,0.22547945205479453
s040,20,5,0.3,0.2310526315789474
s040,20,6,0.3,0.24222222222222223
s040,20,7,0.3,0.2218181818181818
s040,20,8,0.3,0.22694444444444445
s040,20,9,0.3,0.22888888888888886
s040,30,0,0.3,0.22545454545454546
s040,30,1,0.3,0.2211764705882353
s040,30,2,0.3,0.2310344827586207
s040,30,3,0.3,0.2311111111111111
s040,30,4,0.3,0.23791666666666667
s040,30,5,0.3,0.2309677419354839
s040,30,6,0.3,0.23555555555555555
s040,30,7,0.3,0.252
s040,30,8,0.3,0.2531428571428571
s040,30,9,0.3,0.2472289156626506
s040,1,0,0.4,0.19574468085106383
s040,20,0,0.4,0.2209090909090909
s040,20,1,0.4,0.21085714285714285
s040,20,2,0.4,0.21846153846153846
s040,20,3,0.4,0.22526315789473683
s040,20,4,0.4,0.2031578947368421
s040,20,5,0.4,0.22153846153846152
s040,20,6,0.4,0.23
s040,20,7,0.4,0.2114814814814815
s040,20,8,0.4,0.21666666666666667
s040,20,9,0.4,0.2175
s040,30,0,0.4,0.21999999999999997
s040,30,1,0.4,0.21432835820895518
s040,30,2,0.4,0.2246153846153846
s040,30,3,0.4,0.2190909090909091
s040,30,4,0.4,0.23230769230769233
s040,30,5,0.4,0.22421052631578947
s040,30,6,0.4,0.22272727272727272
s040,30,7,0.4,0.24181818181818182
s040,30,8,0.4,0.24458333333333332
s040,30,9,0.4,0.23249999999999998
s040,1,0,0.5,0.19230769230769232
s040,20,0,0.5,0.2185
s040,20,1,0.5,0.2075
s040,20,2,0.5,0.20685714285714285
s040,20,3,0.5,0.20883720930232558
s040,20,4,0.5,0.2
s040,20,5,0.5,0.21333333333333332
s040,20,6,0.5,0.221875
s040,20,7,0.5,0.2
s040,20,8,0.5,0.20829268292682926
s040,20,9,0.5,0.20451612903225808
s040,30,0,0.5,0.2123076923076923
s040,30,1,0.5,0.2081081081081081
s040,30,2,0.5,0.21
s040,30,3,0.5,0.20666666666666667
s040,30,4,0.5,0.225
s040,30,5,0.5,0.22
s040,30,6,0.5,0.21727272727272728
s040,30,7,0.5,0.24
s040,30,8,0.5,0.23454545454545453
s040,30,9,0.5,0.22754716981132075
s040,1,0,0.6,0.18857142857142856
s040,20,0,0.6,0.20666666666666667
s040,20,1,0.6,0.19636363636363635
s040,20,2,0.6,0.19647058823529412
s040,20,3,0.6,0.1993548387096774
s040,20,4,0.6,0.19428571428571428
s040,20,5,0.6,0.20171428571428573
s040,20,6,0.6,0.212
s040,20,7,0.6,0.19555555555555557
s040,20,8,0.6,0.19714285714285712
s040,20,9,0.6,0.19263157894736843
s040,30,0,0.6,0.21
s040,30,1,0.6,0.20615384615384613
s040,30,2,0.6,0.20923076923076922
s040,30,3,0.6,0.20451612903225808
s040,30,4,0.6,0.22
s040,30,5,0.6,0.2111111111111111
s040,30,6,0.6,0.2046153846153846
s040,30,7,0.6,0.23142857142857143
s040,30,8,0.6,0.22689655172413792
s040,30,9,0.6,0.22
s040,1,0,0.7,0.18153846153846154
s040,20,0,0.7,0.19826086956521738
s040,20,1,0.7,0.18444444444444447
s040,20,2,0.7,0.195
s040,20,3,0.7,0.194
s040,20,4,0.7,0.18461538461538463
s040,20,5,0.7,0.19571428571428573
s040,20,6,0.7,0.2
s040,20,7,0.7,0.195
s040,20,8,0.7,0.195
s040,20,9,0.7,0.19090909090909092
s040,30,0,0.7,0.2177777777777778
s040,30,1,0.7,0.20499999999999996
s040,30,2,0.7,0.20470588235294118
s040,30,3,0.7,0.2
s040,30,4,0.7,0.21575757575757576
s040,30,5,0.7,0.20516129032258065
s040,30,6,0.7,0.205
s040,30,7,0.7,0.22588235294117648
s040,30,8,0.7,0.21724137931034482
s040,30,9,0.7,0.21073170731707316
s040,1,0,0.8,0.17
s040,20,0,0.8,0.19272727272727272
s040,20,1,0.8,0.18222222222222223
s040,20,2,0.8,0.185
s040,20,3,0.8,0.1847619047619048
s040,20,4,0.8,0.18
s040,20,5,0.8,0.1961904761904762
s040,20,6,0.8,0.19
s040,20,7,0.8,0.195
s040,20,8,0.8,0.2
s040,20,9,0.8,0.18615384615384614
s040,30,0,0.8,0.21411764705882352
s040,30,1,0.8,0.20727272727272728
s040,30,2,0.8,0.2
s040,30,3,0.8,0.19555555555555557
s040,30,4,0.8,0.20615384615384616
s040,30,5,0.8,0.2
s040,30,6,0.8,0.20235294117647057
s040,30,7,0.8,0.21523809523809523
s040,30,8,0.8,0.2177777777777778
s040,30,9,0.8,0.20842105263157895
s040,1,0,0.9,0.16999999999999998
s040,20,0,0.9,0.18666666666666665
s040,20,1,0.9,0.17555555555555555
s040,20,2,0.9,0.185
s040,20,3,0.9,0.185
s040,20,4,0.9,0.17599999999999996
s040,20,5,0.9,0.2
s040,20,6,0.9,0.18888888888888888
s040,20,7,0.9,0.195
s040,20,8,0.9,0.19
s040,20,9,0.9,0.188
s040,30,0,0.9,0.20799999999999996
s040,30,1,0.9,0.205
s040,30,2,0.9,0.19777777777777777
s040,30,3,0.9,0.195
s040,30,4,0.9,0.20222222222222222
s040,30,5,0.9,0.19
s040,30,6,0.9,0.196
s040,30,7,0.9,0.20769230769230768
s040,30,8,0.9,0.21499999999999997
s040,30,9,0.9,0.20571428571428568
s040,1,0,1.0,0.16800000000000004
s040,20,0,1.0,0.19
s040,20,1,1.0,0.17500000000000004
s040,20,2,1.0,0.18
s040,20,3,1.0,0.18499999999999997
s040,20,4,1.0,0.1711111111111111
s040,20,5,1.0,0.2
s040,20,6,1.0,0.18
s040,20,7,1.0,0.195
s040,20,8,1.0,0.19
s040,20,9,1.0,0.192
s040,30,0,1.0,0.19599999999999998
s040,30,1,1.0,0.2
s040,30,2,1.0,0.19111111111111112
s040,30,3,1.0,0.195
s040,30,4,1.0,0.19555555555555554
s040,30,5,1.0,0.19
s040,30,6,1.0,0.19
s040,30,7,1.0,0.20399999999999996
s040,30,8,1.0,0.2
s040,30,9,1.0,0.20666666666666667
s041,1,0,0.0,0.1648
s041,20,0,0.0,0.1703225806451613
s041,20,1,0.0,0.16673076923076924
s041,20,2,0.0,0.15120879120879122
s041,20,3,0.0,0.16941176470588235
s041,20,4,0.0,0.16929133858267714
s041,20,5,0.0,0.1666086956521739
s041,20,6,0.0,0.1803125
s041,20,7,0.0,0.16941176470588235
s041,20,8,0.0,0.16790123456790124
s041,20,9,0.0,0.16722222222222222
s041,30,0,0.0,0.17733333333333334
s041,30,1,0.0,0.16285714285714287
s041,30,2,0.0,0.17041666666666666
s041,30,3,0.0,0.17388888888888887
s041,30,4,0.0,0.1711764705882353
s041,30,5,0.0,0.16833333333333333
s041,30,6,0.0,0.16344827586206898
s041,30,7,0.0,0.17294117647058824
s041,30,8,0.0,0.17181818181818181
s041,30,9,0.0,0.17679012345679013
s041,1,0,0.1,0.1541573033707865
s041,20,0,0.1,0.1546236559139785
s041,20,1,0.1,0.15820224719101122
s041,20,2,0.1,0.1424
s041,20,3,0.1,0.15872340425531914
s041,20,4,0.1,0.1439506172839506
s041,20,5,0.1,0.14490566037735847
s041,20,6,0.1,0.16
s041,20,7,0.1,0.15387096774193548
s041,20,8,0.1,0.15661971830985916
s041,20,9,0.1,0.14866666666666667
s041,30,0,0.1,0.15707865168539326
s041,30,1,0.1,0.14739130434782607
s041,30,2,0.1,0.15125
s041,30,3,0.1,0.15733333333333333
s041,30,4,0.1,0.15914285714285714
s041,30,5,0.1,0.15506493506493507
s041,30,6,0.1,0.1389041095890411
s041,30,7,0.1,0.15833333333333333
s041,30,8,0.1,0.15949367088607597
s041,30,9,0.1,0.15974025974025974
s041,1,0,0.2,0.14208955223880596
s041,20,0,0.2,0.1425531914893617
s041,20,1,0.2,0.14901408450704223
s041,20,2,0.2,0.13294117647058823
s041,20,3,0.2,0.1456756756756757
s041,20,4,0.2,0.14075471698113207
s041,20,5,0.2,0.13906976744186045
s041,20,6,0.2,0.1456756756756757
s041,20,7,0.2,0.14476190476190476
s041,20,8,0.2,0.15
s041,20,9,0.2,0.13647058823529412
s041,30,0,0.2,0.14250000000000002
s041,30,1,0.2,0.1411764705882353
s041,30,2,0.2,0.14105263157894737
s041,30,3,0.2,0.13882352941176468
s041,30,4,0.2,0.1510144927536232
s041,30,5,0.2,0.14344827586206896
s041,30,6,0.2,0.13391304347826088
s041,30,7,0.2,0.1445614035087719
s041,30,8,0.2,0.14491228070175438
s041,30,9,0.2,0.1490909090909091
s041,1,0,0.3,0.13176470588235295
s041,20,0,0.3,0.1345205479452055
s041,20,1,0.3,0.1384
s041,20,2,0.3,0.12941176470588237
s041,20,3,0.3,0.13333333333333336
s041,20,4,0.3,0.12952380952380954
s041,20,5,0.3,0.13333333333333333
s041,20,6,0.3,0.1344186046511628
s041,20,7,0.3,0.13085714285714287
s041,20,8,0.3,0.13647058823529412
s041,20,9,0.3,0.12941176470588237
s041,30,0,0.3,0.13741935483870968
s041,30,1,0.3,0.13
s041,30,2,0.3,0.14
s041,30,3,0.3,0.13090909090909092
s041,30,4,0.3,0.1345945945945946
s041,30,5,0.3,0.132
s041,30,6,0.3,0.13
s041,30,7,0.3,0.13321428571428573
s041,30,8,0.3,0.14
s041,30,9,0.3,0.13545454545454544
s041,1,0,0.4,0.12
s041,20,0,0.4,0.12476190476190477
s041,20,1,0.4,0.135
s041,20,2,0.4,0.12651162790697673
s041,20,3,0.4,0.12769230769230772
s041,20,4,0.4,0.11846153846153847
s041,20,5,0.4,0.12
s041,20,6,0.4,0.12810810810810808
s041,20,7,0.4,0.12
s041,20,8,0.4,0.13210526315789473
s041,20,9,0.4,0.12
s041,30,0,0.4,0.12514285714285714
s041,30,1,0.4,0.12580645161290321
s041,30,2,0.4,0.13272727272727275
s041,30,3,0.4,0.12606060606060607
s041,30,4,0.4,0.1285714285714286
s041,30,5,0.4,0.1275
s041,30,6,0.4,0.1291891891891892
s041,30,7,0.4,0.12444444444444444
s041,30,8,0.4,0.13529411764705884
s041,30,9,0.4,0.12829268292682927
s041,1,0,0.5,0.11290322580645162
s041,20,0,0.5,0.11793103448275863
s041,20,1,0.5,0.12476190476190477
s041,20,2,0.5,0.11483870967741935
s041,20,3,0.5,0.1188235294117647
s041,20,4,0.5,0.1123076923076923
s041,20,5,0.5,0.11538461538461538
s041,20,6,0.5,0.12470588235294117
s041,20,7,0.5,0.11636363636363636
s041,20,8,0.5,0.126
s041,20,9,0.5,0.10774193548387098
s041,30,0,0.5,0.11692307692307692
s041,30,1,0.5,0.12133333333333333
s041,30,2,0.5,0.13
s041,30,3,0.5,0.11647058823529412
s041,30,4,0.5,0.11499999999999999
s041,30,5,0.5,0.11555555555555556
s041,30,6,0.5,0.12333333333333332
s041,30,7,0.5,0.11294117647058824
s041,30,8,0.5,0.12387096774193548
s041,30,9,0.5,0.12153846153846154
s041,1,0,0.6,0.1123076923076923
s041,20,0,0.6,0.1123076923076923
s041,20,1,0.6,0.10977777777777778
s041,20,2,0.6,0.11076923076923077
s041,20,3,0.6,0.11555555555555556
s041,20,4,0.6,0.10857142857142857
s041,20,5,0.6,0.11058823529411765
s041,20,6,0.6,0.11947368421052632
s041,20,7,0.6,0.11
s041,20,8,0.6,0.12
s041,20,9,0.6,0.10235294117647059
s041,30,0,0.6,0.11266666666666666
s041,30,1,0.6,0.11619047619047618
s041,30,2,0.6,0.123
s041,30,3,0.6,0.11181818181818182
s041,30,4,0.6,0.115
s041,30,5,0.6,0.1123076923076923
s041,30,6,0.6,0.11500000000000002
s041,30,7,0.6,0.11076923076923076
s041,30,8,0.6,0.12
s041,30,9,0.6,0.12137931034482757
s041,1,0,0.7,0.10903225806451614
s041,20,0,0.7,0.105
s041,20,1,0.7,0.1056
s041,20,2,0.7,0.11
s041,20,3,0.7,0.10823529411764705
s041,20,4,0.7,0.10823529411764705
s041,20,5,0.7,0.1088888888888889
s041,20,6,0.7,0.11555555555555555
s041,20,7,0.7,0.10761904761904761
s041,20,8,0.7,0.12
s041,20,9,0.7,0.095
s041,30,0,0.7,0.10666666666666666
s041,30,1,0.7,0.11499999999999999
s041,30,2,0.7,0.11333333333333334
s041,30,3,0.7,0.10799999999999998
s041,30,4,0.7,0.10800000000000001
s041,30,5,0.7,0.10714285714285715
s041,30,6,0.7,0.11499999999999999
s041,30,7,0.7,0.10666666666666666
s041,30,8,0.7,0.11538461538461539
s041,30,9,0.7,0.1135483870967742
s041,1,0,0.8,0.1
s041,20,0,0.8,0.1
s041,20,1,0.8,0.10307692307692308
s041,20,2,0.8,0.10615384615384615
s041,20,3,0.8,0.10499999999999998
s041,20,4,0.8,0.10153846153846155
s041,20,5,0.8,0.10615384615384615
s041,20,6,0.8,0.10941176470588235
s041,20,7,0.8,0.10923076923076923
s041,20,8,0.8,0.10923076923076923
s041,20,9,0.8,0.09238095238095237
s041,30,0,0.8,0.10222222222222221
s041,30,1,0.8,0.10769230769230768
s041,30,2,0.8,0.105
s041,30,3,0.8,0.10666666666666666
s041,30,4,0.8,0.10500000000000001
s041,30,5,0.8,0.10000000000000003
s041,30,6,0.8,0.11000000000000001
s041,30,7,0.8,0.11000000000000001
s041,30,8,0.8,0.11500000000000002
s041,30,9,0.8,0.10857142857142857
s041,1,0,0.9,0.09555555555555556
s041,20,0,0.9,0.09555555555555556
s041,20,1,0.9,0.10153846153846154
s041,20,2,0.9,0.1
s041,20,3,0.9,0.1
s041,20,4,0.9,0.096
s041,20,5,0.9,0.10421052631578948
s041,20,6,0.9,0.10470588235294115
s041,20,7,0.9,0.105
s041,20,8,0.9,0.10666666666666666
s041,20,9,0.9,0.08500000000000002
s041,30,0,0.9,0.1
s041,30,1,0.9,0.1
s041,30,2,0.9,0.10222222222222221
s041,30,3,0.9,0.10666666666666666
s041,30,4,0.9,0.096
s041,30,5,0.9,0.09571428571428571
s041,30,6,0.9,0.1
s041,30,7,0.9,0.09846153846153846
s041,30,8,0.9,0.1
s041,30,9,0.9,0.09846153846153846
s041,1,0,1.0,0.09200000000000003
s041,20,0,1.0,0.09230769230769234
s041,20,1,1.0,0.09199999999999997
s041,20,2,1.0,0.09333333333333334
s041,20,3,1.0,0.0953846153846154
s041,20,4,1.0,0.09555555555555556
s041,20,5,1.0,0.09600000000000009
s041,20,6,1.0,0.1
s041,20,7,1.0,0.095
s041,20,8,1.0,0.09
s041,20,9,1.0,0.07499999999999996
s041,30,0,1.0,0.088
s041,30,1,1.0,0.09499999999999996
s041,30,2,1.0,0.0953846153846154
s041,30,3,1.0,0.108
s041,30,4,1.0,0.08399999999999996
s041,30,5,1.0,0.095
s041,30,6,1.0,0.1
s041,30,7,1.0,0.09111111111111111
s041,30,8,1.0,0.09555555555555555
s041,30,9,1.0,0.09
s042,1,0,0.0,0.07047619047619047
s042,20,0,0.0,0.075
s042,20,1,0.0,0.0728
s042,20,2,0.0,0.06827586206896552
s042,20,3,0.0,0.07272727272727272
s042,20,4,0.0,0.07254237288135593
s042,20,5,0.0,0.07133333333333333
s042,20,6,0.0,0.07
s042,20,7,0.0,0.07120000000000001
s042,20,8,0.0,0.07189189189189191
s042,20,9,0.0,0.07500000000000001
s042,30,0,0.0,0.08
s042,30,1,0.0,0.07846153846153847
s042,30,2,0.0,0.07219512195121952
s042,30,3,0.0,0.0772972972972973
s042,30,4,0.0,0.08235294117647059
s042,30,5,0.0,0.07258064516129031
s042,30,6,0.0,0.08818181818181818
s042,30,7,0.0,0.08068965517241379
s042,30,8,0.0,0.08263157894736842
s042,30,9,0.0,0.08181818181818182
s042,1,0,0.1,0.0664
s042,20,0,0.1,0.07294117647058823
s042,20,1,0.1,0.07121951219512196
s042,20,2,0.1,0.06521739130434784
s042,20,3,0.1,0.06896551724137931
s042,20,4,0.1,0.06648648648648649
s042,20,5,0.1,0.06787878787878787
s042,20,6,0.1,0.07
s042,20,7,0.1,0.06580645161290322
s042,20,8,0.1,0.06827586206896552
s042,20,9,0.1,0.07333333333333333
s042,30,0,0.1,0.08054054054054055
s042,30,1,0.1,0.07411764705882352
s042,30,2,0.1,0.06553191489361702
s042,30,3,0.1,0.0761904761904762
s042,30,4,0.1,0.07714285714285715
s042,30,5,0.1,0.07230769230769231
s042,30,6,0.1,0.08
s042,30,7,0.1,0.0768
s042,30,8,0.1,0.07692307692307693
s042,30,9,0.1,0.07600000000000001
s042,1,0,0.2,0.06482758620689655
s042,20,0,0.2,0.06702702702702704
s042,20,1,0.2,0.0611764705882353
s042,20,2,0.2,0.06
s042,20,3,0.2,0.065
s042,20,4,0.2,0.065
s042,20,5,0.2,0.06606060606060607
s042,20,6,0.2,0.06941176470588237
s042,20,7,0.2,0.06260869565217392
s042,20,8,0.2,0.06315789473684211
s042,20,9,0.2,0.06755555555555556
s042,30,0,0.2,0.07384615384615384
s042,30,1,0.2,0.07333333333333333
s042,30,2,0.2,0.06307692307692307
s042,30,3,0.2,0.07217391304347825
s042,30,4,0.2,0.07272727272727272
s042,30,5,0.2,0.06615384615384615
s042,30,6,0.2,0.08444444444444446
s042,30,7,0.2,0.07148936170212765
s042,30,8,0.2,0.07538461538461538
s042,30,9,0.2,0.07217391304347825
s042,1,0,0.3,0.0616
s042,20,0,0.3,0.065
s042,20,1,0.3,0.06
s042,20,2,0.3,0.05999999999999999
s042,20,3,0.3,0.06344827586206897
s042,20,4,0.3,0.06275862068965517
s042,20,5,0.3,0.06
s042,20,6,0.3,0.06588235294117648
s042,20,7,0.3,0.06454545454545454
s042,20,8,0.3,0.060000000000000005
s042,20,9,0.3,0.0632
s042,30,0,0.3,0.0704
s042,30,1,0.3,0.06941176470588237
s042,30,2,0.3,0.05878787878787879
s042,30,3,0.3,0.06705882352941177
s042,30,4,0.3,0.06689655172413793
s042,30,5,0.3,0.06551724137931034
s042,30,6,0.3,0.08173913043478262
s042,30,7,0.3,0.06473684210526315
s042,30,8,0.3,0.07619047619047618
s042,30,9,0.3,0.06909090909090909
s042,1,0,0.4,0.05714285714285714
s042,20,0,0.4,0.065
s042,20,1,0.4,0.05655172413793104
s042,20,2,0.4,0.06
s042,20,3,0.4,0.05904761904761905
s042,20,4,0.4,0.06000000000000001
s042,20,5,0.4,0.06
s042,20,6,0.4,0.0648
s042,20,7,0.4,0.06
s042,20,8,0.4,0.060000000000000005
s042,20,9,0.4,0.06
s042,30,0,0.4,0.06571428571428571
s042,30,1,0.4,0.06769230769230769
s042,30,2,0.4,0.05846153846153846
s042,30,3,0.4,0.064
s042,30,4,0.4,0.065
s042,30,5,0.4,0.06639999999999999
s042,30,6,0.4,0.07555555555555557
s042,30,7,0.4,0.06210526315789474
s042,30,8,0.4,0.07
s042,30,9,0.4,0.065
s042,1,0,0.5,0.05619047619047618
s042,20,0,0.5,0.06
s042,20,1,0.5,0.055
s042,20,2,0.5,0.05529411764705883
s042,20,3,0.5,0.05500000000000001
s042,20,4,0.5,0.06
s042,20,5,0.5,0.057777777777777775
s042,20,6,0.5,0.06
s042,20,7,0.5,0.06
s042,20,8,0.5,0.06
s042,20,9,0.5,0.05757575757575758
s042,30,0,0.5,0.06380952380952382
s042,30,1,0.5,0.06470588235294118
s042,30,2,0.5,0.05647058823529412
s042,30,3,0.5,0.06285714285714286
s042,30,4,0.5,0.0623529411764706
s042,30,5,0.5,0.06823529411764706
s042,30,6,0.5,0.07354838709677419
s042,30,7,0.5,0.05857142857142857
s042,30,8,0.5,0.06866666666666665
s042,30,9,0.5,0.06363636363636363
s042,1,0,0.6,0.06
s042,20,0,0.6,0.055384615384615386
s042,20,1,0.6,0.05294117647058824
s042,20,2,0.6,0.05500000000000001
s042,20,3,0.6,0.05499999999999999
s042,20,4,0.6,0.06
s042,20,5,0.6,0.05529411764705883
s042,20,6,0.6,0.06000000000000001
s042,20,7,0.6,0.06
s042,20,8,0.6,0.06
s042,20,9,0.6,0.06
s042,30,0,0.6,0.06
s042,30,1,0.6,0.065
s042,30,2,0.6,0.05764705882352941
s042,30,3,0.6,0.06631578947368422
s042,30,4,0.6,0.060952380952380945
s042,30,5,0.6,0.06857142857142857
s042,30,6,0.6,0.07363636363636364
s042,30,7,0.6,0.05600000000000001
s042,30,8,0.6,0.065
s042,30,9,0.6,0.06444444444444444
s042,1,0,0.7,0.055
s042,20,0,0.7,0.05500000000000001
s042,20,1,0.7,0.04923076923076923
s042,20,2,0.7,0.055
s042,20,3,0.7,0.05500000000000001
s042,20,4,0.7,0.055999999999999994
s042,20,5,0.7,0.04923076923076923
s042,20,6,0.7,0.055238095238095225
s042,20,7,0.7,0.05846153846153846
s042,20,8,0.7,0.05999999999999999
s042,20,9,0.7,0.06
s042,30,0,0.7,0.06
s042,30,1,0.7,0.06499999999999999
s042,30,2,0.7,0.06066666666666667
s042,30,3,0.7,0.06923076923076923
s042,30,4,0.7,0.06240000000000001
s042,30,5,0.7,0.06571428571428573
s042,30,6,0.7,0.075
s042,30,7,0.7,0.05333333333333333
s042,30,8,0.7,0.065
s042,30,9,0.7,0.06461538461538462
s042,1,0,0.8,0.05384615384615385
s042,20,0,0.8,0.057777777777777775
s042,20,1,0.8,0.044000000000000004
s042,20,2,0.8,0.05
s042,20,3,0.8,0.055
s042,20,4,0.8,0.048888888888888885
s042,20,5,0.8,0.045
s042,20,6,0.8,0.05000000000000002
s042,20,7,0.8,0.05499999999999999
s042,20,8,0.8,0.05499999999999999
s042,20,9,0.8,0.06
s042,30,0,0.8,0.05904761904761904
s042,30,1,0.8,0.06
s042,30,2,0.8,0.06000000000000001
s042,30,3,0.8,0.07
s042,30,4,0.8,0.06
s042,30,5,0.8,0.06444444444444444
s042,30,6,0.8,0.07111111111111111
s042,30,7,0.8,0.05333333333333333
s042,30,8,0.8,0.057777777777777775
s042,30,9,0.8,0.06444444444444444
s042,1,0,0.9,0.05000000000000005
s042,20,0,0.9,0.05
s042,20,1,0.9,0.038571428571428576
s042,20,2,0.9,0.04461538461538461
s042,20,3,0.9,0.045
s042,20,4,0.9,0.048000000000000015
s042,20,5,0.9,0.04
s042,20,6,0.9,0.04444444444444444
s042,20,7,0.9,0.05
s042,20,8,0.9,0.04799999999999997
s042,20,9,0.9,0.04666666666666667
s042,30,0,0.9,0.044999999999999984
s042,30,1,0.9,0.055000000000000014
s042,30,2,0.9,0.055000000000000035
s042,30,3,0.9,0.055
s042,30,4,0.9,0.05
s042,30,5,0.9,0.055
s042,30,6,0.9,0.06
s042,30,7,0.9,0.04799999999999996
s042,30,8,0.9,0.050000000000000024
s042,30,9,0.9,0.06
s042,1,0,1.0,0.03500000000000005
s042,20,0,1.0,0.048
s042,20,1,1.0,0.036000000000000025
s042,20,2,1.0,0.03599999999999995
s042,20,3,1.0,0.04
s042,20,4,1.0,0.04499999999999994
s042,20,5,1.0,0.035
s042,20,6,1.0,0.035
s042,20,7,1.0,0.045
s042,20,8,1.0,0.04
s042,20,9,1.0,0.04
s042,30,0,1.0,0.039999999999999994
s042,30,1,1.0,0.03500000000000005
s042,30,2,1.0,0.04499999999999994
s042,30,3,1.0,0.04
s042,30,4,1.0,0.03500000000000005
s042,30,5,1.0,0.0500000000000001
s042,30,6,1.0,0.05333333333333333
s042,30,7,1.0,0.04222222222222222
s042,30,8,1.0,0.048000000000000057
s042,30,9,1.0,0.045
s043,1,0,0.0,0.02
s043,20,0,0.0,0.025
s043,20,1,0.0,0.03
s043,20,2,0.0,0.03
s043,20,3,0.0,0.023999999999999997
s043,20,4,0.0,0.025000000000000005
s043,20,5,0.0,0.024444444444444442
s043,20,6,0.0,0.022222222222222223
s043,20,7,0.0,0.025000000000000005
s043,20,8,0.0,0.02842105263157895
s043,20,9,0.0,0.03555555555555555
s043,30,0,0.0,0.04
s043,30,1,0.0,0.03571428571428571
s043,30,2,0.0,0.033846153846153845
s043,30,3,0.0,0.044999999999999984
s043,30,4,0.0,0.025
s043,30,5,0.0,0.04516129032258065
s043,30,6,0.0,0.055999999999999994
s043,30,7,0.0,0.03333333333333333
s043,30,8,0.0,0.04153846153846154
s043,30,9,0.0,0.04
s043,1,0,0.1,0.02
s043,20,0,0.1,0.02
s043,20,1,0.1,0.028000000000000004
s043,20,2,0.1,0.027999999999999997
s043,20,3,0.1,0.022222222222222223
s043,20,4,0.1,0.025000000000000015
s043,20,5,0.1,0.024
s043,20,6,0.1,0.02
s043,20,7,0.1,0.022222222222222223
s043,20,8,0.1,0.028000000000000004
s043,20,9,0.1,0.03
s043,30,0,0.1,0.035
s043,30,1,0.1,0.036
s043,30,2,0.1,0.03333333333333333
s043,30,3,0.1,0.04117647058823529
s043,30,4,0.1,0.02615384615384616
s043,30,5,0.1,0.04470588235294118
s043,30,6,0.1,0.048
s043,30,7,0.1,0.031818181818181815
s043,30,8,0.1,0.042222222222222223
s043,30,9,0.1,0.04
s043,1,0,0.2,0.016000000000000004
s043,20,0,0.2,0.022222222222222227
s043,20,1,0.2,0.024000000000000004
s043,20,2,0.2,0.024000000000000007
s043,20,3,0.2,0.02
s043,20,4,0.2,0.022222222222222223
s043,20,5,0.2,0.023999999999999997
s043,20,6,0.2,0.02
s043,20,7,0.2,0.0211764705882353
s043,20,8,0.2,0.028000000000000004
s043,20,9,0.2,0.026153846153846156
s043,30,0,0.2,0.035
s043,30,1,0.2,0.04
s043,30,2,0.2,0.03199999999999999
s043,30,3,0.2,0.04
s043,30,4,0.2,0.026153846153846156
s043,30,5,0.2,0.04307692307692308
s043,30,6,0.2,0.04666666666666666
s043,30,7,0.2,0.03285714285714286
s043,30,8,0.2,0.041052631578947375
s043,30,9,0.2,0.035555555555555556
s043,1,0,0.3,0.014999999999999989
s043,20,0,0.3,0.024
s043,20,1,0.3,0.022222222222222223
s043,20,2,0.3,0.01777777777777778
s043,20,3,0.3,0.02
s043,20,4,0.3,0.02
s043,20,5,0.3,0.02153846153846154
s043,20,6,0.3,0.017647058823529408
s043,20,7,0.3,0.02
s043,20,8,0.3,0.02666666666666667
s043,20,9,0.3,0.027999999999999997
s043,30,0,0.3,0.035
s043,30,1,0.3,0.03777777777777777
s043,30,2,0.3,0.032
s043,30,3,0.3,0.04444444444444444
s043,30,4,0.3,0.02500000000000001
s043,30,5,0.3,0.04
s043,30,6,0.3,0.044000000000000025
s043,30,7,0.3,0.03285714285714286
s043,30,8,0.3,0.0368421052631579
s043,30,9,0.3,0.03
s043,1,0,0.4,0.015
s043,20,0,0.4,0.024444444444444442
s043,20,1,0.4,0.02
s043,20,2,0.4,0.015555555555555555
s043,20,3,0.4,0.014999999999999994
s043,20,4,0.4,0.02
s043,20,5,0.4,0.018461538461538463
s043,20,6,0.4,0.014999999999999982
s043,20,7,0.4,0.015384615384615384
s043,20,8,0.4,0.02
s043,20,9,0.4,0.02666666666666667
s043,30,0,0.4,0.03111111111111111
s043,30,1,0.4,0.03333333333333333
s043,30,2,0.4,0.026153846153846156
s043,30,3,0.4,0.04
s043,30,4,0.4,0.02666666666666667
s043,30,5,0.4,0.036000000000000004
s043,30,6,0.4,0.04
s043,30,7,0.4,0.03200000000000001
s043,30,8,0.4,0.03578947368421052
s043,30,9,0.4,0.03
s043,1,0,0.5,0.015
s043,20,0,0.5,0.02
s043,20,1,0.5,0.02
s043,20,2,0.5,0.015384615384615385
s043,20,3,0.5,0.014999999999999993
s043,20,4,0.5,0.02
s043,20,5,0.5,0.015
s043,20,6,0.5,0.015555555555555555
s043,20,7,0.5,0.015
s043,20,8,0.5,0.02
s043,20,9,0.5,0.027999999999999994
s043,30,0,0.5,0.03
s043,30,1,0.5,0.03111111111111111
s043,30,2,0.5,0.028888888888888888
s043,30,3,0.5,0.04
s043,30,4,0.5,0.024000000000000007
s043,30,5,0.5,0.031111111111111114
s043,30,6,0.5,0.04
s043,30,7,0.5,0.03
s043,30,8,0.5,0.03571428571428571
s043,30,9,0.5,0.028
s043,1,0,0.6,0.015
s043,20,0,0.6,0.024000000000000007
s043,20,1,0.6,0.02
s043,20,2,0.6,0.014999999999999993
s043,20,3,0.6,0.014999999999999993
s043,20,4,0.6,0.02
s043,20,5,0.6,0.015
s043,20,6,0.6,0.02
s043,20,7,0.6,0.016000000000000007
s043,20,8,0.6,0.02
s043,20,9,0.6,0.024444444444444442
s043,30,0,0.6,0.028000000000000018
s043,30,1,0.6,0.02500000000000002
s043,30,2,0.6,0.03
s043,30,3,0.6,0.038461538461538464
s043,30,4,0.6,0.024
s043,30,5,0.6,0.02500000000000002
s043,30,6,0.6,0.035
s043,30,7,0.6,0.028000000000000004
s043,30,8,0.6,0.04
s043,30,9,0.6,0.025000000000000015
s043,1,0,0.7,0.014999999999999989
s043,20,0,0.7,0.023999999999999994
s043,20,1,0.7,0.02
s043,20,2,0.7,0.015999999999999993
s043,20,3,0.7,0.01500000000000001
s043,20,4,0.7,0.02
s043,20,5,0.7,0.01846153846153846
s043,20,6,0.7,0.02
s043,20,7,0.7,0.018571428571428576
s043,20,8,0.7,0.02
s043,20,9,0.7,0.026666666666666672
s043,30,0,0.7,0.02799999999999999
s043,30,1,0.7,0.03
s043,30,2,0.7,0.031764705882352945
s043,30,3,0.7,0.0323076923076923
s043,30,4,0.7,0.03
s043,30,5,0.7,0.025
s043,30,6,0.7,0.032
s043,30,7,0.7,0.03000000000000001
s043,30,8,0.7,0.04499999999999998
s043,30,9,0.7,0.025
s043,1,0,0.8,0.014999999999999986
s043,20,0,0.8,0.02500000000000003
s043,20,1,0.8,0.02
s043,20,2,0.8,0.016000000000000007
s043,20,3,0.8,0.015
s043,20,4,0.8,0.024000000000000007
s043,20,5,0.8,0.02
s043,20,6,0.8,0.023999999999999987
s043,20,7,0.8,0.02
s043,20,8,0.8,0.025
s043,20,9,0.8,0.03
s043,30,0,0.8,0.02888888888888888
s043,30,1,0.8,0.03
s043,30,2,0.8,0.035
s043,30,3,0.8,0.03
s043,30,4,0.8,0.03200000000000003
s043,30,5,0.8,0.03111111111111111
s043,30,6,0.8,0.03857142857142859
s043,30,7,0.8,0.036000000000000004
s043,30,8,0.8,0.04
s043,30,9,0.8,0.02888888888888889
s043,1,0,0.9,0.016000000000000025
s043,20,0,0.9,0.027999999999999952
s043,20,1,0.9,0.022222222222222233
s043,20,2,0.9,0.02
s043,20,3,0.9,0.023999999999999976
s043,20,4,0.9,0.025
s043,20,5,0.9,0.023999999999999976
s043,20,6,0.9,0.024000000000000025
s043,20,7,0.9,0.02
s043,20,8,0.9,0.03
s043,20,9,0.9,0.030000000000000047
s043,30,0,0.9,0.03200000000000005
s043,30,1,0.9,0.025
s043,30,2,0.9,0.02999999999999995
s043,30,3,0.9,0.02999999999999995
s043,30,4,0.9,0.03333333333333333
s043,30,5,0.9,0.04
s043,30,6,0.9,0.044
s043,30,7,0.9,0.04
s043,30,8,0.9,0.04000000000000009
s043,30,9,0.9,0.035
s043,1,0,1.0,0.016
s043,20,0,1.0,0.029999999999999902
s043,20,1,1.0,0.022222222222222227
s043,20,2,1.0,0.02222222222222222
s043,20,3,1.0,0.03
s043,20,4,1.0,0.025
s043,20,5,1.0,0.023999999999999952
s043,20,6,1.0,0.024999999999999953
s043,20,7,1.0,0.0250000000000001
s043,20,8,1.0,0.035
s043,20,9,1.0,0.028
s043,30,0,1.0,0.03200000000000005
s043,30,1,1.0,0.02400000000000005
s043,30,2,1.0,0.03
s043,30,3,1.0,0.02500000000000005
s043,30,4,1.0,0.035000000000000045
s043,30,5,1.0,0.0350000000000002
s043,30,6,1.0,0.048000000000000057
s043,30,7,1.0,0.03500000000000005
s043,30,8,1.0,0.04444444444444446
s043,30,9,1.0,0.03
s044,1,0,0.0,0.09471698113207547
s044,20,0,0.0,0.11698630136986302
s044,20,1,0.0,0.1097872340425532
s044,20,2,0.0,0.09538461538461539
s044,20,3,0.0,0.1257894736842105
s044,20,4,0.0,0.1182051282051282
s044,20,5,0.0,0.1088
s044,20,6,0.0,0.108125
s044,20,7,0.0,0.1015
s044,20,8,0.0,0.11375
s044,20,9,0.0,0.13095890410958905
s044,30,0,0.0,0.12
s044,30,1,0.0,0.11138461538461539
s044,30,2,0.0,0.12057142857142858
s044,30,3,0.0,0.13708333333333333
s044,30,4,0.0,0.13073170731707318
s044,30,5,0.0,0.13322033898305086
s044,30,6,0.0,0.14271186440677966
s044,30,7,0.0,0.09461538461538462
s044,30,8,0.0,0.13272727272727275
s044,30,9,0.0,0.126
s044,1,0,0.1,0.08976744186046512
s044,20,0,0.1,0.10738095238095238
s044,20,1,0.1,0.10285714285714286
s044,20,2,0.1,0.09125
s044,20,3,0.1,0.1244
s044,20,4,0.1,0.1076923076923077
s044,20,5,0.1,0.10444444444444445
s044,20,6,0.1,0.10461538461538461
s044,20,7,0.1,0.09529411764705883
s044,20,8,0.1,0.10631578947368421
s044,20,9,0.1,0.12377358490566037
s044,30,0,0.1,0.11419354838709678
s044,30,1,0.1,0.11130434782608695
s044,30,2,0.1,0.12121212121212122
s044,30,3,0.1,0.1298245614035088
s044,30,4,0.1,0.12222222222222223
s044,30,5,0.1,0.12848484848484848
s044,30,6,0.1,0.13625
s044,30,7,0.1,0.08923076923076922
s044,30,8,0.1,0.12558139534883722
s044,30,9,0.1,0.12
s044,1,0,0.2,0.0825
s044,20,0,0.2,0.09863013698630137
s044,20,1,0.2,0.09943661971830986
s044,20,2,0.2,0.09148936170212767
s044,20,3,0.2,0.11692307692307694
s044,20,4,0.2,0.10041666666666668
s044,20,5,0.2,0.09545454545454546
s044,20,6,0.2,0.10222222222222221
s044,20,7,0.2,0.092
s044,20,8,0.2,0.1
s044,20,9,0.2,0.11290322580645162
s044,30,0,0.2,0.11142857142857142
s044,30,1,0.2,0.10782608695652174
s044,30,2,0.2,0.11942857142857143
s044,30,3,0.2,0.11813953488372093
s044,30,4,0.2,0.11727272727272728
s044,30,5,0.2,0.12222222222222222
s044,30,6,0.2,0.12866666666666668
s044,30,7,0.2,0.08511627906976743
s044,30,8,0.2,0.12461538461538463
s044,30,9,0.2,0.11310344827586208
s044,1,0,0.3,0.07545454545454545
s044,20,0,0.3,0.09333333333333332
s044,20,1,0.3,0.0846808510638298
s044,20,2,0.3,0.08915254237288137
s044,20,3,0.3,0.10862068965517241
s044,20,4,0.3,0.09534883720930233
s044,20,5,0.3,0.08171428571428571
s044,20,6,0.3,0.10171428571428572
s044,20,7,0.3,0.08444444444444445
s044,20,8,0.3,0.1009090909090909
s044,20,9,0.3,0.10529411764705882
s044,30,0,0.3,0.11333333333333333
s044,30,1,0.3,0.10750000000000001
s044,30,2,0.3,0.11777777777777779
s044,30,3,0.3,0.1175609756097561
s044,30,4,0.3,0.11578947368421053
s044,30,5,0.3,0.1213793103448276
s044,30,6,0.3,0.122
s044,30,7,0.3,0.08468085106382978
s044,30,8,0.3,0.11555555555555556
s044,30,9,0.3,0.10680851063829788
s044,1,0,0.4,0.07076923076923076
s044,20,0,0.4,0.09846153846153846
s044,20,1,0.4,0.08133333333333334
s044,20,2,0.4,0.08105263157894738
s044,20,3,0.4,0.11058823529411765
s044,20,4,0.4,0.08930232558139535
s044,20,5,0.4,0.07733333333333334
s044,20,6,0.4,0.0975609756097561
s044,20,7,0.4,0.07500000000000001
s044,20,8,0.4,0.091
s044,20,9,0.4,0.10319999999999999
s044,30,0,0.4,0.10941176470588238
s044,30,1,0.4,0.11200000000000002
s044,30,2,0.4,0.11384615384615385
s044,30,3,0.4,0.11285714285714286
s044,30,4,0.4,0.11285714285714286
s044,30,5,0.4,0.11777777777777779
s044,30,6,0.4,0.10549019607843138
s044,30,7,0.4,0.09098039215686274
s044,30,8,0.4,0.10912280701754384
s044,30,9,0.4,0.10421052631578946
s044,1,0,0.5,0.06521739130434782
s044,20,0,0.5,0.09777777777777778
s044,20,1,0.5,0.07857142857142857
s044,20,2,0.5,0.079
s044,20,3,0.5,0.10285714285714287
s044,20,4,0.5,0.08787878787878789
s044,20,5,0.5,0.07111111111111111
s044,20,6,0.5,0.09280000000000001
s044,20,7,0.5,0.0737142857142857
s044,20,8,0.5,0.08482758620689657
s044,20,9,0.5,0.1008695652173913
s044,30,0,0.5,0.1
s044,30,1,0.5,0.11
s044,30,2,0.5,0.11032258064516129
s044,30,3,0.5,0.10578947368421052
s044,30,4,0.5,0.10799999999999998
s044,30,5,0.5,0.11545454545454545
s044,30,6,0.5,0.0982608695652174
s044,30,7,0.5,0.093125
s044,30,8,0.5,0.10461538461538461
s044,30,9,0.5,0.09365853658536585
s044,1,0,0.6,0.06521739130434782
s044,20,0,0.6,0.092
s044,20,1,0.6,0.08
s044,20,2,0.6,0.0776470588235294
s044,20,3,0.6,0.09764705882352942
s044,20,4,0.6,0.08454545454545456
s044,20,5,0.6,0.06499999999999999
s044,20,6,0.6,0.08444444444444445
s044,20,7,0.6,0.07120000000000001
s044,20,8,0.6,0.07809523809523808
s044,20,9,0.6,0.09384615384615386
s044,30,0,0.6,0.09111111111111111
s044,30,1,0.6,0.1111111111111111
s044,30,2,0.6,0.10272727272727272
s044,30,3,0.6,0.09529411764705882
s044,30,4,0.6,0.10399999999999998
s044,30,5,0.6,0.11040000000000001
s044,30,6,0.6,0.09076923076923077
s044,30,7,0.6,0.09176470588235294
s044,30,8,0.6,0.09870967741935484
s044,30,9,0.6,0.08800000000000001
s044,1,0,0.7,0.06352941176470589
s044,20,0,0.7,0.092
s044,20,1,0.7,0.08529411764705885
s044,20,2,0.7,0.07806451612903226
s044,20,3,0.7,0.09257142857142858
s044,20,4,0.7,0.08
s044,20,5,0.7,0.065
s044,20,6,0.7,0.08307692307692308
s044,20,7,0.7,0.07076923076923076
s044,20,8,0.7,0.07636363636363636
s044,20,9,0.7,0.09090909090909091
s044,30,0,0.7,0.08714285714285713
s044,30,1,0.7,0.1111111111111111
s044,30,2,0.7,0.10181818181818181
s044,30,3,0.7,0.09130434782608696
s044,30,4,0.7,0.09312500000000001
s044,30,5,0.7,0.10428571428571429
s044,30,6,0.7,0.08888888888888889
s044,30,7,0.7,0.095
s044,30,8,0.7,0.09058823529411766
s044,30,9,0.7,0.08363636363636365
s044,1,0,0.8,0.06
s044,20,0,0.8,0.08857142857142858
s044,20,1,0.8,0.0857142857142857
s044,20,2,0.8,0.08347826086956521
s044,20,3,0.8,0.09034482758620693
s044,20,4,0.8,0.0790909090909091
s044,20,5,0.8,0.06999999999999998
s044,20,6,0.8,0.08571428571428572
s044,20,7,0.8,0.07076923076923078
s044,20,8,0.8,0.08181818181818182
s044,20,9,0.8,0.09181818181818183
s044,30,0,0.8,0.08307692307692308
s044,30,1,0.8,0.11076923076923077
s044,30,2,0.8,0.10142857142857142
s044,30,3,0.8,0.08499999999999999
s044,30,4,0.8,0.09428571428571426
s044,30,5,0.8,0.10399999999999998
s044,30,6,0.8,0.08666666666666667
s044,30,7,0.8,0.09555555555555556
s044,30,8,0.8,0.09076923076923077
s044,30,9,0.8,0.084
s044,1,0,0.9,0.06222222222222222
s044,20,0,0.9,0.08499999999999999
s044,20,1,0.9,0.08666666666666667
s044,20,2,0.9,0.08799999999999997
s044,20,3,0.9,0.08923076923076922
s044,20,4,0.9,0.08400000000000005
s044,20,5,0.9,0.07555555555555556
s044,20,6,0.9,0.08666666666666667
s044,20,7,0.9,0.07199999999999998
s044,20,8,0.9,0.08153846153846155
s044,20,9,0.9,0.095
s044,30,0,0.9,0.08666666666666667
s044,30,1,0.9,0.11500000000000002
s044,30,2,0.9,0.10444444444444445
s044,30,3,0.9,0.08500000000000002
s044,30,4,0.9,0.095
s044,30,5,0.9,0.10499999999999998
s044,30,6,0.9,0.08999999999999997
s044,30,7,0.9,0.096
s044,30,8,0.9,0.0911111111111111
s044,30,9,0.9,0.08
s044,1,0,1.0,0.06307692307692306
s044,20,0,1.0,0.085
s044,20,1,1.0,0.08800000000000002
s044,20,2,1.0,0.09
s044,20,3,1.0,0.08500000000000006
s044,20,4,1.0,0.08400000000000003
s044,20,5,1.0,0.07777777777777778
s044,20,6,1.0,0.08666666666666667
s044,20,7,1.0,0.08
s044,20,8,1.0,0.08499999999999998
s044,20,9,1.0,0.09500000000000003
s044,30,0,1.0,0.096
s044,30,1,1.0,0.12
s044,30,2,1.0,0.1
s044,30,3,1.0,0.09
s044,30,4,1.0,0.095
s044,30,5,1.0,0.11
s044,30,6,1.0,0.09555555555555557
s044,30,7,1.0,0.10666666666666667
s044,30,8,1.0,0.09500000000000003
s044,30,9,1.0,0.08500000000000006
s046,1,0,0.0,0.13073170731707318
s046,20,0,0.0,0.12444444444444444
s046,20,1,0.0,0.13702127659574467
s046,20,2,0.0,0.12
s046,20,3,0.0,0.13345454545454546
s046,20,4,0.0,0.13787234042553193
s046,20,5,0.0,0.13956521739130434
s046,20,6,0.0,0.13222222222222224
s046,20,7,0.0,0.13363636363636364
s046,20,8,0.0,0.14372881355932204
s046,20,9,0.0,0.12964285714285714
s046,30,0,0.0,0.138
s046,30,1,0.0,0.1416949152542373
s046,30,2,0.0,0.13545454545454547
s046,30,3,0.0,0.12432432432432433
s046,30,4,0.0,0.14705882352941177
s046,30,5,0.0,0.1255
s046,30,6,0.0,0.152
s046,30,7,0.0,0.13728813559322034
s046,30,8,0.0,0.13704918032786886
s046,30,9,0.0,0.15178082191780823
s046,1,0,0.1,0.12470588235294118
s046,20,0,0.1,0.112
s046,20,1,0.1,0.13538461538461538
s046,20,2,0.1,0.1111111111111111
s046,20,3,0.1,0.11962264150943397
s046,20,4,0.1,0.1276923076923077
s046,20,5,0.1,0.1356521739130435
s046,20,6,0.1,0.125
s046,20,7,0.1,0.11869565217391306
s046,20,8,0.1,0.13777777777777778
s046,20,9,0.1,0.12461538461538463
s046,30,0,0.1,0.12654545454545454
s046,30,1,0.1,0.12117647058823529
s046,30,2,0.1,0.12304347826086956
s046,30,3,0.1,0.12
s046,30,4,0.1,0.13230769230769232
s046,30,5,0.1,0.11161290322580646
s046,30,6,0.1,0.13
s046,30,7,0.1,0.12588235294117647
s046,30,8,0.1,0.12597014925373134
s046,30,9,0.1,0.1375
s046,1,0,0.2,0.1102127659574468
s046,20,0,0.2,0.1076923076923077
s046,20,1,0.2,0.1323076923076923
s046,20,2,0.2,0.10705882352941176
s046,20,3,0.2,0.11739130434782608
s046,20,4,0.2,0.12620689655172412
s046,20,5,0.2,0.12857142857142856
s046,20,6,0.2,0.125
s046,20,7,0.2,0.11155555555555557
s046,20,8,0.2,0.13538461538461538
s046,20,9,0.2,0.11966101694915254
s046,30,0,0.2,0.11674418604651163
s046,30,1,0.2,0.11647058823529412
s046,30,2,0.2,0.12130434782608696
s046,30,3,0.2,0.11809523809523809
s046,30,4,0.2,0.11714285714285713
s046,30,5,0.2,0.10400000000000001
s046,30,6,0.2,0.12952380952380954
s046,30,7,0.2,0.11574468085106383
s046,30,8,0.2,0.122
s046,30,9,0.2,0.1229032258064516
s046,1,0,0.3,0.10222222222222221
s046,20,0,0.3,0.10461538461538461
s046,20,1,0.3,0.1290909090909091
s046,20,2,0.3,0.105
s046,20,3,0.3,0.11842105263157895
s046,20,4,0.3,0.11870967741935484
s046,20,5,0.3,0.12380952380952381
s046,20,6,0.3,0.12216216216216216
s046,20,7,0.3,0.11
s046,20,8,0.3,0.12235294117647058
s046,20,9,0.3,0.10976744186046512
s046,30,0,0.3,0.11263157894736842
s046,30,1,0.3,0.11384615384615385
s046,30,2,0.3,0.12352941176470589
s046,30,3,0.3,0.11333333333333334
s046,30,4,0.3,0.10842105263157895
s046,30,5,0.3,0.10709677419354838
s046,30,6,0.3,0.13027027027027027
s046,30,7,0.3,0.10566037735849057
s046,30,8,0.3,0.11818181818181818
s046,30,9,0.3,0.11846153846153847
s046,1,0,0.4,0.10516129032258065
s046,20,0,0.4,0.1
s046,20,1,0.4,0.12153846153846154
s046,20,2,0.4,0.105
s046,20,3,0.4,0.1096
s046,20,4,0.4,0.10933333333333334
s046,20,5,0.4,0.11696969696969697
s046,20,6,0.4,0.11777777777777779
s046,20,7,0.4,0.10235294117647059
s046,20,8,0.4,0.11125
s046,20,9,0.4,0.105
s046,30,0,0.4,0.10500000000000001
s046,30,1,0.4,0.10800000000000001
s046,30,2,0.4,0.1254054054054054
s046,30,3,0.4,0.11161290322580646
s046,30,4,0.4,0.11028571428571429
s046,30,5,0.4,0.1076923076923077
s046,30,6,0.4,0.128
s046,30,7,0.4,0.10222222222222223
s046,30,8,0.4,0.11777777777777779
s046,30,9,0.4,0.1180952380952381
s046,1,0,0.5,0.1
s046,20,0,0.5,0.10300000000000001
s046,20,1,0.5,0.12
s046,20,2,0.5,0.10476190476190475
s046,20,3,0.5,0.116875
s046,20,4,0.5,0.10454545454545455
s046,20,5,0.5,0.11268292682926828
s046,20,6,0.5,0.10742857142857143
s046,20,7,0.5,0.10181818181818181
s046,20,8,0.5,0.10521739130434782
s046,20,9,0.5,0.1032
s046,30,0,0.5,0.10095238095238096
s046,30,1,0.5,0.11
s046,30,2,0.5,0.12181818181818181
s046,30,3,0.5,0.10999999999999999
s046,30,4,0.5,0.10967741935483871
s046,30,5,0.5,0.10666666666666666
s046,30,6,0.5,0.12352941176470589
s046,30,7,0.5,0.1
s046,30,8,0.5,0.114375
s046,30,9,0.5,0.12
s046,1,0,0.6,0.10222222222222221
s046,20,0,0.6,0.10727272727272727
s046,20,1,0.6,0.11677419354838708
s046,20,2,0.6,0.10500000000000001
s046,20,3,0.6,0.11421052631578947
s046,20,4,0.6,0.10380952380952381
s046,20,5,0.6,0.10823529411764705
s046,20,6,0.6,0.1
s046,20,7,0.6,0.1
s046,20,8,0.6,0.1088888888888889
s046,20,9,0.6,0.10160000000000001
s046,30,0,0.6,0.092
s046,30,1,0.6,0.11058823529411765
s046,30,2,0.6,0.12
s046,30,3,0.6,0.10588235294117647
s046,30,4,0.6,0.10466666666666666
s046,30,5,0.6,0.1038709677419355
s046,30,6,0.6,0.11692307692307692
s046,30,7,0.6,0.10571428571428572
s046,30,8,0.6,0.1123076923076923
s046,30,9,0.6,0.11333333333333334
s046,1,0,0.7,0.10666666666666666
s046,20,0,0.7,0.11
s046,20,1,0.7,0.10714285714285715
s046,20,2,0.7,0.11
s046,20,3,0.7,0.12
s046,20,4,0.7,0.10352941176470588
s046,20,5,0.7,0.11
s046,20,6,0.7,0.10444444444444444
s046,20,7,0.7,0.10307692307692307
s046,20,8,0.7,0.10499999999999998
s046,20,9,0.7,0.10272727272727272
s046,30,0,0.7,0.09647058823529411
s046,30,1,0.7,0.10500000000000001
s046,30,2,0.7,0.11764705882352941
s046,30,3,0.7,0.1057142857142857
s046,30,4,0.7,0.11076923076923077
s046,30,5,0.7,0.10285714285714286
s046,30,6,0.7,0.11500000000000002
s046,30,7,0.7,0.11478260869565218
s046,30,8,0.7,0.1135483870967742
s046,30,9,0.7,0.1076923076923077
s046,1,0,0.8,0.10666666666666666
s046,20,0,0.8,0.11500000000000002
s046,20,1,0.8,0.11384615384615385
s046,20,2,0.8,0.12153846153846154
s046,20,3,0.8,0.12470588235294117
s046,20,4,0.8,0.11500000000000002
s046,20,5,0.8,0.12
s046,20,6,0.8,0.10666666666666666
s046,20,7,0.8,0.10952380952380954
s046,20,8,0.8,0.105
s046,20,9,0.8,0.10222222222222223
s046,30,0,0.8,0.1
s046,30,1,0.8,0.11076923076923076
s046,30,2,0.8,0.124
s046,30,3,0.8,0.10285714285714286
s046,30,4,0.8,0.12222222222222222
s046,30,5,0.8,0.10307692307692308
s046,30,6,0.8,0.11500000000000002
s046,30,7,0.8,0.11777777777777777
s046,30,8,0.8,0.12
s046,30,9,0.8,0.11647058823529412
s046,1,0,0.9,0.10800000000000001
s046,20,0,0.9,0.115
s046,20,1,0.9,0.116
s046,20,2,0.9,0.12
s046,20,3,0.9,0.128
s046,20,4,0.9,0.11200000000000002
s046,20,5,0.9,0.12
s046,20,6,0.9,0.11
s046,20,7,0.9,0.10823529411764707
s046,20,8,0.9,0.10222222222222221
s046,20,9,0.9,0.105
s046,30,0,0.9,0.10444444444444445
s046,30,1,0.9,0.12
s046,30,2,0.9,0.13142857142857145
s046,30,3,0.9,0.1088888888888889
s046,30,4,0.9,0.12571428571428572
s046,30,5,0.9,0.10285714285714284
s046,30,6,0.9,0.11333333333333334
s046,30,7,0.9,0.11999999999999998
s046,30,8,0.9,0.12
s046,30,9,0.9,0.124
s046,1,0,1.0,0.10500000000000002
s046,20,0,1.0,0.12
s046,20,1,1.0,0.125
s046,20,2,1.0,0.12
s046,20,3,1.0,0.12400000000000003
s046,20,4,1.0,0.11199999999999999
s046,20,5,1.0,0.12
s046,20,6,1.0,0.11200000000000003
s046,20,7,1.0,0.1111111111111111
s046,20,8,1.0,0.104
s046,20,9,1.0,0.10499999999999997
s046,30,0,1.0,0.11
s046,30,1,1.0,0.116
s046,30,2,1.0,0.1288888888888889
s046,30,3,1.0,0.108
s046,30,4,1.0,0.124
s046,30,5,1.0,0.1088888888888889
s046,30,6,1.0,0.12
s046,30,7,1.0,0.1288888888888889
s046,30,8,1.0,0.12400000000000003
s046,30,9,1.0,0.13
s047,1,0,0.0,0.2625
s047,20,0,0.0,0.268
s047,20,1,0.0,0.29058823529411765
s047,20,2,0.0,0.29333333333333333
s047,20,3,0.0,0.2733333333333333
s047,20,4,0.0,0.28
s047,20,5,0.0,0.2787096774193548
s047,20,6,0.0,0.26956521739130435
s047,20,7,0.0,0.28421052631578947
s047,20,8,0.0,0.2736363636363637
s047,20,9,0.0,0.2844444444444444
s047,30,0,0.0,0.295
s047,30,1,0.0,0.29555555555555557
s047,30,2,0.0,0.292
s047,30,3,0.0,0.2866666666666666
s047,30,4,0.0,0.2995121951219512
s047,30,5,0.0,0.29454545454545455
s047,30,6,0.0,0.28888888888888886
s047,30,7,0.0,0.28260869565217395
s047,30,8,0.0,0.315
s047,30,9,0.0,0.296
s047,1,0,0.1,0.26
s047,20,0,0.1,0.26153846153846155
s047,20,1,0.1,0.2778947368421053
s047,20,2,0.1,0.28695652173913044
s047,20,3,0.1,0.26142857142857145
s047,20,4,0.1,0.27636363636363637
s047,20,5,0.1,0.276
s047,20,6,0.1,0.26222222222222225
s047,20,7,0.1,0.2834285714285714
s047,20,8,0.1,0.26875000000000004
s047,20,9,0.1,0.2777777777777778
s047,30,0,0.1,0.28857142857142853
s047,30,1,0.1,0.2964705882352941
s047,30,2,0.1,0.3018181818181818
s047,30,3,0.1,0.285
s047,30,4,0.1,0.28857142857142853
s047,30,5,0.1,0.3030769230769231
s047,30,6,0.1,0.288695652173913
s047,30,7,0.1,0.28222222222222226
s047,30,8,0.1,0.30606060606060603
s047,30,9,0.1,0.29368421052631577
s047,1,0,0.2,0.26222222222222225
s047,20,0,0.2,0.2569230769230769
s047,20,1,0.2,0.28162162162162163
s047,20,2,0.2,0.2812765957446809
s047,20,3,0.2,0.27
s047,20,4,0.2,0.28
s047,20,5,0.2,0.28
s047,20,6,0.2,0.2644444444444445
s047,20,7,0.2,0.28
s047,20,8,0.2,0.28
s047,20,9,0.2,0.2688888888888889
s047,30,0,0.2,0.2909090909090909
s047,30,1,0.2,0.29172413793103447
s047,30,2,0.2,0.3
s047,30,3,0.2,0.2809090909090909
s047,30,4,0.2,0.28444444444444444
s047,30,5,0.2,0.3
s047,30,6,0.2,0.2866666666666666
s047,30,7,0.2,0.28
s047,30,8,0.2,0.2928571428571428
s047,30,9,0.2,0.29
s047,1,0,0.3,0.2571428571428571
s047,20,0,0.3,0.264
s047,20,1,0.3,0.28428571428571425
s047,20,2,0.3,0.28
s047,20,3,0.3,0.2632
s047,20,4,0.3,0.27
s047,20,5,0.3,0.2672727272727273
s047,20,6,0.3,0.256
s047,20,7,0.3,0.28
s047,20,8,0.3,0.2781818181818182
s047,20,9,0.3,0.26222222222222225
s047,30,0,0.3,0.2885714285714286
s047,30,1,0.3,0.29454545454545455
s047,30,2,0.3,0.2928571428571428
s047,30,3,0.3,0.27473684210526317
s047,30,4,0.3,0.2876923076923077
s047,30,5,0.3,0.3005
s047,30,6,0.3,0.2866666666666666
s047,30,7,0.3,0.2741176470588236
s047,30,8,0.3,0.2899999999999999
s047,30,9,0.3,0.285
s047,1,0,0.4,0.26666666666666666
s047,20,0,0.4,0.26666666666666666
s047,20,1,0.4,0.2852173913043478
s047,20,2,0.4,0.2777777777777778
s047,20,3,0.4,0.26588235294117646
s047,20,4,0.4,0.265
s047,20,5,0.4,0.268
s047,20,6,0.4,0.25555555555555554
s047,20,7,0.4,0.27692307692307694
s047,20,8,0.4,0.28444444444444444
s047,20,9,0.4,0.26869565217391306
s047,30,0,0.4,0.2885714285714286
s047,30,1,0.4,0.3
s047,30,2,0.4,0.29142857142857137
s047,30,3,0.4,0.27111111111111114
s047,30,4,0.4,0.2846153846153846
s047,30,5,0.4,0.30666666666666664
s047,30,6,0.4,0.288
s047,30,7,0.4,0.28
s047,30,8,0.4,0.295
s047,30,9,0.4,0.28736842105263155
s047,1,0,0.5,0.28
s047,20,0,0.5,0.2757142857142857
s047,20,1,0.5,0.29777777777777775
s047,20,2,0.5,0.28
s047,20,3,0.5,0.2742857142857143
s047,20,4,0.5,0.27
s047,20,5,0.5,0.2688888888888889
s047,20,6,0.5,0.252
s047,20,7,0.5,0.275
s047,20,8,0.5,0.28727272727272724
s047,20,9,0.5,0.268
s047,30,0,0.5,0.28
s047,30,1,0.5,0.29473684210526313
s047,30,2,0.5,0.29416666666666663
s047,30,3,0.5,0.27692307692307694
s047,30,4,0.5,0.28888888888888886
s047,30,5,0.5,0.3085714285714286
s047,30,6,0.5,0.288
s047,30,7,0.5,0.284
s047,30,8,0.5,0.29000000000000004
s047,30,9,0.5,0.28428571428571425
s047,1,0,0.6,0.275
s047,20,0,0.6,0.28
s047,20,1,0.6,0.3
s047,20,2,0.6,0.2823529411764706
s047,20,3,0.6,0.28
s047,20,4,0.6,0.27142857142857146
s047,20,5,0.6,0.28
s047,20,6,0.6,0.26
s047,20,7,0.6,0.276
s047,20,8,0.6,0.28888888888888886
s047,20,9,0.6,0.2666666666666667
s047,30,0,0.6,0.285
s047,30,1,0.6,0.2928571428571428
s047,30,2,0.6,0.30800000000000005
s047,30,3,0.6,0.28
s047,30,4,0.6,0.285
s047,30,5,0.6,0.3
s047,30,6,0.6,0.29500000000000004
s047,30,7,0.6,0.28800000000000003
s047,30,8,0.6,0.295
s047,30,9,0.6,0.285
s047,1,0,0.7,0.276
s047,20,0,0.7,0.275
s047,20,1,0.7,0.2977777777777778
s047,20,2,0.7,0.28
s047,20,3,0.7,0.272
s047,20,4,0.7,0.27076923076923076
s047,20,5,0.7,0.2838095238095238
s047,20,6,0.7,0.27
s047,20,7,0.7,0.276
s047,20,8,0.7,0.29
s047,20,9,0.7,0.265
s047,30,0,0.7,0.295
s047,30,1,0.7,0.29882352941176465
s047,30,2,0.7,0.312
s047,30,3,0.7,0.28
s047,30,4,0.7,0.295
s047,30,5,0.7,0.30399999999999994
s047,30,6,0.7,0.29857142857142854
s047,30,7,0.7,0.3
s047,30,8,0.7,0.295
s047,30,9,0.7,0.2823529411764706
s047,1,0,0.8,0.2777777777777778
s047,20,0,0.8,0.2750000000000001
s047,20,1,0.8,0.29600000000000004
s047,20,2,0.8,0.2866666666666666
s047,20,3,0.8,0.2733333333333333
s047,20,4,0.8,0.2688888888888889
s047,20,5,0.8,0.2785714285714286
s047,20,6,0.8,0.27
s047,20,7,0.8,0.2777777777777778
s047,20,8,0.8,0.2844444444444444
s047,20,9,0.8,0.27
s047,30,0,0.8,0.29599999999999993
s047,30,1,0.8,0.3123076923076923
s047,30,2,0.8,0.3177777777777778
s047,30,3,0.8,0.28714285714285714
s047,30,4,0.8,0.292
s047,30,5,0.8,0.30499999999999994
s047,30,6,0.8,0.30399999999999994
s047,30,7,0.8,0.3044444444444444
s047,30,8,0.8,0.295
s047,30,9,0.8,0.2938461538461538
s047,1,0,0.9,0.288
s047,20,0,0.9,0.27
s047,20,1,0.9,0.29428571428571426
s047,20,2,0.9,0.2842857142857142
s047,20,3,0.9,0.276
s047,20,4,0.9,0.27499999999999997
s047,20,5,0.9,0.272
s047,20,6,0.9,0.268
s047,20,7,0.9,0.276
s047,20,8,0.9,0.2777777777777778
s047,20,9,0.9,0.2688888888888889
s047,30,0,0.9,0.3088888888888889
s047,30,1,0.9,0.31500000000000006
s047,30,2,0.9,0.3138461538461539
s047,30,3,0.9,0.2899999999999999
s047,30,4,0.9,0.296
s047,30,5,0.9,0.31
s047,30,6,0.9,0.29499999999999993
s047,30,7,0.9,0.30399999999999994
s047,30,8,0.9,0.305
s047,30,9,0.9,0.30500000000000005
s047,1,0,1.0,0.2879999999999999
s047,20,0,1.0,0.265
s047,20,1,1.0,0.3
s047,20,2,1.0,0.2840000000000001
s047,20,3,1.0,0.276
s047,20,4,1.0,0.2661538461538462
s047,20,5,1.0,0.2700000000000001
s047,20,6,1.0,0.27
s047,20,7,1.0,0.28
s047,20,8,1.0,0.28
s047,20,9,1.0,0.268
s047,30,0,1.0,0.30499999999999994
s047,30,1,1.0,0.31000000000000005
s047,30,2,1.0,0.31777777777777777
s047,30,3,1.0,0.29555555555555557
s047,30,4,1.0,0.3
s047,30,5,1.0,0.31
s047,30,6,1.0,0.3031578947368422
s047,30,7,1.0,0.29384615384615387
s047,30,8,1.0,0.2949999999999998
s047,30,9,1.0,0.30799999999999994
s048,1,0,0.0,0.10181818181818184
s048,20,0,0.0,0.0962962962962963
s048,20,1,0.0,0.11431578947368423
s048,20,2,0.0,0.10491803278688525
s048,20,3,0.0,0.10333333333333333
s048,20,4,0.0,0.09773913043478262
s048,20,5,0.0,0.10475675675675676
s048,20,6,0.0,0.11147826086956522
s048,20,7,0.0,0.10561643835616438
s048,20,8,0.0,0.10607329842931937
s048,20,9,0.0,0.10074468085106383
s048,30,0,0.0,0.1076923076923077
s048,30,1,0.0,0.1101492537313433
s048,30,2,0.0,0.12390625
s048,30,3,0.0,0.11352941176470588
s048,30,4,0.0,0.11914634146341463
s048,30,5,0.0,0.12101449275362318
s048,30,6,0.0,0.1148235294117647
s048,30,7,0.0,0.11461538461538462
s048,30,8,0.0,0.10918918918918918
s048,30,9,0.0,0.1006015037593985
s048,1,0,0.1,0.09266666666666667
s048,20,0,0.1,0.09607142857142857
s048,20,1,0.1,0.10275862068965516
s048,20,2,0.1,0.0998
s048,20,3,0.1,0.09257142857142857
s048,20,4,0.1,0.08714285714285715
s048,20,5,0.1,0.09133333333333334
s048,20,6,0.1,0.09614035087719298
s048,20,7,0.1,0.09302325581395349
s048,20,8,0.1,0.09163265306122449
s048,20,9,0.1,0.09018867924528301
s048,30,0,0.1,0.10444444444444445
s048,30,1,0.1,0.10363636363636364
s048,30,2,0.1,0.1174698795180723
s048,30,3,0.1,0.1054421768707483
s048,30,4,0.1,0.10503401360544219
s048,30,5,0.1,0.1176923076923077
s048,30,6,0.1,0.1088888888888889
s048,30,7,0.1,0.09898305084745762
s048,30,8,0.1,0.10666666666666666
s048,30,9,0.1,0.11333333333333334
s048,1,0,0.2,0.08529411764705883
s048,20,0,0.2,0.08285714285714285
s048,20,1,0.2,0.09741935483870968
s048,20,2,0.2,0.0883495145631068
s048,20,3,0.2,0.09142857142857144
s048,20,4,0.2,0.07666666666666666
s048,20,5,0.2,0.08990990990990991
s048,20,6,0.2,0.09887179487179487
s048,20,7,0.2,0.08444444444444445
s048,20,8,0.2,0.09248
s048,20,9,0.2,0.08711864406779661
s048,30,0,0.2,0.09230769230769231
s048,30,1,0.2,0.09727272727272727
s048,30,2,0.2,0.1071264367816092
s048,30,3,0.2,0.09529411764705883
s048,30,4,0.2,0.10057971014492753
s048,30,5,0.2,0.10666666666666667
s048,30,6,0.2,0.08685714285714285
s048,30,7,0.2,0.1
s048,30,8,0.2,0.1
s048,30,9,0.2,0.0953846153846154
s048,1,0,0.3,0.08363636363636363
s048,20,0,0.3,0.07777777777777778
s048,20,1,0.3,0.09070422535211267
s048,20,2,0.3,0.08285714285714287
s048,20,3,0.3,0.08304347826086958
s048,20,4,0.3,0.07482758620689656
s048,20,5,0.3,0.08307692307692308
s048,20,6,0.3,0.08557377049180329
s048,20,7,0.3,0.08
s048,20,8,0.3,0.08430379746835442
s048,20,9,0.3,0.08040816326530612
s048,30,0,0.3,0.09021739130434783
s048,30,1,0.3,0.08790697674418604
s048,30,2,0.3,0.10275862068965516
s048,30,3,0.3,0.08903846153846154
s048,30,4,0.3,0.088
s048,30,5,0.3,0.1013953488372093
s048,30,6,0.3,0.08424778761061948
s048,30,7,0.3,0.09595505617977529
s048,30,8,0.3,0.09627906976744185
s048,30,9,0.3,0.09012658227848103
s048,1,0,0.4,0.07827586206896553
s048,20,0,0.4,0.076
s048,20,1,0.4,0.0853731343283582
s048,20,2,0.4,0.08
s048,20,3,0.4,0.07436619718309859
s048,20,4,0.4,0.07162790697674418
s048,20,5,0.4,0.0759322033898305
s048,20,6,0.4,0.07927710843373495
s048,20,7,0.4,0.07333333333333333
s048,20,8,0.4,0.07785714285714285
s048,20,9,0.4,0.07555555555555554
s048,30,0,0.4,0.08567567567567567
s048,30,1,0.4,0.08191780821917807
s048,30,2,0.4,0.10057142857142856
s048,30,3,0.4,0.07904761904761905
s048,30,4,0.4,0.08426666666666666
s048,30,5,0.4,0.09037974683544303
s048,30,6,0.4,0.07433962264150944
s048,30,7,0.4,0.0895
s048,30,8,0.4,0.08756756756756758
s048,30,9,0.4,0.0869767441860465
s048,1,0,0.5,0.07050000000000001
s048,20,0,0.5,0.07111111111111111
s048,20,1,0.5,0.08258064516129032
s048,20,2,0.5,0.07555555555555554
s048,20,3,0.5,0.07578947368421052
s048,20,4,0.5,0.06666666666666668
s048,20,5,0.5,0.07714285714285715
s048,20,6,0.5,0.07272727272727272
s048,20,7,0.5,0.06941176470588237
s048,20,8,0.5,0.07346938775510203
s048,20,9,0.5,0.06808510638297874
s048,30,0,0.5,0.07818181818181819
s048,30,1,0.5,0.08301886792452831
s048,30,2,0.5,0.09378378378378378
s048,30,3,0.5,0.0819718309859155
s048,30,4,0.5,0.083125
s048,30,5,0.5,0.08
s048,30,6,0.5,0.07016393442622951
s048,30,7,0.5,0.08342105263157895
s048,30,8,0.5,0.08253521126760563
s048,30,9,0.5,0.08222222222222222
s048,1,0,0.6,0.06541666666666666
s048,20,0,0.6,0.06480000000000001
s048,20,1,0.6,0.07652173913043478
s048,20,2,0.6,0.07531914893617023
s048,20,3,0.6,0.071875
s048,20,4,0.6,0.06466666666666666
s048,20,5,0.6,0.07243243243243243
s048,20,6,0.6,0.06790697674418605
s048,20,7,0.6,0.07076923076923078
s048,20,8,0.6,0.07111111111111112
s048,20,9,0.6,0.06588235294117648
s048,30,0,0.6,0.08
s048,30,1,0.6,0.07374999999999998
s048,30,2,0.6,0.09079999999999999
s048,30,3,0.6,0.07300000000000001
s048,30,4,0.6,0.07395348837209303
s048,30,5,0.6,0.07846153846153847
s048,30,6,0.6,0.065
s048,30,7,0.6,0.0825
s048,30,8,0.6,0.08584615384615385
s048,30,9,0.6,0.07698113207547169
s048,1,0,0.7,0.064
s048,20,0,0.7,0.06322580645161291
s048,20,1,0.7,0.07157894736842105
s048,20,2,0.7,0.07285714285714286
s048,20,3,0.7,0.07096774193548387
s048,20,4,0.7,0.06
s048,20,5,0.7,0.06634146341463415
s048,20,6,0.7,0.06387096774193549
s048,20,7,0.7,0.06787878787878787
s048,20,8,0.7,0.06444444444444444
s048,20,9,0.7,0.06142857142857143
s048,30,0,0.7,0.07428571428571429
s048,30,1,0.7,0.07333333333333333
s048,30,2,0.7,0.0875
s048,30,3,0.7,0.06888888888888889
s048,30,4,0.7,0.0737142857142857
s048,30,5,0.7,0.07714285714285715
s048,30,6,0.7,0.06482758620689655
s048,30,7,0.7,0.0862295081967213
s048,30,8,0.7,0.07565217391304348
s048,30,9,0.7,0.07076923076923078
s048,1,0,0.8,0.06
s048,20,0,0.8,0.06210526315789474
s048,20,1,0.8,0.06923076923076923
s048,20,2,0.8,0.06521739130434784
s048,20,3,0.8,0.06733333333333333
s048,20,4,0.8,0.06
s048,20,5,0.8,0.06521739130434782
s048,20,6,0.8,0.05581395348837209
s048,20,7,0.8,0.06344827586206897
s048,20,8,0.8,0.06363636363636363
s048,20,9,0.8,0.06363636363636363
s048,30,0,0.8,0.06344827586206897
s048,30,1,0.8,0.06956521739130435
s048,30,2,0.8,0.08254545454545455
s048,30,3,0.8,0.06888888888888889
s048,30,4,0.8,0.06916666666666665
s048,30,5,0.8,0.07285714285714286
s048,30,6,0.8,0.06727272727272729
s048,30,7,0.8,0.0817391304347826
s048,30,8,0.8,0.07555555555555556
s048,30,9,0.8,0.06909090909090909
s048,1,0,0.9,0.06
s048,20,0,0.9,0.06
s048,20,1,0.9,0.07111111111111111
s048,20,2,0.9,0.06
s048,20,3,0.9,0.06631578947368422
s048,20,4,0.9,0.05500000000000001
s048,20,5,0.9,0.06307692307692309
s048,20,6,0.9,0.05600000000000001
s048,20,7,0.9,0.06444444444444444
s048,20,8,0.9,0.057777777777777775
s048,20,9,0.9,0.064
s048,30,0,0.9,0.06444444444444444
s048,30,1,0.9,0.06823529411764706
s048,30,2,0.9,0.08222222222222222
s048,30,3,0.9,0.07090909090909091
s048,30,4,0.9,0.06842105263157897
s048,30,5,0.9,0.068
s048,30,6,0.9,0.065
s048,30,7,0.9,0.07619047619047618
s048,30,8,0.9,0.07
s048,30,9,0.9,0.06888888888888889
s048,1,0,1.0,0.056000000000000036
s048,20,0,1.0,0.06
s048,20,1,1.0,0.07500000000000004
s048,20,2,1.0,0.06
s048,20,3,1.0,0.06400000000000004
s048,20,4,1.0,0.05199999999999996
s048,20,5,1.0,0.06
s048,20,6,1.0,0.05599999999999998
s048,20,7,1.0,0.06666666666666668
s048,20,8,1.0,0.06
s048,20,9,1.0,0.06
s048,30,0,1.0,0.06
s048,30,1,1.0,0.06
s048,30,2,1.0,0.07500000000000004
s048,30,3,1.0,0.072
s048,30,4,1.0,0.06888888888888889
s048,30,5,1.0,0.06799999999999996
s048,30,6,1.0,0.06499999999999996
s048,30,7,1.0,0.06888888888888889
s048,30,8,1.0,0.06500000000000004
s048,30,9,1.0,0.06400000000000003
s049,1,0,0.0,0.108
s049,20,0,0.0,0.1
s049,20,1,0.0,0.11
s049,20,2,0.0,0.12
s049,20,3,0.0,0.10400000000000001
s049,20,4,0.0,0.125
s049,20,5,0.0,0.105
s049,20,6,0.0,0.11076923076923077
s049,20,7,0.0,0.124
s049,20,8,0.0,0.12
s049,20,9,0.0,0.11333333333333334
s049,30,0,0.0,0.125
s049,30,1,0.0,0.128
s049,30,2,0.0,0.12499999999999999
s049,30,3,0.0,0.12500000000000003
s049,30,4,0.0,0.1288888888888889
s049,30,5,0.0,0.12
s049,30,6,0.0,0.13111111111111112
s049,30,7,0.0,0.11142857142857142
s049,30,8,0.0,0.13
s049,30,9,0.0,0.125
s049,1,0,0.1,0.1
s049,20,0,0.1,0.1
s049,20,1,0.1,0.10222222222222221
s049,20,2,0.1,0.115
s049,20,3,0.1,0.1
s049,20,4,0.1,0.11
s049,20,5,0.1,0.1
s049,20,6,0.1,0.10799999999999998
s049,20,7,0.1,0.11
s049,20,8,0.1,0.11
s049,20,9,0.1,0.10444444444444445
s049,30,0,0.1,0.11500000000000002
s049,30,1,0.1,0.12
s049,30,2,0.1,0.12
s049,30,3,0.1,0.12444444444444444
s049,30,4,0.1,0.12
s049,30,5,0.1,0.11
s049,30,6,0.1,0.12444444444444444
s049,30,7,0.1,0.11
s049,30,8,0.1,0.12499999999999999
s049,30,9,0.1,0.12
s049,1,0,0.2,0.1
s049,20,0,0.2,0.09
s049,20,1,0.2,0.09200000000000001
s049,20,2,0.2,0.10500000000000001
s049,20,3,0.2,0.092
s049,20,4,0.2,0.10499999999999998
s049,20,5,0.2,0.1
s049,20,6,0.2,0.1
s049,20,7,0.2,0.09600000000000002
s049,20,8,0.2,0.09777777777777778
s049,20,9,0.2,0.09500000000000001
s049,30,0,0.2,0.1
s049,30,1,0.2,0.1
s049,30,2,0.2,0.10800000000000001
s049,30,3,0.2,0.11599999999999999
s049,30,4,0.2,0.12
s049,30,5,0.2,0.10307692307692307
s049,30,6,0.2,0.11
s049,30,7,0.2,0.11
s049,30,8,0.2,0.11500000000000003
s049,30,9,0.2,0.11499999999999999
s049,1,0,0.3,0.095
s049,20,0,0.3,0.088
s049,20,1,0.3,0.09
s049,20,2,0.3,0.09499999999999999
s049,20,3,0.3,0.08400000000000002
s049,20,4,0.3,0.09499999999999997
s049,20,5,0.3,0.09200000000000001
s049,20,6,0.3,0.09555555555555556
s049,20,7,0.3,0.09
s049,20,8,0.3,0.09000000000000002
s049,20,9,0.3,0.085
s049,30,0,0.3,0.09
s049,30,1,0.3,0.09500000000000006
s049,30,2,0.3,0.1
s049,30,3,0.3,0.10799999999999997
s049,30,4,0.3,0.10888888888888888
s049,30,5,0.3,0.1
s049,30,6,0.3,0.105
s049,30,7,0.3,0.1
s049,30,8,0.3,0.11
s049,30,9,0.3,0.10799999999999997
s049,1,0,0.4,0.085
s049,20,0,0.4,0.085
s049,20,1,0.4,0.088
s049,20,2,0.4,0.08857142857142858
s049,20,3,0.4,0.07499999999999998
s049,20,4,0.4,0.085
s049,20,5,0.4,0.08
s049,20,6,0.4,0.08800000000000001
s049,20,7,0.4,0.08
s049,20,8,0.4,0.08
s049,20,9,0.4,0.08
s049,30,0,0.4,0.09
s049,30,1,0.4,0.095
s049,30,2,0.4,0.09
s049,30,3,0.4,0.10399999999999997
s049,30,4,0.4,0.10500000000000002
s049,30,5,0.4,0.09500000000000003
s049,30,6,0.4,0.1
s049,30,7,0.4,0.0977777777777778
s049,30,8,0.4,0.10500000000000004
s049,30,9,0.4,0.10499999999999997
s049,1,0,0.5,0.075
s049,20,0,0.5,0.08
s049,20,1,0.5,0.08
s049,20,2,0.5,0.08
s049,20,3,0.5,0.068
s049,20,4,0.5,0.08
s049,20,5,0.5,0.075
s049,20,6,0.5,0.075
s049,20,7,0.5,0.068
s049,20,8,0.5,0.07200000000000001
s049,20,9,0.5,0.07600000000000001
s049,30,0,0.5,0.08500000000000005
s049,30,1,0.5,0.09599999999999999
s049,30,2,0.5,0.09
s049,30,3,0.5,0.092
s049,30,4,0.5,0.09571428571428575
s049,30,5,0.5,0.085
s049,30,6,0.5,0.08999999999999993
s049,30,7,0.5,0.09
s049,30,8,0.5,0.095
s049,30,9,0.5,0.1
s049,1,0,0.6,0.07
s049,20,0,0.6,0.068
s049,20,1,0.6,0.07200000000000001
s049,20,2,0.6,0.08
s049,20,3,0.6,0.065
s049,20,4,0.6,0.08
s049,20,5,0.6,0.06
s049,20,6,0.6,0.075
s049,20,7,0.6,0.06444444444444444
s049,20,8,0.6,0.075
s049,20,9,0.6,0.075
s049,30,0,0.6,0.07599999999999996
s049,30,1,0.6,0.09199999999999996
s049,30,2,0.6,0.09
s049,30,3,0.6,0.085
s049,30,4,0.6,0.09600000000000003
s049,30,5,0.6,0.085
s049,30,6,0.6,0.08
s049,30,7,0.6,0.08500000000000005
s049,30,8,0.6,0.09
s049,30,9,0.6,0.09
s049,1,0,0.7,0.06800000000000003
s049,20,0,0.7,0.065
s049,20,1,0.7,0.07200000000000001
s049,20,2,0.7,0.08
s049,20,3,0.7,0.06444444444444444
s049,20,4,0.7,0.07
s049,20,5,0.7,0.06399999999999997
s049,20,6,0.7,0.075
s049,20,7,0.7,0.068
s049,20,8,0.7,0.07
s049,20,9,0.7,0.06888888888888889
s049,30,0,0.7,0.07555555555555557
s049,30,1,0.7,0.09199999999999997
s049,30,2,0.7,0.085
s049,30,3,0.7,0.08
s049,30,4,0.7,0.09200000000000004
s049,30,5,0.7,0.085
s049,30,6,0.7,0.075
s049,30,7,0.7,0.084
s049,30,8,0.7,0.085
s049,30,9,0.7,0.08666666666666667
s049,1,0,0.8,0.06
s049,20,0,0.8,0.065
s049,20,1,0.8,0.07500000000000004
s049,20,2,0.8,0.08
s049,20,3,0.8,0.06
s049,20,4,0.8,0.07200000000000001
s049,20,5,0.8,0.065
s049,20,6,0.8,0.075
s049,20,7,0.8,0.07
s049,20,8,0.8,0.07
s049,20,9,0.8,0.068
s049,30,0,0.8,0.07428571428571425
s049,30,1,0.8,0.09199999999999994
s049,30,2,0.8,0.07777777777777778
s049,30,3,0.8,0.08500000000000005
s049,30,4,0.8,0.09500000000000004
s049,30,5,0.8,0.07200000000000002
s049,30,6,0.8,0.075
s049,30,7,0.8,0.08
s049,30,8,0.8,0.08500000000000005
s049,30,9,0.8,0.09
s049,1,0,0.9,0.06
s049,20,0,0.9,0.06
s049,20,1,0.9,0.08
s049,20,2,0.9,0.08
s049,20,3,0.9,0.06
s049,20,4,0.9,0.06799999999999999
s049,20,5,0.9,0.07
s049,20,6,0.9,0.07
s049,20,7,0.9,0.068
s049,20,8,0.9,0.06714285714285717
s049,20,9,0.9,0.07
s049,30,0,0.9,0.07
s049,30,1,0.9,0.095
s049,30,2,0.9,0.08
s049,30,3,0.9,0.08
s049,30,4,0.9,0.08800000000000005
s049,30,5,0.9,0.076
s049,30,6,0.9,0.07200000000000001
s049,30,7,0.9,0.08
s049,30,8,0.9,0.08
s049,30,9,0.9,0.08799999999999995
s049,1,0,1.0,0.06
s049,20,0,1.0,0.06
s049,20,1,1.0,0.075
s049,20,2,1.0,0.075
s049,20,3,1.0,0.06400000000000003
s049,20,4,1.0,0.065
s049,20,5,1.0,0.07
s049,20,6,1.0,0.07333333333333333
s049,20,7,1.0,0.068
s049,20,8,1.0,0.07111111111111111
s049,20,9,1.0,0.065
s049,30,0,1.0,0.07
s049,30,1,1.0,0.09199999999999994
s049,30,2,1.0,0.08
s049,30,3,1.0,0.07600000000000004
s049,30,4,1.0,0.0911111111111111
s049,30,5,1.0,0.068
s049,30,6,1.0,0.07
s049,30,7,1.0,0.08
s049,30,8,1.0,0.07199999999999998
s049,30,9,1.0,0.085
s050,1,0,0.0,0.13142857142857145
s050,20,0,0.0,0.13228070175438594
s050,20,1,0.0,0.14610169491525427
s050,20,2,0.0,0.12492307692307694
s050,20,3,0.0,0.12983606557377048
s050,20,4,0.0,0.1368421052631579
s050,20,5,0.0,0.12754098360655736
s050,20,6,0.0,0.13625
s050,20,7,0.0,0.12428571428571429
s050,20,8,0.0,0.12597014925373134
s050,20,9,0.0,0.12711111111111112
s050,30,0,0.0,0.1374193548387097
s050,30,1,0.0,0.1523287671232877
s050,30,2,0.0,0.12937500000000002
s050,30,3,0.0,0.14258064516129032
s050,30,4,0.0,0.13096774193548388
s050,30,5,0.0,0.1446341463414634
s050,30,6,0.0,0.14727272727272728
s050,30,7,0.0,0.143125
s050,30,8,0.0,0.14750000000000002
s050,30,9,0.0,0.13777777777777778
s050,1,0,0.1,0.12491803278688524
s050,20,0,0.1,0.12444444444444444
s050,20,1,0.1,0.14
s050,20,2,0.1,0.1232
s050,20,3,0.1,0.1272
s050,20,4,0.1,0.1332142857142857
s050,20,5,0.1,0.12372093023255815
s050,20,6,0.1,0.12857142857142856
s050,20,7,0.1,0.12608695652173912
s050,20,8,0.1,0.11555555555555555
s050,20,9,0.1,0.1248888888888889
s050,30,0,0.1,0.13315789473684211
s050,30,1,0.1,0.14545454545454545
s050,30,2,0.1,0.12541666666666668
s050,30,3,0.1,0.14
s050,30,4,0.1,0.1288888888888889
s050,30,5,0.1,0.13894736842105262
s050,30,6,0.1,0.14129032258064517
s050,30,7,0.1,0.13692307692307693
s050,30,8,0.1,0.1427118644067797
s050,30,9,0.1,0.13020408163265307
s050,1,0,0.2,0.12117647058823529
s050,20,0,0.2,0.12129032258064516
s050,20,1,0.2,0.12476190476190477
s050,20,2,0.2,0.11904761904761904
s050,20,3,0.2,0.12813559322033896
s050,20,4,0.2,0.12933333333333336
s050,20,5,0.2,0.12426229508196722
s050,20,6,0.2,0.12916666666666665
s050,20,7,0.2,0.1195
s050,20,8,0.2,0.11333333333333334
s050,20,9,0.2,0.12
s050,30,0,0.2,0.13142857142857145
s050,30,1,0.2,0.14222222222222222
s050,30,2,0.2,0.12341463414634146
s050,30,3,0.2,0.13333333333333336
s050,30,4,0.2,0.11828571428571429
s050,30,5,0.2,0.13777777777777778
s050,30,6,0.2,0.14066666666666666
s050,30,7,0.2,0.13238095238095238
s050,30,8,0.2,0.13724137931034483
s050,30,9,0.2,0.12615384615384617
s050,1,0,0.3,0.12
s050,20,0,0.3,0.11290322580645162
s050,20,1,0.3,0.12470588235294117
s050,20,2,0.3,0.11904761904761904
s050,20,3,0.3,0.12222222222222223
s050,20,4,0.3,0.12175438596491228
s050,20,5,0.3,0.11624999999999999
s050,20,6,0.3,0.12083333333333333
s050,20,7,0.3,0.11384615384615385
s050,20,8,0.3,0.10600000000000001
s050,20,9,0.3,0.11647058823529412
s050,30,0,0.3,0.12714285714285714
s050,30,1,0.3,0.14195121951219514
s050,30,2,0.3,0.12457142857142857
s050,30,3,0.3,0.12666666666666668
s050,30,4,0.3,0.1125
s050,30,5,0.3,0.13513513513513514
s050,30,6,0.3,0.13636363636363635
s050,30,7,0.3,0.12705882352941178
s050,30,8,0.3,0.13384615384615384
s050,30,9,0.3,0.1291891891891892
s050,1,0,0.4,0.1144
s050,20,0,0.4,0.11538461538461539
s050,20,1,0.4,0.12434782608695652
s050,20,2,0.4,0.11499999999999999
s050,20,3,0.4,0.12083333333333335
s050,20,4,0.4,0.11750000000000001
s050,20,5,0.4,0.11243243243243245
s050,20,6,0.4,0.114375
s050,20,7,0.4,0.10956521739130434
s050,20,8,0.4,0.10705882352941178
s050,20,9,0.4,0.11384615384615385
s050,30,0,0.4,0.12666666666666668
s050,30,1,0.4,0.1363265306122449
s050,30,2,0.4,0.11771428571428572
s050,30,3,0.4,0.12057142857142858
s050,30,4,0.4,0.1111111111111111
s050,30,5,0.4,0.1288888888888889
s050,30,6,0.4,0.12628571428571428
s050,30,7,0.4,0.12
s050,30,8,0.4,0.12413793103448277
s050,30,9,0.4,0.12714285714285714
s050,1,0,0.5,0.11714285714285715
s050,20,0,0.5,0.11483870967741935
s050,20,1,0.5,0.12090909090909091
s050,20,2,0.5,0.11076923076923077
s050,20,3,0.5,0.11714285714285715
s050,20,4,0.5,0.11545454545454546
s050,20,5,0.5,0.11151515151515151
s050,20,6,0.5,0.10923076923076924
s050,20,7,0.5,0.108
s050,20,8,0.5,0.1065
s050,20,9,0.5,0.10866666666666666
s050,30,0,0.5,0.124
s050,30,1,0.5,0.13103448275862067
s050,30,2,0.5,0.11909090909090908
s050,30,3,0.5,0.11363636363636363
s050,30,4,0.5,0.10857142857142857
s050,30,5,0.5,0.13
s050,30,6,0.5,0.1192
s050,30,7,0.5,0.11804878048780487
s050,30,8,0.5,0.1211764705882353
s050,30,9,0.5,0.12571428571428572
s050,1,0,0.6,0.10769230769230768
s050,20,0,0.6,0.11483870967741935
s050,20,1,0.6,0.11846153846153847
s050,20,2,0.6,0.105
s050,20,3,0.6,0.11739130434782608
s050,20,4,0.6,0.11666666666666667
s050,20,5,0.6,0.10800000000000001
s050,20,6,0.6,0.1088888888888889
s050,20,7,0.6,0.10476190476190475
s050,20,8,0.6,0.11199999999999999
s050,20,9,0.6,0.10640000000000001
s050,30,0,0.6,0.125
s050,30,1,0.6,0.12606060606060604
s050,30,2,0.6,0.11599999999999999
s050,30,3,0.6,0.11454545454545453
s050,30,4,0.6,0.10736842105263159
s050,30,5,0.6,0.12444444444444444
s050,30,6,0.6,0.11647058823529412
s050,30,7,0.6,0.12
s050,30,8,0.6,0.12
s050,30,9,0.6,0.11894736842105263
s050,1,0,0.7,0.10066666666666667
s050,20,0,0.7,0.1175
s050,20,1,0.7,0.11500000000000002
s050,20,2,0.7,0.105
s050,20,3,0.7,0.116
s050,20,4,0.7,0.11652173913043479
s050,20,5,0.7,0.10499999999999998
s050,20,6,0.7,0.10499999999999998
s050,20,7,0.7,0.10222222222222221
s050,20,8,0.7,0.11500000000000002
s050,20,9,0.7,0.10260869565217391
s050,30,0,0.7,0.12470588235294118
s050,30,1,0.7,0.12
s050,30,2,0.7,0.11692307692307694
s050,30,3,0.7,0.10761904761904761
s050,30,4,0.7,0.10352941176470588
s050,30,5,0.7,0.12064516129032259
s050,30,6,0.7,0.11529411764705884
s050,30,7,0.7,0.11384615384615385
s050,30,8,0.7,0.11333333333333334
s050,30,9,0.7,0.116875
s050,1,0,0.8,0.09333333333333334
s050,20,0,0.8,0.11076923076923077
s050,20,1,0.8,0.11500000000000002
s050,20,2,0.8,0.1057142857142857
s050,20,3,0.8,0.11538461538461539
s050,20,4,0.8,0.11391304347826087
s050,20,5,0.8,0.10636363636363635
s050,20,6,0.8,0.10461538461538461
s050,20,7,0.8,0.1
s050,20,8,0.8,0.1090909090909091
s050,20,9,0.8,0.1
s050,30,0,0.8,0.12444444444444444
s050,30,1,0.8,0.1088888888888889
s050,30,2,0.8,0.11
s050,30,3,0.8,0.1064516129032258
s050,30,4,0.8,0.10500000000000001
s050,30,5,0.8,0.11333333333333334
s050,30,6,0.8,0.1094736842105263
s050,30,7,0.8,0.10500000000000001
s050,30,8,0.8,0.10129032258064516
s050,30,9,0.8,0.118
s050,1,0,0.9,0.08857142857142858
s050,20,0,0.9,0.1
s050,20,1,0.9,0.10714285714285714
s050,20,2,0.9,0.09499999999999997
s050,20,3,0.9,0.10714285714285715
s050,20,4,0.9,0.10285714285714287
s050,20,5,0.9,0.10588235294117647
s050,20,6,0.9,0.09333333333333334
s050,20,7,0.9,0.1
s050,20,8,0.9,0.09692307692307692
s050,20,9,0.9,0.10173913043478262
s050,30,0,0.9,0.12222222222222223
s050,30,1,0.9,0.10285714285714286
s050,30,2,0.9,0.1111111111111111
s050,30,3,0.9,0.10526315789473684
s050,30,4,0.9,0.10666666666666666
s050,30,5,0.9,0.1111111111111111
s050,30,6,0.9,0.10444444444444445
s050,30,7,0.9,0.10923076923076921
s050,30,8,0.9,0.09473684210526317
s050,30,9,0.9,0.12222222222222222
s050,1,0,1.0,0.08
s050,20,0,1.0,0.10400000000000002
s050,20,1,1.0,0.1
s050,20,2,1.0,0.1
s050,20,3,1.0,0.11200000000000003
s050,20,4,1.0,0.10399999999999995
s050,20,5,1.0,0.10400000000000004
s050,20,6,1.0,0.08800000000000005
s050,20,7,1.0,0.1
s050,20,8,1.0,0.096
s050,20,9,1.0,0.11333333333333334
s050,30,0,1.0,0.108
s050,30,1,1.0,0.10800000000000001
s050,30,2,1.0,0.1088888888888889
s050,30,3,1.0,0.1
s050,30,4,1.0,0.10499999999999995
s050,30,5,1.0,0.115
s050,30,6,1.0,0.09599999999999995
s050,30,7,1.0,0.11
s050,30,8,1.0,0.1
s050,30,9,1.0,0.112
s051,1,0,0.0,0.09877551020408162
s051,20,0,0.0,0.0994392523364486
s051,20,1,0.0,0.10774774774774776
s051,20,2,0.0,0.11217391304347826
s051,20,3,0.0,0.11499999999999999
s051,20,4,0.0,0.11414634146341464
s051,20,5,0.0,0.10672000000000001
s051,20,6,0.0,0.112
s051,20,7,0.0,0.11000000000000001
s051,20,8,0.0,0.10661417322834646
s051,20,9,0.0,0.10539007092198582
s051,30,0,0.0,0.11639344262295082
s051,30,1,0.0,0.1064516129032258
s051,30,2,0.0,0.11273885350318472
s051,30,3,0.0,0.1
s051,30,4,0.0,0.1208955223880597
s051,30,5,0.0,0.1088888888888889
s051,30,6,0.0,0.11730337078651686
s051,30,7,0.0,0.10723404255319148
s051,30,8,0.0,0.11639344262295082
s051,30,9,0.0,0.11652173913043479
s051,1,0,0.1,0.10352112676056337
s051,20,0,0.1,0.09661971830985916
s051,20,1,0.1,0.10105263157894737
s051,20,2,0.1,0.1
s051,20,3,0.1,0.10980392156862745
s051,20,4,0.1,0.11573770491803279
s051,20,5,0.1,0.1036923076923077
s051,20,6,0.1,0.10786206896551724
s051,20,7,0.1,0.10608695652173913
s051,20,8,0.1,0.104
s051,20,9,0.1,0.10477611940298506
s051,30,0,0.1,0.1091304347826087
s051,30,1,0.1,0.096
s051,30,2,0.1,0.11384615384615385
s051,30,3,0.1,0.10325581395348837
s051,30,4,0.1,0.11958762886597937
s051,30,5,0.1,0.10851485148514851
s051,30,6,0.1,0.11777777777777779
s051,30,7,0.1,0.09697478991596639
s051,30,8,0.1,0.1111111111111111
s051,30,9,0.1,0.11592233009708738
s051,1,0,0.2,0.09700934579439252
s051,20,0,0.2,0.09741935483870967
s051,20,1,0.2,0.10181818181818182
s051,20,2,0.2,0.1011214953271028
s051,20,3,0.2,0.10920863309352517
s051,20,4,0.2,0.11084745762711865
s051,20,5,0.2,0.10757281553398058
s051,20,6,0.2,0.10524271844660195
s051,20,7,0.2,0.10311475409836066
s051,20,8,0.2,0.10460176991150444
s051,20,9,0.2,0.10218487394957984
s051,30,0,0.2,0.11568627450980393
s051,30,1,0.2,0.094
s051,30,2,0.2,0.12142857142857143
s051,30,3,0.2,0.10417910447761194
s051,30,4,0.2,0.12104477611940298
s051,30,5,0.2,0.1088888888888889
s051,30,6,0.2,0.115
s051,30,7,0.2,0.10352
s051,30,8,0.2,0.10903225806451614
s051,30,9,0.2,0.11370967741935484
s051,1,0,0.3,0.09862068965517241
s051,20,0,0.3,0.09147058823529412
s051,20,1,0.3,0.10034482758620689
s051,20,2,0.3,0.10538461538461538
s051,20,3,0.3,0.10532110091743119
s051,20,4,0.3,0.11098039215686276
s051,20,5,0.3,0.1
s051,20,6,0.3,0.10275862068965518
s051,20,7,0.3,0.10239999999999999
s051,20,8,0.3,0.10450704225352114
s051,20,9,0.3,0.10222222222222221
s051,30,0,0.3,0.112987012987013
s051,30,1,0.3,0.09381818181818183
s051,30,2,0.3,0.11613636363636365
s051,30,3,0.3,0.10580645161290322
s051,30,4,0.3,0.12
s051,30,5,0.3,0.10788990825688073
s051,30,6,0.3,0.11314285714285713
s051,30,7,0.3,0.10116279069767442
s051,30,8,0.3,0.11
s051,30,9,0.3,0.10872727272727273
s051,1,0,0.4,0.09490909090909092
s051,20,0,0.4,0.0942056074766355
s051,20,1,0.4,0.09676470588235295
s051,20,2,0.4,0.09777777777777778
s051,20,3,0.4,0.10368932038834952
s051,20,4,0.4,0.10714285714285714
s051,20,5,0.4,0.09837837837837837
s051,20,6,0.4,0.1
s051,20,7,0.4,0.09951807228915663
s051,20,8,0.4,0.09946666666666668
s051,20,9,0.4,0.10070588235294117
s051,30,0,0.4,0.1101449275362319
s051,30,1,0.4,0.09377049180327868
s051,30,2,0.4,0.11511111111111112
s051,30,3,0.4,0.10793103448275862
s051,30,4,0.4,0.11826086956521739
s051,30,5,0.4,0.10666666666666666
s051,30,6,0.4,0.10903225806451614
s051,30,7,0.4,0.09686746987951808
s051,30,8,0.4,0.1095774647887324
s051,30,9,0.4,0.11054545454545456
s051,1,0,0.5,0.09764705882352942
s051,20,0,0.5,0.09478260869565218
s051,20,1,0.5,0.09555555555555556
s051,20,2,0.5,0.096
s051,20,3,0.5,0.10491525423728815
s051,20,4,0.5,0.10829268292682928
s051,20,5,0.5,0.10099999999999999
s051,20,6,0.5,0.1030508474576271
s051,20,7,0.5,0.0944
s051,20,8,0.5,0.09866666666666668
s051,20,9,0.5,0.1
s051,30,0,0.5,0.11299999999999999
s051,30,1,0.5,0.09146666666666667
s051,30,2,0.5,0.11157894736842106
s051,30,3,0.5,0.09855421686746987
s051,30,4,0.5,0.11161290322580646
s051,30,5,0.5,0.10586206896551725
s051,30,6,0.5,0.1127659574468085
s051,30,7,0.5,0.09379310344827586
s051,30,8,0.5,0.10666666666666666
s051,30,9,0.5,0.11566666666666667
s051,1,0,0.6,0.09864406779661017
s051,20,0,0.6,0.09423076923076923
s051,20,1,0.6,0.09379310344827585
s051,20,2,0.6,0.09454545454545454
s051,20,3,0.6,0.1035820895522388
s051,20,4,0.6,0.10848484848484849
s051,20,5,0.6,0.09802816901408451
s051,20,6,0.6,0.10285714285714286
s051,20,7,0.6,0.09375000000000001
s051,20,8,0.6,0.09545454545454546
s051,20,9,0.6,0.0982089552238806
s051,30,0,0.6,0.10714285714285715
s051,30,1,0.6,0.09473684210526315
s051,30,2,0.6,0.11333333333333333
s051,30,3,0.6,0.10621621621621621
s051,30,4,0.6,0.112
s051,30,5,0.6,0.10938775510204082
s051,30,6,0.6,0.10836363636363636
s051,30,7,0.6,0.09686746987951807
s051,30,8,0.6,0.111
s051,30,9,0.6,0.1139622641509434
s051,1,0,0.7,0.10222222222222221
s051,20,0,0.7,0.09764705882352942
s051,20,1,0.7,0.0996078431372549
s051,20,2,0.7,0.09661016949152543
s051,20,3,0.7,0.10500000000000001
s051,20,4,0.7,0.10784313725490197
s051,20,5,0.7,0.09586206896551724
s051,20,6,0.7,0.10105263157894737
s051,20,7,0.7,0.09555555555555556
s051,20,8,0.7,0.09164179104477613
s051,20,9,0.7,0.1
s051,30,0,0.7,0.10923076923076924
s051,30,1,0.7,0.09125
s051,30,2,0.7,0.10976744186046511
s051,30,3,0.7,0.1
s051,30,4,0.7,0.11272727272727273
s051,30,5,0.7,0.1088888888888889
s051,30,6,0.7,0.11225806451612902
s051,30,7,0.7,0.09896551724137931
s051,30,8,0.7,0.11333333333333334
s051,30,9,0.7,0.116875
s051,1,0,0.8,0.10511627906976745
s051,20,0,0.8,0.09913043478260869
s051,20,1,0.8,0.09599999999999999
s051,20,2,0.8,0.09818181818181818
s051,20,3,0.8,0.1025974025974026
s051,20,4,0.8,0.10936170212765958
s051,20,5,0.8,0.09948051948051949
s051,20,6,0.8,0.10428571428571429
s051,20,7,0.8,0.1050909090909091
s051,20,8,0.8,0.09826086956521737
s051,20,9,0.8,0.10058823529411764
s051,30,0,0.8,0.11636363636363635
s051,30,1,0.8,0.0975
s051,30,2,0.8,0.1063157894736842
s051,30,3,0.8,0.104
s051,30,4,0.8,0.11404255319148934
s051,30,5,0.8,0.11076923076923076
s051,30,6,0.8,0.10723404255319148
s051,30,7,0.8,0.09698113207547168
s051,30,8,0.8,0.11333333333333334
s051,30,9,0.8,0.11148936170212767
s051,1,0,0.9,0.10153846153846155
s051,20,0,0.9,0.10105263157894738
s051,20,1,0.9,0.09833333333333334
s051,20,2,0.9,0.09914893617021275
s051,20,3,0.9,0.10400000000000001
s051,20,4,0.9,0.11166666666666666
s051,20,5,0.9,0.09898305084745763
s051,20,6,0.9,0.10444444444444444
s051,20,7,0.9,0.10521739130434782
s051,20,8,0.9,0.10256410256410259
s051,20,9,0.9,0.10416666666666666
s051,30,0,0.9,0.12086956521739131
s051,30,1,0.9,0.10666666666666666
s051,30,2,0.9,0.10499999999999997
s051,30,3,0.9,0.10285714285714287
s051,30,4,0.9,0.11767441860465114
s051,30,5,0.9,0.10903225806451614
s051,30,6,0.9,0.1125
s051,30,7,0.9,0.09913043478260869
s051,30,8,0.9,0.11555555555555556
s051,30,9,0.9,0.11238095238095236
s051,1,0,1.0,0.10399999999999995
s051,20,0,1.0,0.10399999999999995
s051,20,1,1.0,0.1
s051,20,2,1.0,0.10799999999999987
s051,20,3,1.0,0.1
s051,20,4,1.0,0.12
s051,20,5,1.0,0.1120000000000001
s051,20,6,1.0,0.10799999999999996
s051,20,7,1.0,0.11199999999999996
s051,20,8,1.0,0.104
s051,20,9,1.0,0.10799999999999996
s051,30,0,1.0,0.12444444444444445
s051,30,1,1.0,0.10800000000000004
s051,30,2,1.0,0.1079999999999999
s051,30,3,1.0,0.1
s051,30,4,1.0,0.116
s051,30,5,1.0,0.112
s051,30,6,1.0,0.12
s051,30,7,1.0,0.10399999999999977
s051,30,8,1.0,0.11500000000000005
s051,30,9,1.0,0.11599999999999991
s052,1,0,0.0,0.031125
s052,20,0,0.0,0.027417218543046355
s052,20,1,0.0,0.02805970149253731
s052,20,2,0.0,0.027111111111111107
s052,20,3,0.0,0.027480916030534347
s052,20,4,0.0,0.030992366412213743
s052,20,5,0.0,0.034705882352941184
s052,20,6,0.0,0.034545454545454546
s052,20,7,0.0,0.030571428571428576
s052,20,8,0.0,0.027868852459016394
s052,20,9,0.0,0.027868852459016394
s052,30,0,0.0,0.032035398230088497
s052,30,1,0.0,0.0378343949044586
s052,30,2,0.0,0.031092436974789917
s052,30,3,0.0,0.03487179487179487
s052,30,4,0.0,0.032307692307692315
s052,30,5,0.0,0.029852941176470593
s052,30,6,0.0,0.0327536231884058
s052,30,7,0.0,0.038012422360248446
s052,30,8,0.0,0.034545454545454546
s052,30,9,0.0,0.031025641025641027
s052,1,0,0.1,0.030588235294117652
s052,20,0,0.1,0.028965517241379315
s052,20,1,0.1,0.04268656716417911
s052,20,2,0.1,0.031764705882352945
s052,20,3,0.1,0.03230769230769231
s052,20,4,0.1,0.0368421052631579
s052,20,5,0.1,0.0334020618556701
s052,20,6,0.1,0.03428571428571428
s052,20,7,0.1,0.03130434782608696
s052,20,8,0.1,0.036000000000000004
s052,20,9,0.1,0.03047619047619048
s052,30,0,0.1,0.03777777777777778
s052,30,1,0.1,0.041475409836065576
s052,30,2,0.1,0.03938775510204082
s052,30,3,0.1,0.03728813559322034
s052,30,4,0.1,0.04108108108108108
s052,30,5,0.1,0.036310679611650486
s052,30,6,0.1,0.035238095238095235
s052,30,7,0.1,0.0388235294117647
s052,30,8,0.1,0.04109090909090909
s052,30,9,0.1,0.03763440860215053
s052,1,0,0.2,0.03
s052,20,0,0.2,0.028571428571428574
s052,20,1,0.2,0.028888888888888888
s052,20,2,0.2,0.024444444444444442
s052,20,3,0.2,0.033417721518987344
s052,20,4,0.2,0.0325
s052,20,5,0.2,0.03276595744680851
s052,20,6,0.2,0.030422535211267605
s052,20,7,0.2,0.032
s052,20,8,0.2,0.032
s052,20,9,0.2,0.024705882352941175
s052,30,0,0.2,0.025301204819277112
s052,30,1,0.2,0.04000000000000001
s052,30,2,0.2,0.024955752212389375
s052,30,3,0.2,0.03620253164556962
s052,30,4,0.2,0.03404761904761905
s052,30,5,0.2,0.037142857142857144
s052,30,6,0.2,0.03676190476190476
s052,30,7,0.2,0.03881188118811882
s052,30,8,0.2,0.0351063829787234
s052,30,9,0.2,0.0327027027027027
s052,1,0,0.3,0.024698795180722898
s052,20,0,0.3,0.024105960264900667
s052,20,1,0.3,0.024307692307692315
s052,20,2,0.3,0.024400000000000005
s052,20,3,0.3,0.024055944055944058
s052,20,4,0.3,0.024000000000000007
s052,20,5,0.3,0.024
s052,20,6,0.3,0.023898305084745768
s052,20,7,0.3,0.027272727272727268
s052,20,8,0.3,0.023731343283582097
s052,20,9,0.3,0.024
s052,30,0,0.3,0.023165467625899286
s052,30,1,0.3,0.023636363636363636
s052,30,2,0.3,0.027625899280575537
s052,30,3,0.3,0.03135135135135135
s052,30,4,0.3,0.024109589041095895
s052,30,5,0.3,0.01971631205673758
s052,30,6,0.3,0.028920863309352524
s052,30,7,0.3,0.024923076923076923
s052,30,8,0.3,0.028951048951048948
s052,30,9,0.3,0.02785714285714285
s052,1,0,0.4,0.022340425531914898
s052,20,0,0.4,0.02142857142857143
s052,20,1,0.4,0.026285714285714284
s052,20,2,0.4,0.022372881355932198
s052,20,3,0.4,0.024799999999999996
s052,20,4,0.4,0.023661971830985916
s052,20,5,0.4,0.025161290322580642
s052,20,6,0.4,0.023661971830985912
s052,20,7,0.4,0.023283582089552238
s052,20,8,0.4,0.02295081967213115
s052,20,9,0.4,0.02121212121212121
s052,30,0,0.4,0.026842105263157896
s052,30,1,0.4,0.032
s052,30,2,0.4,0.027058823529411764
s052,30,3,0.4,0.028354430379746838
s052,30,4,0.4,0.027868852459016394
s052,30,5,0.4,0.026666666666666665
s052,30,6,0.4,0.030810810810810815
s052,30,7,0.4,0.0325
s052,30,8,0.4,0.0323076923076923
s052,30,9,0.4,0.029247311827956993
s052,1,0,0.5,0.02
s052,20,0,0.5,0.01955555555555556
s052,20,1,0.5,0.024210526315789467
s052,20,2,0.5,0.02
s052,20,3,0.5,0.024242424242424242
s052,20,4,0.5,0.01952941176470589
s052,20,5,0.5,0.019354838709677417
s052,20,6,0.5,0.019325842696629215
s052,20,7,0.5,0.01938144329896907
s052,20,8,0.5,0.023488372093023253
s052,20,9,0.5,0.019506172839506182
s052,30,0,0.5,0.014857142857142864
s052,30,1,0.5,0.019607843137254905
s052,30,2,0.5,0.023265306122448988
s052,30,3,0.5,0.02374193548387098
s052,30,4,0.5,0.024081632653061222
s052,30,5,0.5,0.01568627450980392
s052,30,6,0.5,0.0249056603773585
s052,30,7,0.5,0.024444444444444442
s052,30,8,0.5,0.019669421487603297
s052,30,9,0.5,0.023826086956521737
s052,1,0,0.6,0.017142857142857144
s052,20,0,0.6,0.015384615384615384
s052,20,1,0.6,0.0198019801980198
s052,20,2,0.6,0.01714285714285714
s052,20,3,0.6,0.01909090909090909
s052,20,4,0.6,0.02
s052,20,5,0.6,0.01974025974025974
s052,20,6,0.6,0.015
s052,20,7,0.6,0.015
s052,20,8,0.6,0.0196923076923077
s052,20,9,0.6,0.014823529411764715
s052,30,0,0.6,0.0195
s052,30,1,0.6,0.025263157894736845
s052,30,2,0.6,0.015609756097560976
s052,30,3,0.6,0.024892086330935263
s052,30,4,0.6,0.024854368932038826
s052,30,5,0.6,0.021132075471698115
s052,30,6,0.6,0.027692307692307693
s052,30,7,0.6,0.027017543859649124
s052,30,8,0.6,0.02526315789473684
s052,30,9,0.6,0.02113207547169811
s052,1,0,0.7,0.015483870967741935
s052,20,0,0.7,0.018709677419354837
s052,20,1,0.7,0.02292682926829269
s052,20,2,0.7,0.015000000000000001
s052,20,3,0.7,0.022068965517241378
s052,20,4,0.7,0.0206896551724138
s052,20,5,0.7,0.021304347826086954
s052,20,6,0.7,0.018378378378378378
s052,20,7,0.7,0.01837837837837838
s052,20,8,0.7,0.0208
s052,20,9,0.7,0.014999999999999996
s052,30,0,0.7,0.017777777777777778
s052,30,1,0.7,0.01935483870967742
s052,30,2,0.7,0.01818181818181818
s052,30,3,0.7,0.022089552238805966
s052,30,4,0.7,0.023529411764705885
s052,30,5,0.7,0.014999999999999996
s052,30,6,0.7,0.02380952380952381
s052,30,7,0.7,0.023333333333333334
s052,30,8,0.7,0.019420289855072468
s052,30,9,0.7,0.0193103448275862
s052,1,0,0.8,0.015
s052,20,0,0.8,0.014693877551020407
s052,20,1,0.8,0.023783783783783784
s052,20,2,0.8,0.015238095238095238
s052,20,3,0.8,0.015652173913043476
s052,20,4,0.8,0.018222222222222223
s052,20,5,0.8,0.014999999999999994
s052,20,6,0.8,0.014999999999999993
s052,20,7,0.8,0.018181818181818188
s052,20,8,0.8,0.014999999999999993
s052,20,9,0.8,0.014146341463414636
s052,30,0,0.8,0.016470588235294115
s052,30,1,0.8,0.020833333333333336
s052,30,2,0.8,0.014999999999999994
s052,30,3,0.8,0.021379310344827582
s052,30,4,0.8,0.021290322580645157
s052,30,5,0.8,0.01724137931034483
s052,30,6,0.8,0.023870967741935485
s052,30,7,0.8,0.024
s052,30,8,0.8,0.020800000000000003
s052,30,9,0.8,0.018461538461538467
s052,1,0,0.9,0.015000000000000001
s052,20,0,0.9,0.013846153846153847
s052,20,1,0.9,0.024999999999999994
s052,20,2,0.9,0.019047619047619042
s052,20,3,0.9,0.02117647058823529
s052,20,4,0.9,0.01999999999999999
s052,20,5,0.9,0.014999999999999994
s052,20,6,0.9,0.015
s052,20,7,0.9,0.017599999999999994
s052,20,8,0.9,0.015000000000000006
s052,20,9,0.9,0.014482758620689665
s052,30,0,0.9,0.015483870967741935
s052,30,1,0.9,0.020000000000000004
s052,30,2,0.9,0.013939393939393929
s052,30,3,0.9,0.02
s052,30,4,0.9,0.024444444444444446
s052,30,5,0.9,0.01647058823529412
s052,30,6,0.9,0.02
s052,30,7,0.9,0.023124999999999996
s052,30,8,0.9,0.02
s052,30,9,0.9,0.01652173913043478
s052,1,0,1.0,0.01
s052,20,0,1.0,0.015
s052,20,1,1.0,0.0250000000000001
s052,20,2,1.0,0.02
s052,20,3,1.0,0.0240000000000001
s052,20,4,1.0,0.014999999999999899
s052,20,5,1.0,0.015999999999999952
s052,20,6,1.0,0.014999999999999951
s052,20,7,1.0,0.02
s052,20,8,1.0,0.01
s052,20,9,1.0,0.013333333333333315
s052,30,0,1.0,0.016
s052,30,1,1.0,0.017777777777777785
s052,30,2,1.0,0.012000000000000052
s052,30,3,1.0,0.01600000000000021
s052,30,4,1.0,0.024444444444444463
s052,30,5,1.0,0.014999999999999897
s052,30,6,1.0,0.016
s052,30,7,1.0,0.028
s052,30,8,1.0,0.024000000000000105
s052,30,9,1.0,0.015999999999999973
s053,1,0,0.0,0.06541176470588236
s053,20,0,0.0,0.07137614678899083
s053,20,1,0.0,0.0695808383233533
s053,20,2,0.0,0.07272727272727272
s053,20,3,0.0,0.06729411764705882
s053,20,4,0.0,0.07067357512953368
s053,20,5,0.0,0.06804123711340207
s053,20,6,0.0,0.07189743589743589
s053,20,7,0.0,0.07056410256410256
s053,20,8,0.0,0.0747982062780269
s053,20,9,0.0,0.06936170212765957
s053,30,0,0.0,0.0817391304347826
s053,30,1,0.0,0.0760888888888889
s053,30,2,0.0,0.07411764705882354
s053,30,3,0.0,0.07435483870967743
s053,30,4,0.0,0.08091286307053942
s053,30,5,0.0,0.06660194174757282
s053,30,6,0.0,0.0762608695652174
s053,30,7,0.0,0.0826470588235294
s053,30,8,0.0,0.07456221198156682
s053,30,9,0.0,0.07172774869109948
s053,1,0,0.1,0.05417989417989418
s053,20,0,0.1,0.06220588235294118
s053,20,1,0.1,0.05166666666666668
s053,20,2,0.1,0.06080321285140563
s053,20,3,0.1,0.056111111111111125
s053,20,4,0.1,0.06201834862385321
s053,20,5,0.1,0.05975708502024291
s053,20,6,0.1,0.05836909871244636
s053,20,7,0.1,0.06065727699530517
s053,20,8,0.1,0.0546360153256705
s053,20,9,0.1,0.06333333333333334
s053,30,0,0.1,0.06309859154929578
s053,30,1,0.1,0.04989010989010989
s053,30,2,0.1,0.06161073825503356
s053,30,3,0.1,0.059108280254777074
s053,30,4,0.1,0.07021739130434781
s053,30,5,0.1,0.0547126436781609
s053,30,6,0.1,0.06801302931596091
s053,30,7,0.1,0.05581881533101045
s053,30,8,0.1,0.06692307692307692
s053,30,9,0.1,0.06444444444444444
s053,1,0,0.2,0.048453608247422675
s053,20,0,0.2,0.03962962962962963
s053,20,1,0.2,0.04
s053,20,2,0.2,0.042388059701492536
s053,20,3,0.2,0.04736842105263158
s053,20,4,0.2,0.0425925925925926
s053,20,5,0.2,0.043119266055045874
s053,20,6,0.2,0.0416
s053,20,7,0.2,0.04930693069306931
s053,20,8,0.2,0.04941176470588235
s053,20,9,0.2,0.03468085106382979
s053,30,0,0.2,0.05147826086956522
s053,30,1,0.2,0.04774193548387097
s053,30,2,0.2,0.04733333333333334
s053,30,3,0.2,0.043119266055045874
s053,30,4,0.2,0.05533333333333334
s053,30,5,0.2,0.04819277108433735
s053,30,6,0.2,0.05600000000000001
s053,30,7,0.2,0.05491803278688525
s053,30,8,0.2,0.04470588235294118
s053,30,9,0.2,0.05333333333333334
s053,1,0,0.3,0.041584158415841586
s053,20,0,0.3,0.04540540540540541
s053,20,1,0.3,0.045714285714285714
s053,20,2,0.3,0.047927927927927924
s053,20,3,0.3,0.04579439252336449
s053,20,4,0.3,0.045454545454545456
s053,20,5,0.3,0.04307692307692308
s053,20,6,0.3,0.04542372881355932
s053,20,7,0.3,0.04521739130434783
s053,20,8,0.3,0.044778761061946906
s053,20,9,0.3,0.046599999999999996
s053,30,0,0.3,0.05738461538461538
s053,30,1,0.3,0.04356589147286822
s053,30,2,0.3,0.042222222222222223
s053,30,3,0.3,0.04869565217391304
s053,30,4,0.3,0.05333333333333334
s053,30,5,0.3,0.046666666666666676
s053,30,6,0.3,0.04689075630252101
s053,30,7,0.3,0.047706422018348627
s053,30,8,0.3,0.04666666666666666
s053,30,9,0.3,0.051111111111111114
s053,1,0,0.4,0.0388235294117647
s053,20,0,0.4,0.037037037037037035
s053,20,1,0.4,0.035238095238095235
s053,20,2,0.4,0.03609756097560976
s053,20,3,0.4,0.04214285714285715
s053,20,4,0.4,0.035522388059701496
s053,20,5,0.4,0.03872340425531915
s053,20,6,0.4,0.04219512195121951
s053,20,7,0.4,0.03942028985507246
s053,20,8,0.4,0.04
s053,20,9,0.4,0.03193548387096774
s053,30,0,0.4,0.04691588785046728
s053,30,1,0.4,0.044000000000000004
s053,30,2,0.4,0.04193548387096774
s053,30,3,0.4,0.04
s053,30,4,0.4,0.05291666666666667
s053,30,5,0.4,0.044500000000000005
s053,30,6,0.4,0.048275862068965524
s053,30,7,0.4,0.046075949367088614
s053,30,8,0.4,0.040612244897959185
s053,30,9,0.4,0.04419753086419753
s053,1,0,0.5,0.035
s053,20,0,0.5,0.036231884057971016
s053,20,1,0.5,0.03375
s053,20,2,0.5,0.03333333333333334
s053,20,3,0.5,0.039999999999999994
s053,20,4,0.5,0.035
s053,20,5,0.5,0.0359375
s053,20,6,0.5,0.03666666666666666
s053,20,7,0.5,0.04229508196721311
s053,20,8,0.5,0.03657142857142857
s053,20,9,0.5,0.03370370370370371
s053,30,0,0.5,0.04493506493506493
s053,30,1,0.5,0.03953488372093024
s053,30,2,0.5,0.034193548387096775
s053,30,3,0.5,0.03538461538461539
s053,30,4,0.5,0.05111111111111111
s053,30,5,0.5,0.03892857142857143
s053,30,6,0.5,0.04222222222222223
s053,30,7,0.5,0.04041666666666667
s053,30,8,0.5,0.038461538461538464
s053,30,9,0.5,0.039999999999999994
s053,1,0,0.6,0.028888888888888888
s053,20,0,0.6,0.03103448275862069
s053,20,1,0.6,0.036000000000000004
s053,20,2,0.6,0.03230769230769231
s053,20,3,0.6,0.039428571428571424
s053,20,4,0.6,0.03333333333333333
s053,20,5,0.6,0.028620689655172414
s053,20,6,0.6,0.02723404255319149
s053,20,7,0.6,0.030000000000000002
s053,20,8,0.6,0.03276595744680852
s053,20,9,0.6,0.030000000000000002
s053,30,0,0.6,0.03777777777777778
s053,30,1,0.6,0.03370370370370371
s053,30,2,0.6,0.03217391304347826
s053,30,3,0.6,0.0326530612244898
s053,30,4,0.6,0.04281690140845071
s053,30,5,0.6,0.03375
s053,30,6,0.6,0.03764705882352941
s053,30,7,0.6,0.04266666666666667
s053,30,8,0.6,0.0303448275862069
s053,30,9,0.6,0.03789473684210526
s053,1,0,0.7,0.024864864864864864
s053,20,0,0.7,0.02923076923076923
s053,20,1,0.7,0.029756097560975612
s053,20,2,0.7,0.028
s053,20,3,0.7,0.03333333333333333
s053,20,4,0.7,0.03517241379310345
s053,20,5,0.7,0.02827586206896552
s053,20,6,0.7,0.03
s053,20,7,0.7,0.03538461538461538
s053,20,8,0.7,0.03333333333333333
s053,20,9,0.7,0.031578947368421054
s053,30,0,0.7,0.03906976744186046
s053,30,1,0.7,0.038
s053,30,2,0.7,0.03125
s053,30,3,0.7,0.02952380952380952
s053,30,4,0.7,0.039999999999999994
s053,30,5,0.7,0.029230769230769227
s053,30,6,0.7,0.03673469387755102
s053,30,7,0.7,0.03428571428571429
s053,30,8,0.7,0.026666666666666665
s053,30,9,0.7,0.03111111111111111
s053,1,0,0.8,0.024
s053,20,0,0.8,0.028235294117647056
s053,20,1,0.8,0.029230769230769234
s053,20,2,0.8,0.02666666666666667
s053,20,3,0.8,0.03111111111111111
s053,20,4,0.8,0.03111111111111111
s053,20,5,0.8,0.02952380952380952
s053,20,6,0.8,0.03
s053,20,7,0.8,0.03538461538461539
s053,20,8,0.8,0.03212121212121212
s053,20,9,0.8,0.028571428571428574
s053,30,0,0.8,0.03266666666666668
s053,30,1,0.8,0.033913043478260865
s053,30,2,0.8,0.02947368421052631
s053,30,3,0.8,0.028888888888888888
s053,30,4,0.8,0.03818181818181818
s053,30,5,0.8,0.02521739130434783
s053,30,6,0.8,0.024999999999999998
s053,30,7,0.8,0.03473684210526316
s053,30,8,0.8,0.026666666666666672
s053,30,9,0.8,0.029565217391304344
s053,1,0,0.9,0.024444444444444442
s053,20,0,0.9,0.03
s053,20,1,0.9,0.03
s053,20,2,0.9,0.03
s053,20,3,0.9,0.029230769230769227
s053,20,4,0.9,0.028571428571428567
s053,20,5,0.9,0.03
s053,20,6,0.9,0.029999999999999992
s053,20,7,0.9,0.035
s053,20,8,0.9,0.03
s053,20,9,0.9,0.025
s053,30,0,0.9,0.035384615384615375
s053,30,1,0.9,0.036923076923076927
s053,30,2,0.9,0.028000000000000008
s053,30,3,0.9,0.028
s053,30,4,0.9,0.035454545454545454
s053,30,5,0.9,0.025000000000000005
s053,30,6,0.9,0.028235294117647053
s053,30,7,0.9,0.036
s053,30,8,0.9,0.025000000000000005
s053,30,9,0.9,0.026153846153846156
s053,1,0,1.0,0.02399999999999998
s053,20,0,1.0,0.026666666666666655
s053,20,1,1.0,0.02
s053,20,2,1.0,0.02800000000000004
s053,20,3,1.0,0.028000000000000018
s053,20,4,1.0,0.028
s053,20,5,1.0,0.02500000000000004
s053,20,6,1.0,0.024000000000000042
s053,20,7,1.0,0.03200000000000004
s053,20,8,1.0,0.028
s053,20,9,1.0,0.025
s053,30,0,1.0,0.03
s053,30,1,1.0,0.03
s053,30,2,1.0,0.025
s053,30,3,1.0,0.028
s053,30,4,1.0,0.03
s053,30,5,1.0,0.02307692307692305
s053,30,6,1.0,0.02999999999999992
s053,30,7,1.0,0.03600000000000004
s053,30,8,1.0,0.02
s053,30,9,1.0,0.02
s054,1,0,0.0,0.08533333333333333
s054,20,0,0.0,0.09333333333333334
s054,20,1,0.0,0.11394495412844037
s054,20,2,0.0,0.0885
s054,20,3,0.0,0.10493150684931507
s054,20,4,0.0,0.09835820895522387
s054,20,5,0.0,0.09742424242424243
s054,20,6,0.0,0.1073103448275862
s054,20,7,0.0,0.09739644970414202
s054,20,8,0.0,0.09333333333333335
s054,20,9,0.0,0.10222222222222221
s054,30,0,0.0,0.10923076923076923
s054,30,1,0.0,0.0986046511627907
s054,30,2,0.0,0.11232
s054,30,3,0.0,0.1257377049180328
s054,30,4,0.0,0.11691358024691359
s054,30,5,0.0,0.12222222222222223
s054,30,6,0.0,0.11153439153439153
s054,30,7,0.0,0.11243243243243242
s054,30,8,0.0,0.11886792452830189
s054,30,9,0.0,0.105
s054,1,0,0.1,0.08057142857142857
s054,20,0,0.1,0.09
s054,20,1,0.1,0.09898305084745763
s054,20,2,0.1,0.09135135135135135
s054,20,3,0.1,0.09509433962264151
s054,20,4,0.1,0.09818181818181818
s054,20,5,0.1,0.09158878504672897
s054,20,6,0.1,0.10440366972477064
s054,20,7,0.1,0.0902970297029703
s054,20,8,0.1,0.09312500000000001
s054,20,9,0.1,0.09090909090909091
s054,30,0,0.1,0.10359550561797753
s054,30,1,0.1,0.08794520547945206
s054,30,2,0.1,0.10339622641509434
s054,30,3,0.1,0.10912621359223301
s054,30,4,0.1,0.09903614457831325
s054,30,5,0.1,0.11560000000000001
s054,30,6,0.1,0.11261744966442952
s054,30,7,0.1,0.1111111111111111
s054,30,8,0.1,0.11351851851851852
s054,30,9,0.1,0.10141176470588235
s054,1,0,0.2,0.07205128205128206
s054,20,0,0.2,0.08567567567567567
s054,20,1,0.2,0.09859649122807018
s054,20,2,0.2,0.09
s054,20,3,0.2,0.09523809523809523
s054,20,4,0.2,0.09230769230769231
s054,20,5,0.2,0.08953271028037382
s054,20,6,0.2,0.09783783783783784
s054,20,7,0.2,0.08466666666666667
s054,20,8,0.2,0.08422535211267607
s054,20,9,0.2,0.09041095890410958
s054,30,0,0.2,0.09272727272727273
s054,30,1,0.2,0.08596491228070174
s054,30,2,0.2,0.1
s054,30,3,0.2,0.1088888888888889
s054,30,4,0.2,0.09915492957746479
s054,30,5,0.2,0.11066666666666666
s054,30,6,0.2,0.10120689655172413
s054,30,7,0.2,0.10040816326530612
s054,30,8,0.2,0.11088607594936709
s054,30,9,0.2,0.0969811320754717
s054,1,0,0.3,0.06888888888888889
s054,20,0,0.3,0.09076923076923077
s054,20,1,0.3,0.09552631578947368
s054,20,2,0.3,0.08
s054,20,3,0.3,0.09111111111111111
s054,20,4,0.3,0.08923076923076922
s054,20,5,0.3,0.08851063829787234
s054,20,6,0.3,0.09482352941176471
s054,20,7,0.3,0.08379310344827587
s054,20,8,0.3,0.0792156862745098
s054,20,9,0.3,0.0875
s054,30,0,0.3,0.09272727272727273
s054,30,1,0.3,0.08581818181818182
s054,30,2,0.3,0.0964179104477612
s054,30,3,0.3,0.10311688311688312
s054,30,4,0.3,0.09647058823529411
s054,30,5,0.3,0.10586666666666668
s054,30,6,0.3,0.0921311475409836
s054,30,7,0.3,0.09264367816091953
s054,30,8,0.3,0.1047191011235955
s054,30,9,0.3,0.0929032258064516
s054,1,0,0.4,0.06952380952380953
s054,20,0,0.4,0.08742857142857144
s054,20,1,0.4,0.09951219512195122
s054,20,2,0.4,0.08072727272727273
s054,20,3,0.4,0.08444444444444445
s054,20,4,0.4,0.0865
s054,20,5,0.4,0.0881967213114754
s054,20,6,0.4,0.0964179104477612
s054,20,7,0.4,0.0784313725490196
s054,20,8,0.4,0.0808695652173913
s054,20,9,0.4,0.0826470588235294
s054,30,0,0.4,0.08742857142857144
s054,30,1,0.4,0.08108108108108109
s054,30,2,0.4,0.09741935483870968
s054,30,3,0.4,0.1
s054,30,4,0.4,0.09206896551724138
s054,30,5,0.4,0.10799999999999998
s054,30,6,0.4,0.0903529411764706
s054,30,7,0.4,0.09363636363636363
s054,30,8,0.4,0.10444444444444445
s054,30,9,0.4,0.09268292682926829
s054,1,0,0.5,0.07230769230769232
s054,20,0,0.5,0.08708333333333333
s054,20,1,0.5,0.09714285714285714
s054,20,2,0.5,0.08266666666666667
s054,20,3,0.5,0.08461538461538462
s054,20,4,0.5,0.08580645161290323
s054,20,5,0.5,0.08470588235294119
s054,20,6,0.5,0.09147540983606557
s054,20,7,0.5,0.07999999999999999
s054,20,8,0.5,0.08666666666666667
s054,20,9,0.5,0.08378378378378379
s054,30,0,0.5,0.09
s054,30,1,0.5,0.0840506329113924
s054,30,2,0.5,0.095
s054,30,3,0.5,0.09728813559322033
s054,30,4,0.5,0.09333333333333332
s054,30,5,0.5,0.1082758620689655
s054,30,6,0.5,0.09
s054,30,7,0.5,0.09352941176470587
s054,30,8,0.5,0.1021276595744681
s054,30,9,0.5,0.09714285714285714
s054,1,0,0.6,0.07111111111111111
s054,20,0,0.6,0.08545454545454545
s054,20,1,0.6,0.09294117647058825
s054,20,2,0.6,0.0811764705882353
s054,20,3,0.6,0.08454545454545456
s054,20,4,0.6,0.08666666666666667
s054,20,5,0.6,0.08812500000000001
s054,20,6,0.6,0.09285714285714286
s054,20,7,0.6,0.08222222222222222
s054,20,8,0.6,0.08307692307692308
s054,20,9,0.6,0.08097560975609756
s054,30,0,0.6,0.08838709677419354
s054,30,1,0.6,0.0831578947368421
s054,30,2,0.6,0.09348837209302324
s054,30,3,0.6,0.08888888888888888
s054,30,4,0.6,0.09285714285714286
s054,30,5,0.6,0.0975
s054,30,6,0.6,0.09483870967741936
s054,30,7,0.6,0.09696969696969697
s054,30,8,0.6,0.09777777777777777
s054,30,9,0.6,0.09578947368421054
s054,1,0,0.7,0.07230769230769231
s054,20,0,0.7,0.08444444444444443
s054,20,1,0.7,0.09111111111111111
s054,20,2,0.7,0.08476190476190477
s054,20,3,0.7,0.088
s054,20,4,0.7,0.08608695652173914
s054,20,5,0.7,0.08787878787878789
s054,20,6,0.7,0.09379310344827586
s054,20,7,0.7,0.08571428571428572
s054,20,8,0.7,0.08
s054,20,9,0.7,0.08292682926829267
s054,30,0,0.7,0.08714285714285715
s054,30,1,0.7,0.08714285714285713
s054,30,2,0.7,0.09191489361702126
s054,30,3,0.7,0.09351351351351353
s054,30,4,0.7,0.09130434782608696
s054,30,5,0.7,0.09448275862068967
s054,30,6,0.7,0.09230769230769231
s054,30,7,0.7,0.09375
s054,30,8,0.7,0.10108108108108108
s054,30,9,0.7,0.0968421052631579
s054,1,0,0.8,0.07142857142857144
s054,20,0,0.8,0.08454545454545456
s054,20,1,0.8,0.09384615384615384
s054,20,2,0.8,0.08615384615384616
s054,20,3,0.8,0.08666666666666667
s054,20,4,0.8,0.08476190476190476
s054,20,5,0.8,0.0935483870967742
s054,20,6,0.8,0.09578947368421054
s054,20,7,0.8,0.09
s054,20,8,0.8,0.08000000000000002
s054,20,9,0.8,0.08272727272727273
s054,30,0,0.8,0.0876923076923077
s054,30,1,0.8,0.09111111111111111
s054,30,2,0.8,0.08923076923076922
s054,30,3,0.8,0.09263157894736841
s054,30,4,0.8,0.09
s054,30,5,0.8,0.09333333333333334
s054,30,6,0.8,0.09428571428571428
s054,30,7,0.8,0.09428571428571428
s054,30,8,0.8,0.09916666666666668
s054,30,9,0.8,0.09333333333333332
s054,1,0,0.9,0.06999999999999999
s054,20,0,0.9,0.09200000000000003
s054,20,1,0.9,0.09333333333333334
s054,20,2,0.9,0.09
s054,20,3,0.9,0.09200000000000003
s054,20,4,0.9,0.09176470588235294
s054,20,5,0.9,0.09692307692307692
s054,20,6,0.9,0.09777777777777778
s054,20,7,0.9,0.09263157894736843
s054,20,8,0.9,0.08
s054,20,9,0.9,0.085
s054,30,0,0.9,0.088
s054,30,1,0.9,0.08888888888888888
s054,30,2,0.9,0.09473684210526315
s054,30,3,0.9,0.09684210526315787
s054,30,4,0.9,0.0876923076923077
s054,30,5,0.9,0.09157894736842104
s054,30,6,0.9,0.1
s054,30,7,0.9,0.10222222222222221
s054,30,8,0.9,0.10666666666666666
s054,30,9,0.9,0.095
s054,1,0,1.0,0.07600000000000003
s054,20,0,1.0,0.092
s054,20,1,1.0,0.09
s054,20,2,1.0,0.09
s054,20,3,1.0,0.09199999999999997
s054,20,4,1.0,0.09
s054,20,5,1.0,0.09500000000000006
s054,20,6,1.0,0.1
s054,20,7,1.0,0.09499999999999995
s054,20,8,1.0,0.08222222222222222
s054,20,9,1.0,0.084
s054,30,0,1.0,0.09
s054,30,1,1.0,0.0926315789473684
s054,30,2,1.0,0.1
s054,30,3,1.0,0.1
s054,30,4,1.0,0.09
s054,30,5,1.0,0.09
s054,30,6,1.0,0.1
s054,30,7,1.0,0.10222222222222223
s054,30,8,1.0,0.10428571428571434
s054,30,9,1.0,0.1
s055,1,0,0.0,0.03257142857142857
s055,20,0,0.0,0.03290322580645161
s055,20,1,0.0,0.034166666666666665
s055,20,2,0.0,0.03096774193548387
s055,20,3,0.0,0.03066666666666667
s055,20,4,0.0,0.033
s055,20,5,0.0,0.03111111111111111
s055,20,6,0.0,0.03076923076923077
s055,20,7,0.0,0.030857142857142854
s055,20,8,0.0,0.029655172413793104
s055,20,9,0.0,0.0296
s055,30,0,0.0,0.0312
s055,30,1,0.0,0.02984615384615385
s055,30,2,0.0,0.029454545454545455
s055,30,3,0.0,0.02918918918918919
s055,30,4,0.0,0.029411764705882353
s055,30,5,0.0,0.03741935483870967
s055,30,6,0.0,0.029599999999999994
s055,30,7,0.0,0.028888888888888888
s055,30,8,0.0,0.03551020408163265
s055,30,9,0.0,0.031475409836065574
s055,1,0,0.1,0.027906976744186046
s055,20,0,0.1,0.0296551724137931
s055,20,1,0.1,0.033846153846153845
s055,20,2,0.1,0.030212765957446812
s055,20,3,0.1,0.03173913043478261
s055,20,4,0.1,0.028421052631578948
s055,20,5,0.1,0.031249999999999997
s055,20,6,0.1,0.027906976744186046
s055,20,7,0.1,0.029696969696969697
s055,20,8,0.1,0.028108108108108106
s055,20,9,0.1,0.026956521739130435
s055,30,0,0.1,0.027999999999999997
s055,30,1,0.1,0.029230769230769234
s055,30,2,0.1,0.03116279069767442
s055,30,3,0.1,0.03
s055,30,4,0.1,0.030588235294117652
s055,30,5,0.1,0.03428571428571429
s055,30,6,0.1,0.02761904761904762
s055,30,7,0.1,0.028292682926829266
s055,30,8,0.1,0.03485714285714286
s055,30,9,0.1,0.03692307692307692
s055,1,0,0.2,0.030000000000000002
s055,20,0,0.2,0.028181818181818183
s055,20,1,0.2,0.03142857142857143
s055,20,2,0.2,0.026363636363636367
s055,20,3,0.2,0.030476190476190476
s055,20,4,0.2,0.028666666666666667
s055,20,5,0.2,0.0305
s055,20,6,0.2,0.026451612903225806
s055,20,7,0.2,0.030476190476190476
s055,20,8,0.2,0.029333333333333333
s055,20,9,0.2,0.0264
s055,30,0,0.2,0.030769230769230767
s055,30,1,0.2,0.026666666666666665
s055,30,2,0.2,0.03135135135135135
s055,30,3,0.2,0.02947368421052632
s055,30,4,0.2,0.03121951219512195
s055,30,5,0.2,0.02953846153846154
s055,30,6,0.2,0.0285
s055,30,7,0.2,0.029454545454545455
s055,30,8,0.2,0.03176470588235294
s055,30,9,0.2,0.03096774193548387
s055,1,0,0.3,0.027
s055,20,0,0.3,0.02923076923076923
s055,20,1,0.3,0.030769230769230767
s055,20,2,0.3,0.026666666666666665
s055,20,3,0.3,0.02769230769230769
s055,20,4,0.3,0.028
s055,20,5,0.3,0.02666666666666667
s055,20,6,0.3,0.03111111111111111
s055,20,7,0.3,0.028695652173913046
s055,20,8,0.3,0.026666666666666665
s055,20,9,0.3,0.0232
s055,30,0,0.3,0.027200000000000002
s055,30,1,0.3,0.023684210526315794
s055,30,2,0.3,0.02888888888888889
s055,30,3,0.3,0.025333333333333333
s055,30,4,0.3,0.025333333333333333
s055,30,5,0.3,0.032
s055,30,6,0.3,0.024615384615384615
s055,30,7,0.3,0.02666666666666667
s055,30,8,0.3,0.02857142857142857
s055,30,9,0.3,0.029411764705882353
s055,1,0,0.4,0.024571428571428574
s055,20,0,0.4,0.026363636363636367
s055,20,1,0.4,0.02769230769230769
s055,20,2,0.4,0.02434782608695652
s055,20,3,0.4,0.027272727272727275
s055,20,4,0.4,0.02457142857142857
s055,20,5,0.4,0.026666666666666665
s055,20,6,0.4,0.026451612903225806
s055,20,7,0.4,0.03066666666666667
s055,20,8,0.4,0.02375
s055,20,9,0.4,0.024615384615384615
s055,30,0,0.4,0.0232258064516129
s055,30,1,0.4,0.020869565217391306
s055,30,2,0.4,0.02709677419354839
s055,30,3,0.4,0.026153846153846153
s055,30,4,0.4,0.026666666666666665
s055,30,5,0.4,0.030476190476190476
s055,30,6,0.4,0.023809523809523808
s055,30,7,0.4,0.02511627906976744
s055,30,8,0.4,0.02769230769230769
s055,30,9,0.4,0.02875
s055,1,0,0.5,0.024210526315789474
s055,20,0,0.5,0.026363636363636367
s055,20,1,0.5,0.026285714285714287
s055,20,2,0.5,0.01870967741935484
s055,20,3,0.5,0.025714285714285717
s055,20,4,0.5,0.022580645161290325
s055,20,5,0.5,0.026451612903225806
s055,20,6,0.5,0.023076923076923078
s055,20,7,0.5,0.030588235294117645
s055,20,8,0.5,0.018947368421052633
s055,20,9,0.5,0.018709677419354837
s055,30,0,0.5,0.020869565217391306
s055,30,1,0.5,0.02
s055,30,2,0.5,0.024444444444444446
s055,30,3,0.5,0.024615384615384615
s055,30,4,0.5,0.02
s055,30,5,0.5,0.030399999999999996
s055,30,6,0.5,0.02153846153846154
s055,30,7,0.5,0.0232258064516129
s055,30,8,0.5,0.024705882352941175
s055,30,9,0.5,0.028333333333333335
s055,1,0,0.6,0.01909090909090909
s055,20,0,0.6,0.023636363636363636
s055,20,1,0.6,0.02375
s055,20,2,0.6,0.015789473684210527
s055,20,3,0.6,0.020606060606060607
s055,20,4,0.6,0.02
s055,20,5,0.6,0.01870967741935484
s055,20,6,0.6,0.022222222222222223
s055,20,7,0.6,0.02580645161290323
s055,20,8,0.6,0.021052631578947368
s055,20,9,0.6,0.017272727272727273
s055,30,0,0.6,0.01846153846153846
s055,30,1,0.6,0.014999999999999998
s055,30,2,0.6,0.020869565217391306
s055,30,3,0.6,0.02
s055,30,4,0.6,0.018095238095238095
s055,30,5,0.6,0.026666666666666665
s055,30,6,0.6,0.02
s055,30,7,0.6,0.015714285714285712
s055,30,8,0.6,0.024444444444444446
s055,30,9,0.6,0.02090909090909091
s055,1,0,0.7,0.01565217391304348
s055,20,0,0.7,0.019999999999999997
s055,20,1,0.7,0.018536585365853658
s055,20,2,0.7,0.014736842105263156
s055,20,3,0.7,0.018571428571428572
s055,20,4,0.7,0.016923076923076923
s055,20,5,0.7,0.015833333333333335
s055,20,6,0.7,0.02
s055,20,7,0.7,0.02
s055,20,8,0.7,0.02
s055,20,9,0.7,0.012941176470588234
s055,30,0,0.7,0.016
s055,30,1,0.7,0.015
s055,30,2,0.7,0.018461538461538463
s055,30,3,0.7,0.02
s055,30,4,0.7,0.015714285714285712
s055,30,5,0.7,0.0232258064516129
s055,30,6,0.7,0.017777777777777778
s055,30,7,0.7,0.014285714285714284
s055,30,8,0.7,0.024
s055,30,9,0.7,0.018571428571428572
s055,1,0,0.8,0.015384615384615384
s055,20,0,0.8,0.017777777777777778
s055,20,1,0.8,0.015555555555555555
s055,20,2,0.8,0.011999999999999999
s055,20,3,0.8,0.015555555555555555
s055,20,4,0.8,0.015555555555555555
s055,20,5,0.8,0.015714285714285715
s055,20,6,0.8,0.02
s055,20,7,0.8,0.02222222222222222
s055,20,8,0.8,0.016923076923076923
s055,20,9,0.8,0.01
s055,30,0,0.8,0.016
s055,30,1,0.8,0.01428571428571428
s055,30,2,0.8,0.016
s055,30,3,0.8,0.017777777777777778
s055,30,4,0.8,0.015555555555555555
s055,30,5,0.8,0.018260869565217393
s055,30,6,0.8,0.015714285714285712
s055,30,7,0.8,0.012307692307692308
s055,30,8,0.8,0.01777777777777778
s055,30,9,0.8,0.01578947368421053
s055,1,0,0.9,0.015555555555555555
s055,20,0,0.9,0.016000000000000004
s055,20,1,0.9,0.015384615384615382
s055,20,2,0.9,0.012000000000000002
s055,20,3,0.9,0.015555555555555555
s055,20,4,0.9,0.012000000000000004
s055,20,5,0.9,0.013684210526315799
s055,20,6,0.9,0.02
s055,20,7,0.9,0.02
s055,20,8,0.9,0.015000000000000003
s055,20,9,0.9,0.009999999999999995
s055,30,0,0.9,0.016
s055,30,1,0.9,0.01111111111111111
s055,30,2,0.9,0.015999999999999993
s055,30,3,0.9,0.016
s055,30,4,0.9,0.016
s055,30,5,0.9,0.014999999999999998
s055,30,6,0.9,0.015000000000000003
s055,30,7,0.9,0.01
s055,30,8,0.9,0.014999999999999994
s055,30,9,0.9,0.013333333333333332
s055,1,0,1.0,0.010000000000000096
s055,20,0,1.0,0.015999999999999952
s055,20,1,1.0,0.011999999999999901
s055,20,2,1.0,0.010000000000000097
s055,20,3,1.0,0.012
s055,20,4,1.0,0.009999999999999903
s055,20,5,1.0,0.011999999999999952
s055,20,6,1.0,0.014999999999999951
s055,20,7,1.0,0.015999999999999903
s055,20,8,1.0,0.01
s055,20,9,1.0,0.007999999999999952
s055,30,0,1.0,0.016000000000000097
s055,30,1,1.0,0.00400000000000005
s055,30,2,1.0,0.012000000000000049
s055,30,3,1.0,0.016
s055,30,4,1.0,0.016
s055,30,5,1.0,0.011999999999999952
s055,30,6,1.0,0.01200000000000005
s055,30,7,1.0,0.008000000000000049
s055,30,8,1.0,0.01200000000000005
s055,30,9,1.0,0.008
s056,1,0,0.0,0.11167883211678832
s056,20,0,0.0,0.11266187050359713
s056,20,1,0.0,0.1046
s056,20,2,0.0,0.10626506024096385
s056,20,3,0.0,0.1104109589041096
s056,20,4,0.0,0.11572815533980582
s056,20,5,0.0,0.10523076923076924
s056,20,6,0.0,0.11083870967741935
s056,20,7,0.0,0.1193142857142857
s056,20,8,0.0,0.10506329113924051
s056,20,9,0.0,0.10986301369863014
s056,30,0,0.0,0.1123489932885906
s056,30,1,0.0,0.114375
s056,30,2,0.0,0.12258064516129033
s056,30,3,0.0,0.10887218045112781
s056,30,4,0.0,0.10436781609195403
s056,30,5,0.0,0.12032520325203253
s056,30,6,0.0,0.10923076923076924
s056,30,7,0.0,0.11076923076923076
s056,30,8,0.0,0.11798165137614679
s056,30,9,0.0,0.1086
s056,1,0,0.1,0.0911578947368421
s056,20,0,0.1,0.1068
s056,20,1,0.1,0.10222222222222223
s056,20,2,0.1,0.10326530612244897
s056,20,3,0.1,0.09811320754716982
s056,20,4,0.1,0.10671532846715329
s056,20,5,0.1,0.1011764705882353
s056,20,6,0.1,0.10491525423728815
s056,20,7,0.1,0.10403361344537815
s056,20,8,0.1,0.09937499999999999
s056,20,9,0.1,0.10120300751879699
s056,30,0,0.1,0.09612903225806452
s056,30,1,0.1,0.10090909090909092
s056,30,2,0.1,0.10454545454545455
s056,30,3,0.1,0.097
s056,30,4,0.1,0.09445378151260506
s056,30,5,0.1,0.10153846153846154
s056,30,6,0.1,0.10214285714285715
s056,30,7,0.1,0.1004494382022472
s056,30,8,0.1,0.10774193548387097
s056,30,9,0.1,0.10220183486238532
s056,1,0,0.2,0.08469135802469135
s056,20,0,0.2,0.09736842105263158
s056,20,1,0.2,0.09779816513761469
s056,20,2,0.2,0.0970212765957447
s056,20,3,0.2,0.08702702702702703
s056,20,4,0.2,0.09584905660377357
s056,20,5,0.2,0.09470588235294118
s056,20,6,0.2,0.09473684210526315
s056,20,7,0.2,0.0975257731958763
s056,20,8,0.2,0.09043478260869564
s056,20,9,0.2,0.08813559322033898
s056,30,0,0.2,0.08901408450704225
s056,30,1,0.2,0.09545454545454546
s056,30,2,0.2,0.09611940298507463
s056,30,3,0.2,0.09033707865168539
s056,30,4,0.2,0.09272727272727274
s056,30,5,0.2,0.09378378378378378
s056,30,6,0.2,0.09692307692307692
s056,30,7,0.2,0.09428571428571428
s056,30,8,0.2,0.10606741573033708
s056,30,9,0.2,0.09690476190476191
s056,1,0,0.3,0.08057142857142857
s056,20,0,0.3,0.09352112676056337
s056,20,1,0.3,0.09510204081632653
s056,20,2,0.3,0.0908235294117647
s056,20,3,0.3,0.07823529411764707
s056,20,4,0.3,0.08584269662921348
s056,20,5,0.3,0.09025641025641026
s056,20,6,0.3,0.08656716417910448
s056,20,7,0.3,0.08705882352941177
s056,20,8,0.3,0.08268041237113403
s056,20,9,0.3,0.07572815533980583
s056,30,0,0.3,0.08
s056,30,1,0.3,0.08970588235294118
s056,30,2,0.3,0.09235294117647058
s056,30,3,0.3,0.08412371134020619
s056,30,4,0.3,0.08689655172413793
s056,30,5,0.3,0.09280898876404495
s056,30,6,0.3,0.0897560975609756
s056,30,7,0.3,0.0910810810810811
s056,30,8,0.3,0.09837837837837837
s056,30,9,0.3,0.0867605633802817
s056,1,0,0.4,0.076
s056,20,0,0.4,0.09285714285714286
s056,20,1,0.4,0.0791304347826087
s056,20,2,0.4,0.08534883720930234
s056,20,3,0.4,0.0795744680851064
s056,20,4,0.4,0.08164383561643836
s056,20,5,0.4,0.08666666666666667
s056,20,6,0.4,0.08392857142857144
s056,20,7,0.4,0.08888888888888888
s056,20,8,0.4,0.07857142857142857
s056,20,9,0.4,0.06999999999999999
s056,30,0,0.4,0.08058823529411765
s056,30,1,0.4,0.08636363636363636
s056,30,2,0.4,0.08835443037974683
s056,30,3,0.4,0.08105263157894738
s056,30,4,0.4,0.08580645161290323
s056,30,5,0.4,0.08716981132075471
s056,30,6,0.4,0.08928571428571429
s056,30,7,0.4,0.08767123287671233
s056,30,8,0.4,0.09918367346938775
s056,30,9,0.4,0.08489795918367346
s056,1,0,0.5,0.07176470588235295
s056,20,0,0.5,0.08368421052631579
s056,20,1,0.5,0.07692307692307693
s056,20,2,0.5,0.075625
s056,20,3,0.5,0.07647058823529412
s056,20,4,0.5,0.07636363636363636
s056,20,5,0.5,0.08237288135593221
s056,20,6,0.5,0.07777777777777778
s056,20,7,0.5,0.0791304347826087
s056,20,8,0.5,0.07527272727272727
s056,20,9,0.5,0.06947368421052633
s056,30,0,0.5,0.07146666666666666
s056,30,1,0.5,0.08260869565217392
s056,30,2,0.5,0.08864864864864865
s056,30,3,0.5,0.08140350877192984
s056,30,4,0.5,0.08157894736842106
s056,30,5,0.5,0.08530612244897959
s056,30,6,0.5,0.08666666666666667
s056,30,7,0.5,0.08191780821917807
s056,30,8,0.5,0.09704918032786886
s056,30,9,0.5,0.08037735849056604
s056,1,0,0.6,0.06930232558139536
s056,20,0,0.6,0.08035087719298245
s056,20,1,0.6,0.08040816326530613
s056,20,2,0.6,0.07098039215686275
s056,20,3,0.6,0.07333333333333333
s056,20,4,0.6,0.07555555555555556
s056,20,5,0.6,0.07777777777777778
s056,20,6,0.6,0.07727272727272727
s056,20,7,0.6,0.07777777777777778
s056,20,8,0.6,0.07565217391304348
s056,20,9,0.6,0.07
s056,30,0,0.6,0.07285714285714286
s056,30,1,0.6,0.08
s056,30,2,0.6,0.08222222222222222
s056,30,3,0.6,0.07365853658536586
s056,30,4,0.6,0.07500000000000001
s056,30,5,0.6,0.0804
s056,30,6,0.6,0.0811764705882353
s056,30,7,0.6,0.07906976744186046
s056,30,8,0.6,0.09666666666666668
s056,30,9,0.6,0.078125
s056,1,0,0.7,0.06720000000000001
s056,20,0,0.7,0.07964912280701754
s056,20,1,0.7,0.07918367346938776
s056,20,2,0.7,0.06648648648648647
s056,20,3,0.7,0.07500000000000001
s056,20,4,0.7,0.07
s056,20,5,0.7,0.07777777777777778
s056,20,6,0.7,0.074
s056,20,7,0.7,0.07375000000000001
s056,20,8,0.7,0.07545454545454544
s056,20,9,0.7,0.06615384615384616
s056,30,0,0.7,0.07290322580645162
s056,30,1,0.7,0.08299999999999999
s056,30,2,0.7,0.07846153846153846
s056,30,3,0.7,0.07419354838709677
s056,30,4,0.7,0.07500000000000001
s056,30,5,0.7,0.07935483870967741
s056,30,6,0.7,0.07878787878787878
s056,30,7,0.7,0.08
s056,30,8,0.7,0.09384615384615386
s056,30,9,0.7,0.07555555555555556
s056,1,0,0.8,0.06352941176470588
s056,20,0,0.8,0.08
s056,20,1,0.8,0.076
s056,20,2,0.8,0.06666666666666667
s056,20,3,0.8,0.08
s056,20,4,0.8,0.064
s056,20,5,0.8,0.07565217391304348
s056,20,6,0.8,0.0723076923076923
s056,20,7,0.8,0.07142857142857142
s056,20,8,0.8,0.07294117647058823
s056,20,9,0.8,0.0648
s056,30,0,0.8,0.07
s056,30,1,0.8,0.08363636363636363
s056,30,2,0.8,0.07777777777777778
s056,30,3,0.8,0.07272727272727272
s056,30,4,0.8,0.07500000000000001
s056,30,5,0.8,0.07647058823529412
s056,30,6,0.8,0.07846153846153847
s056,30,7,0.8,0.07999999999999999
s056,30,8,0.8,0.09272727272727273
s056,30,9,0.8,0.07499999999999998
s056,1,0,0.9,0.06461538461538462
s056,20,0,0.9,0.08095238095238094
s056,20,1,0.9,0.07857142857142857
s056,20,2,0.9,0.06705882352941177
s056,20,3,0.9,0.07846153846153846
s056,20,4,0.9,0.065
s056,20,5,0.9,0.07777777777777778
s056,20,6,0.9,0.07
s056,20,7,0.9,0.07777777777777778
s056,20,8,0.9,0.07333333333333333
s056,20,9,0.9,0.06666666666666667
s056,30,0,0.9,0.07555555555555554
s056,30,1,0.9,0.08769230769230768
s056,30,2,0.9,0.08
s056,30,3,0.9,0.07
s056,30,4,0.9,0.0764705882352941
s056,30,5,0.9,0.07499999999999998
s056,30,6,0.9,0.07789473684210528
s056,30,7,0.9,0.0823529411764706
s056,30,8,0.9,0.09
s056,30,9,0.9,0.07181818181818181
s056,1,0,1.0,0.065
s056,20,0,1.0,0.08400000000000002
s056,20,1,1.0,0.08
s056,20,2,1.0,0.06400000000000006
s056,20,3,1.0,0.08
s056,20,4,1.0,0.06499999999999995
s056,20,5,1.0,0.08399999999999996
s056,20,6,1.0,0.06799999999999998
s056,20,7,1.0,0.08
s056,20,8,1.0,0.07333333333333333
s056,20,9,1.0,0.07000000000000009
s056,30,0,1.0,0.08
s056,30,1,1.0,0.08400000000000005
s056,30,2,1.0,0.08
s056,30,3,1.0,0.07076923076923075
s056,30,4,1.0,0.07
s056,30,5,1.0,0.07199999999999998
s056,30,6,1.0,0.07599999999999998
s056,30,7,1.0,0.08799999999999997
s056,30,8,1.0,0.09
s056,30,9,1.0,0.076
s057,1,0,0.0,0.11777777777777779
s057,20,0,0.0,0.11485714285714285
s057,20,1,0.0,0.12129032258064516
s057,20,2,0.0,0.11473684210526316
s057,20,3,0.0,0.10391304347826086
s057,20,4,0.0,0.12072727272727274
s057,20,5,0.0,0.11802197802197803
s057,20,6,0.0,0.11576923076923078
s057,20,7,0.0,0.12410714285714286
s057,20,8,0.0,0.12666666666666665
s057,20,9,0.0,0.11955555555555555
s057,30,0,0.0,0.13559055118110236
s057,30,1,0.0,0.13561290322580646
s057,30,2,0.0,0.11862068965517242
s057,30,3,0.0,0.12895238095238096
s057,30,4,0.0,0.13317073170731708
s057,30,5,0.0,0.12857142857142856
s057,30,6,0.0,0.13181102362204725
s057,30,7,0.0,0.11846153846153845
s057,30,8,0.0,0.12554216867469878
s057,30,9,0.0,0.1319718309859155
s057,1,0,0.1,0.10666666666666666
s057,20,0,0.1,0.11615384615384616
s057,20,1,0.1,0.11509433962264151
s057,20,2,0.1,0.11372549019607843
s057,20,3,0.1,0.09473684210526317
s057,20,4,0.1,0.12
s057,20,5,0.1,0.11865853658536585
s057,20,6,0.1,0.12146341463414634
s057,20,7,0.1,0.11818181818181818
s057,20,8,0.1,0.12491803278688525
s057,20,9,0.1,0.11813333333333334
s057,30,0,0.1,0.13130434782608696
s057,30,1,0.1,0.13345454545454544
s057,30,2,0.1,0.1142857142857143
s057,30,3,0.1,0.11951219512195121
s057,30,4,0.1,0.12536082474226806
s057,30,5,0.1,0.1217391304347826
s057,30,6,0.1,0.12705882352941178
s057,30,7,0.1,0.11463414634146342
s057,30,8,0.1,0.12263157894736842
s057,30,9,0.1,0.129
s057,1,0,0.2,0.10521739130434783
s057,20,0,0.2,0.11544554455445544
s057,20,1,0.2,0.11225806451612902
s057,20,2,0.2,0.11224489795918367
s057,20,3,0.2,0.0939240506329114
s057,20,4,0.2,0.12
s057,20,5,0.2,0.1175221238938053
s057,20,6,0.2,0.1166153846153846
s057,20,7,0.2,0.11058823529411764
s057,20,8,0.2,0.11525179856115109
s057,20,9,0.2,0.11322033898305084
s057,30,0,0.2,0.12903225806451613
s057,30,1,0.2,0.13217391304347828
s057,30,2,0.2,0.11142857142857143
s057,30,3,0.2,0.11636363636363636
s057,30,4,0.2,0.12131147540983606
s057,30,5,0.2,0.11777777777777777
s057,30,6,0.2,0.12727272727272726
s057,30,7,0.2,0.10905263157894737
s057,30,8,0.2,0.11638297872340425
s057,30,9,0.2,0.12486486486486487
s057,1,0,0.3,0.10957446808510639
s057,20,0,0.3,0.11915492957746479
s057,20,1,0.3,0.10943396226415095
s057,20,2,0.3,0.1111111111111111
s057,20,3,0.3,0.09571428571428572
s057,20,4,0.3,0.11545454545454545
s057,20,5,0.3,0.11599999999999999
s057,20,6,0.3,0.11333333333333334
s057,20,7,0.3,0.11272727272727273
s057,20,8,0.3,0.1225
s057,20,9,0.3,0.11414634146341464
s057,30,0,0.3,0.13194805194805193
s057,30,1,0.3,0.13111111111111112
s057,30,2,0.3,0.11142857142857143
s057,30,3,0.3,0.11128205128205129
s057,30,4,0.3,0.11764705882352942
s057,30,5,0.3,0.11964912280701755
s057,30,6,0.3,0.12542056074766356
s057,30,7,0.3,0.1078688524590164
s057,30,8,0.3,0.11565217391304347
s057,30,9,0.3,0.12486486486486487
s057,1,0,0.4,0.10847457627118645
s057,20,0,0.4,0.1175
s057,20,1,0.4,0.11134615384615384
s057,20,2,0.4,0.11115789473684212
s057,20,3,0.4,0.10164383561643836
s057,20,4,0.4,0.11247058823529413
s057,20,5,0.4,0.11417721518987342
s057,20,6,0.4,0.116875
s057,20,7,0.4,0.1076923076923077
s057,20,8,0.4,0.1184
s057,20,9,0.4,0.113125
s057,30,0,0.4,0.13418181818181818
s057,30,1,0.4,0.1335135135135135
s057,30,2,0.4,0.10893617021276597
s057,30,3,0.4,0.11139534883720931
s057,30,4,0.4,0.12
s057,30,5,0.4,0.11345454545454545
s057,30,6,0.4,0.12487179487179487
s057,30,7,0.4,0.10730158730158729
s057,30,8,0.4,0.11800000000000001
s057,30,9,0.4,0.12127659574468085
s057,1,0,0.5,0.10695652173913042
s057,20,0,0.5,0.12428571428571428
s057,20,1,0.5,0.11000000000000001
s057,20,2,0.5,0.10705882352941176
s057,20,3,0.5,0.09580645161290324
s057,20,4,0.5,0.11147540983606558
s057,20,5,0.5,0.117
s057,20,6,0.5,0.11571428571428571
s057,20,7,0.5,0.10566037735849057
s057,20,8,0.5,0.1234782608695652
s057,20,9,0.5,0.1109090909090909
s057,30,0,0.5,0.13846153846153847
s057,30,1,0.5,0.12857142857142856
s057,30,2,0.5,0.1135483870967742
s057,30,3,0.5,0.11411764705882353
s057,30,4,0.5,0.11493975903614456
s057,30,5,0.5,0.11428571428571428
s057,30,6,0.5,0.12181818181818183
s057,30,7,0.5,0.10695652173913044
s057,30,8,0.5,0.12337349397590361
s057,30,9,0.5,0.12
s057,1,0,0.6,0.10125
s057,20,0,0.6,0.11475409836065574
s057,20,1,0.6,0.10439024390243902
s057,20,2,0.6,0.10470588235294118
s057,20,3,0.6,0.1024390243902439
s057,20,4,0.6,0.1111111111111111
s057,20,5,0.6,0.11317073170731708
s057,20,6,0.6,0.11153846153846153
s057,20,7,0.6,0.10684210526315789
s057,20,8,0.6,0.12363636363636364
s057,20,9,0.6,0.10425531914893618
s057,30,0,0.6,0.13294117647058823
s057,30,1,0.6,0.12482758620689655
s057,30,2,0.6,0.11488372093023255
s057,30,3,0.6,0.11387755102040817
s057,30,4,0.6,0.1134020618556701
s057,30,5,0.6,0.12
s057,30,6,0.6,0.13020408163265307
s057,30,7,0.6,0.105
s057,30,8,0.6,0.12388059701492538
s057,30,9,0.6,0.12086956521739131
s057,1,0,0.7,0.10232558139534884
s057,20,0,0.7,0.11371428571428571
s057,20,1,0.7,0.10999999999999999
s057,20,2,0.7,0.10571428571428572
s057,20,3,0.7,0.10105263157894737
s057,20,4,0.7,0.1094736842105263
s057,20,5,0.7,0.11729729729729729
s057,20,6,0.7,0.112
s057,20,7,0.7,0.10222222222222221
s057,20,8,0.7,0.124
s057,20,9,0.7,0.10258064516129031
s057,30,0,0.7,0.13
s057,30,1,0.7,0.12526315789473685
s057,30,2,0.7,0.11699999999999999
s057,30,3,0.7,0.11828571428571429
s057,30,4,0.7,0.10758620689655174
s057,30,5,0.7,0.11636363636363636
s057,30,6,0.7,0.13
s057,30,7,0.7,0.10444444444444445
s057,30,8,0.7,0.12827586206896552
s057,30,9,0.7,0.12222222222222223
s057,1,0,0.8,0.10260869565217393
s057,20,0,0.8,0.11466666666666667
s057,20,1,0.8,0.10875000000000001
s057,20,2,0.8,0.10315789473684212
s057,20,3,0.8,0.10222222222222221
s057,20,4,0.8,0.10666666666666667
s057,20,5,0.8,0.11565217391304347
s057,20,6,0.8,0.10285714285714286
s057,20,7,0.8,0.0991304347826087
s057,20,8,0.8,0.124
s057,20,9,0.8,0.10588235294117647
s057,30,0,0.8,0.12720000000000004
s057,30,1,0.8,0.1268085106382979
s057,30,2,0.8,0.11555555555555555
s057,30,3,0.8,0.12153846153846154
s057,30,4,0.8,0.10666666666666666
s057,30,5,0.8,0.11793103448275861
s057,30,6,0.8,0.12705882352941178
s057,30,7,0.8,0.10142857142857142
s057,30,8,0.8,0.12210526315789473
s057,30,9,0.8,0.12
s057,1,0,0.9,0.10529411764705882
s057,20,0,0.9,0.11599999999999999
s057,20,1,0.9,0.10999999999999999
s057,20,2,0.9,0.10444444444444445
s057,20,3,0.9,0.1
s057,20,4,0.9,0.10800000000000003
s057,20,5,0.9,0.11739130434782609
s057,20,6,0.9,0.10142857142857142
s057,20,7,0.9,0.09999999999999998
s057,20,8,0.9,0.12
s057,20,9,0.9,0.10399999999999998
s057,30,0,0.9,0.12
s057,30,1,0.9,0.12608695652173912
s057,30,2,0.9,0.11600000000000002
s057,30,3,0.9,0.12444444444444444
s057,30,4,0.9,0.1111111111111111
s057,30,5,0.9,0.11304347826086958
s057,30,6,0.9,0.13
s057,30,7,0.9,0.10400000000000001
s057,30,8,0.9,0.12399999999999997
s057,30,9,0.9,0.11599999999999999
s057,1,0,1.0,0.10400000000000001
s057,20,0,1.0,0.12
s057,20,1,1.0,0.11111111111111113
s057,20,2,1.0,0.10799999999999998
s057,20,3,1.0,0.1080000000000001
s057,20,4,1.0,0.108
s057,20,5,1.0,0.11599999999999999
s057,20,6,1.0,0.1
s057,20,7,1.0,0.10400000000000001
s057,20,8,1.0,0.12
s057,20,9,1.0,0.1
s057,30,0,1.0,0.12
s057,30,1,1.0,0.12210526315789484
s057,30,2,1.0,0.12
s057,30,3,1.0,0.124
s057,30,4,1.0,0.11199999999999996
s057,30,5,1.0,0.12
s057,30,6,1.0,0.12399999999999997
s057,30,7,1.0,0.09599999999999996
s057,30,8,1.0,0.12499999999999994
s057,30,9,1.0,0.12
